FECHA;Ingresos recaudados por SUNAT - tributos aduaneros según departamento - Amazonas (millones de soles);Ingresos recaudados por SUNAT - tributos aduaneros según departamento - Ancash (millones de soles);Ingresos recaudados por SUNAT - tributos aduaneros según departamento - Apurimac (millones de soles);Ingresos recaudados por SUNAT - tributos aduaneros según departamento - Arequipa (millones de soles);Ingresos recaudados por SUNAT - tributos aduaneros según departamento - Ayacucho (millones de soles);Ingresos recaudados por SUNAT - tributos aduaneros según departamento - Cajamarca (millones de soles);Ingresos recaudados por SUNAT - tributos aduaneros según departamento - Cusco (millones de soles);Ingresos recaudados por SUNAT - tributos aduaneros según departamento - Huancavelica (millones de soles);Ingresos recaudados por SUNAT - tributos aduaneros según departamento - Huánuco (millones de soles);Ingresos recaudados por SUNAT - tributos aduaneros según departamento - Ica (millones de soles);Ingresos recaudados por SUNAT - tributos aduaneros según departamento - Junín (millones de soles);Ingresos recaudados por SUNAT - tributos aduaneros según departamento - La Libertad (millones de soles);Ingresos recaudados por SUNAT - tributos aduaneros según departamento - Lambayeque (millones de soles);Ingresos recaudados por SUNAT - tributos aduaneros según departamento - Lima y Callao (millones de soles);Ingresos recaudados por SUNAT - tributos aduaneros según departamento - Loreto (millones de soles);Ingresos recaudados por SUNAT - tributos aduaneros según departamento - Madre de Dios (millones de soles);Ingresos recaudados por SUNAT - tributos aduaneros según departamento - Moquegua (millones de soles);Ingresos recaudados por SUNAT - tributos aduaneros según departamento - Pasco (millones de soles);Ingresos recaudados por SUNAT - tributos aduaneros según departamento - Piura (millones de soles);Ingresos recaudados por SUNAT - tributos aduaneros según departamento - Puno (millones de soles);Ingresos recaudados por SUNAT - tributos aduaneros según departamento - San Martín (millones de soles);Ingresos recaudados por SUNAT - tributos aduaneros según departamento - Tacna (millones de soles);Ingresos recaudados por SUNAT - tributos aduaneros según departamento - Tumbes (millones de soles);Ingresos recaudados por SUNAT - tributos aduaneros según departamento - Ucayali (millones de soles);Ingresos recaudados por SUNAT - tributos aduaneros según departamento - Total (millones de soles)
1/01/1994;n.d.;n.d.;n.d.;n.d.;n.d.;n.d.;n.d.;n.d.;n.d.;n.d.;n.d.;n.d.;n.d.;n.d.;n.d.;n.d.;n.d.;n.d.;n.d.;n.d.;n.d.;n.d.;n.d.;n.d.;n.d.
1/02/1994;n.d.;n.d.;n.d.;n.d.;n.d.;n.d.;n.d.;n.d.;n.d.;n.d.;n.d.;n.d.;n.d.;n.d.;n.d.;n.d.;n.d.;n.d.;n.d.;n.d.;n.d.;n.d.;n.d.;n.d.;n.d.
1/03/1994;n.d.;n.d.;n.d.;n.d.;n.d.;n.d.;n.d.;n.d.;n.d.;n.d.;n.d.;n.d.;n.d.;n.d.;n.d.;n.d.;n.d.;n.d.;n.d.;n.d.;n.d.;n.d.;n.d.;n.d.;n.d.
1/04/1994;n.d.;n.d.;n.d.;n.d.;n.d.;n.d.;n.d.;n.d.;n.d.;n.d.;n.d.;n.d.;n.d.;n.d.;n.d.;n.d.;n.d.;n.d.;n.d.;n.d.;n.d.;n.d.;n.d.;n.d.;n.d.
1/05/1994;n.d.;n.d.;n.d.;n.d.;n.d.;n.d.;n.d.;n.d.;n.d.;n.d.;n.d.;n.d.;n.d.;n.d.;n.d.;n.d.;n.d.;n.d.;n.d.;n.d.;n.d.;n.d.;n.d.;n.d.;n.d.
1/06/1994;n.d.;n.d.;n.d.;n.d.;n.d.;n.d.;n.d.;n.d.;n.d.;n.d.;n.d.;n.d.;n.d.;n.d.;n.d.;n.d.;n.d.;n.d.;n.d.;n.d.;n.d.;n.d.;n.d.;n.d.;n.d.
1/07/1994;n.d.;n.d.;n.d.;n.d.;n.d.;n.d.;n.d.;n.d.;n.d.;n.d.;n.d.;n.d.;n.d.;n.d.;n.d.;n.d.;n.d.;n.d.;n.d.;n.d.;n.d.;n.d.;n.d.;n.d.;n.d.
1/08/1994;n.d.;n.d.;n.d.;n.d.;n.d.;n.d.;n.d.;n.d.;n.d.;n.d.;n.d.;n.d.;n.d.;n.d.;n.d.;n.d.;n.d.;n.d.;n.d.;n.d.;n.d.;n.d.;n.d.;n.d.;n.d.
1/09/1994;n.d.;n.d.;n.d.;n.d.;n.d.;n.d.;n.d.;n.d.;n.d.;n.d.;n.d.;n.d.;n.d.;n.d.;n.d.;n.d.;n.d.;n.d.;n.d.;n.d.;n.d.;n.d.;n.d.;n.d.;n.d.
1/10/1994;n.d.;n.d.;n.d.;n.d.;n.d.;n.d.;n.d.;n.d.;n.d.;n.d.;n.d.;n.d.;n.d.;n.d.;n.d.;n.d.;n.d.;n.d.;n.d.;n.d.;n.d.;n.d.;n.d.;n.d.;n.d.
1/11/1994;n.d.;n.d.;n.d.;n.d.;n.d.;n.d.;n.d.;n.d.;n.d.;n.d.;n.d.;n.d.;n.d.;n.d.;n.d.;n.d.;n.d.;n.d.;n.d.;n.d.;n.d.;n.d.;n.d.;n.d.;n.d.
1/12/1994;n.d.;n.d.;n.d.;n.d.;n.d.;n.d.;n.d.;n.d.;n.d.;n.d.;n.d.;n.d.;n.d.;n.d.;n.d.;n.d.;n.d.;n.d.;n.d.;n.d.;n.d.;n.d.;n.d.;n.d.;n.d.
1/01/1995;n.d.;n.d.;n.d.;n.d.;n.d.;n.d.;n.d.;n.d.;n.d.;n.d.;n.d.;n.d.;n.d.;n.d.;n.d.;n.d.;n.d.;n.d.;n.d.;n.d.;n.d.;n.d.;n.d.;n.d.;n.d.
1/02/1995;n.d.;n.d.;n.d.;n.d.;n.d.;n.d.;n.d.;n.d.;n.d.;n.d.;n.d.;n.d.;n.d.;n.d.;n.d.;n.d.;n.d.;n.d.;n.d.;n.d.;n.d.;n.d.;n.d.;n.d.;n.d.
1/03/1995;n.d.;n.d.;n.d.;n.d.;n.d.;n.d.;n.d.;n.d.;n.d.;n.d.;n.d.;n.d.;n.d.;n.d.;n.d.;n.d.;n.d.;n.d.;n.d.;n.d.;n.d.;n.d.;n.d.;n.d.;n.d.
1/04/1995;n.d.;n.d.;n.d.;n.d.;n.d.;n.d.;n.d.;n.d.;n.d.;n.d.;n.d.;n.d.;n.d.;n.d.;n.d.;n.d.;n.d.;n.d.;n.d.;n.d.;n.d.;n.d.;n.d.;n.d.;n.d.
1/05/1995;n.d.;n.d.;n.d.;n.d.;n.d.;n.d.;n.d.;n.d.;n.d.;n.d.;n.d.;n.d.;n.d.;n.d.;n.d.;n.d.;n.d.;n.d.;n.d.;n.d.;n.d.;n.d.;n.d.;n.d.;n.d.
1/06/1995;n.d.;n.d.;n.d.;n.d.;n.d.;n.d.;n.d.;n.d.;n.d.;n.d.;n.d.;n.d.;n.d.;n.d.;n.d.;n.d.;n.d.;n.d.;n.d.;n.d.;n.d.;n.d.;n.d.;n.d.;n.d.
1/07/1995;n.d.;n.d.;n.d.;n.d.;n.d.;n.d.;n.d.;n.d.;n.d.;n.d.;n.d.;n.d.;n.d.;n.d.;n.d.;n.d.;n.d.;n.d.;n.d.;n.d.;n.d.;n.d.;n.d.;n.d.;n.d.
1/08/1995;n.d.;n.d.;n.d.;n.d.;n.d.;n.d.;n.d.;n.d.;n.d.;n.d.;n.d.;n.d.;n.d.;n.d.;n.d.;n.d.;n.d.;n.d.;n.d.;n.d.;n.d.;n.d.;n.d.;n.d.;n.d.
1/09/1995;n.d.;n.d.;n.d.;n.d.;n.d.;n.d.;n.d.;n.d.;n.d.;n.d.;n.d.;n.d.;n.d.;n.d.;n.d.;n.d.;n.d.;n.d.;n.d.;n.d.;n.d.;n.d.;n.d.;n.d.;n.d.
1/10/1995;n.d.;n.d.;n.d.;n.d.;n.d.;n.d.;n.d.;n.d.;n.d.;n.d.;n.d.;n.d.;n.d.;n.d.;n.d.;n.d.;n.d.;n.d.;n.d.;n.d.;n.d.;n.d.;n.d.;n.d.;n.d.
1/11/1995;n.d.;n.d.;n.d.;n.d.;n.d.;n.d.;n.d.;n.d.;n.d.;n.d.;n.d.;n.d.;n.d.;n.d.;n.d.;n.d.;n.d.;n.d.;n.d.;n.d.;n.d.;n.d.;n.d.;n.d.;n.d.
1/12/1995;n.d.;n.d.;n.d.;n.d.;n.d.;n.d.;n.d.;n.d.;n.d.;n.d.;n.d.;n.d.;n.d.;n.d.;n.d.;n.d.;n.d.;n.d.;n.d.;n.d.;n.d.;n.d.;n.d.;n.d.;n.d.
1/01/1996;n.d.;n.d.;n.d.;n.d.;n.d.;n.d.;n.d.;n.d.;n.d.;n.d.;n.d.;n.d.;n.d.;n.d.;n.d.;n.d.;n.d.;n.d.;n.d.;n.d.;n.d.;n.d.;n.d.;n.d.;n.d.
1/02/1996;n.d.;n.d.;n.d.;n.d.;n.d.;n.d.;n.d.;n.d.;n.d.;n.d.;n.d.;n.d.;n.d.;n.d.;n.d.;n.d.;n.d.;n.d.;n.d.;n.d.;n.d.;n.d.;n.d.;n.d.;n.d.
1/03/1996;n.d.;n.d.;n.d.;n.d.;n.d.;n.d.;n.d.;n.d.;n.d.;n.d.;n.d.;n.d.;n.d.;n.d.;n.d.;n.d.;n.d.;n.d.;n.d.;n.d.;n.d.;n.d.;n.d.;n.d.;n.d.
1/04/1996;n.d.;n.d.;n.d.;n.d.;n.d.;n.d.;n.d.;n.d.;n.d.;n.d.;n.d.;n.d.;n.d.;n.d.;n.d.;n.d.;n.d.;n.d.;n.d.;n.d.;n.d.;n.d.;n.d.;n.d.;n.d.
1/05/1996;n.d.;n.d.;n.d.;n.d.;n.d.;n.d.;n.d.;n.d.;n.d.;n.d.;n.d.;n.d.;n.d.;n.d.;n.d.;n.d.;n.d.;n.d.;n.d.;n.d.;n.d.;n.d.;n.d.;n.d.;n.d.
1/06/1996;n.d.;n.d.;n.d.;n.d.;n.d.;n.d.;n.d.;n.d.;n.d.;n.d.;n.d.;n.d.;n.d.;n.d.;n.d.;n.d.;n.d.;n.d.;n.d.;n.d.;n.d.;n.d.;n.d.;n.d.;n.d.
1/07/1996;n.d.;n.d.;n.d.;n.d.;n.d.;n.d.;n.d.;n.d.;n.d.;n.d.;n.d.;n.d.;n.d.;n.d.;n.d.;n.d.;n.d.;n.d.;n.d.;n.d.;n.d.;n.d.;n.d.;n.d.;n.d.
1/08/1996;n.d.;n.d.;n.d.;n.d.;n.d.;n.d.;n.d.;n.d.;n.d.;n.d.;n.d.;n.d.;n.d.;n.d.;n.d.;n.d.;n.d.;n.d.;n.d.;n.d.;n.d.;n.d.;n.d.;n.d.;n.d.
1/09/1996;n.d.;n.d.;n.d.;n.d.;n.d.;n.d.;n.d.;n.d.;n.d.;n.d.;n.d.;n.d.;n.d.;n.d.;n.d.;n.d.;n.d.;n.d.;n.d.;n.d.;n.d.;n.d.;n.d.;n.d.;n.d.
1/10/1996;n.d.;n.d.;n.d.;n.d.;n.d.;n.d.;n.d.;n.d.;n.d.;n.d.;n.d.;n.d.;n.d.;n.d.;n.d.;n.d.;n.d.;n.d.;n.d.;n.d.;n.d.;n.d.;n.d.;n.d.;n.d.
1/11/1996;n.d.;n.d.;n.d.;n.d.;n.d.;n.d.;n.d.;n.d.;n.d.;n.d.;n.d.;n.d.;n.d.;n.d.;n.d.;n.d.;n.d.;n.d.;n.d.;n.d.;n.d.;n.d.;n.d.;n.d.;n.d.
1/12/1996;n.d.;n.d.;n.d.;n.d.;n.d.;n.d.;n.d.;n.d.;n.d.;n.d.;n.d.;n.d.;n.d.;n.d.;n.d.;n.d.;n.d.;n.d.;n.d.;n.d.;n.d.;n.d.;n.d.;n.d.;n.d.
1/01/1997;n.d.;n.d.;n.d.;n.d.;n.d.;n.d.;n.d.;n.d.;n.d.;n.d.;n.d.;n.d.;n.d.;n.d.;n.d.;n.d.;n.d.;n.d.;n.d.;n.d.;n.d.;n.d.;n.d.;n.d.;n.d.
1/02/1997;n.d.;n.d.;n.d.;n.d.;n.d.;n.d.;n.d.;n.d.;n.d.;n.d.;n.d.;n.d.;n.d.;n.d.;n.d.;n.d.;n.d.;n.d.;n.d.;n.d.;n.d.;n.d.;n.d.;n.d.;n.d.
1/03/1997;n.d.;n.d.;n.d.;n.d.;n.d.;n.d.;n.d.;n.d.;n.d.;n.d.;n.d.;n.d.;n.d.;n.d.;n.d.;n.d.;n.d.;n.d.;n.d.;n.d.;n.d.;n.d.;n.d.;n.d.;n.d.
1/04/1997;n.d.;n.d.;n.d.;n.d.;n.d.;n.d.;n.d.;n.d.;n.d.;n.d.;n.d.;n.d.;n.d.;n.d.;n.d.;n.d.;n.d.;n.d.;n.d.;n.d.;n.d.;n.d.;n.d.;n.d.;n.d.
1/05/1997;n.d.;n.d.;n.d.;n.d.;n.d.;n.d.;n.d.;n.d.;n.d.;n.d.;n.d.;n.d.;n.d.;n.d.;n.d.;n.d.;n.d.;n.d.;n.d.;n.d.;n.d.;n.d.;n.d.;n.d.;n.d.
1/06/1997;n.d.;n.d.;n.d.;n.d.;n.d.;n.d.;n.d.;n.d.;n.d.;n.d.;n.d.;n.d.;n.d.;n.d.;n.d.;n.d.;n.d.;n.d.;n.d.;n.d.;n.d.;n.d.;n.d.;n.d.;n.d.
1/07/1997;n.d.;n.d.;n.d.;n.d.;n.d.;n.d.;n.d.;n.d.;n.d.;n.d.;n.d.;n.d.;n.d.;n.d.;n.d.;n.d.;n.d.;n.d.;n.d.;n.d.;n.d.;n.d.;n.d.;n.d.;n.d.
1/08/1997;n.d.;n.d.;n.d.;n.d.;n.d.;n.d.;n.d.;n.d.;n.d.;n.d.;n.d.;n.d.;n.d.;n.d.;n.d.;n.d.;n.d.;n.d.;n.d.;n.d.;n.d.;n.d.;n.d.;n.d.;n.d.
1/09/1997;n.d.;n.d.;n.d.;n.d.;n.d.;n.d.;n.d.;n.d.;n.d.;n.d.;n.d.;n.d.;n.d.;n.d.;n.d.;n.d.;n.d.;n.d.;n.d.;n.d.;n.d.;n.d.;n.d.;n.d.;n.d.
1/10/1997;n.d.;n.d.;n.d.;n.d.;n.d.;n.d.;n.d.;n.d.;n.d.;n.d.;n.d.;n.d.;n.d.;n.d.;n.d.;n.d.;n.d.;n.d.;n.d.;n.d.;n.d.;n.d.;n.d.;n.d.;n.d.
1/11/1997;n.d.;n.d.;n.d.;n.d.;n.d.;n.d.;n.d.;n.d.;n.d.;n.d.;n.d.;n.d.;n.d.;n.d.;n.d.;n.d.;n.d.;n.d.;n.d.;n.d.;n.d.;n.d.;n.d.;n.d.;n.d.
1/12/1997;n.d.;n.d.;n.d.;n.d.;n.d.;n.d.;n.d.;n.d.;n.d.;n.d.;n.d.;n.d.;n.d.;n.d.;n.d.;n.d.;n.d.;n.d.;n.d.;n.d.;n.d.;n.d.;n.d.;n.d.;n.d.
1/01/1998;n.d.;n.d.;n.d.;n.d.;n.d.;n.d.;n.d.;n.d.;n.d.;n.d.;n.d.;n.d.;n.d.;n.d.;n.d.;n.d.;n.d.;n.d.;n.d.;n.d.;n.d.;n.d.;n.d.;n.d.;n.d.
1/02/1998;n.d.;n.d.;n.d.;n.d.;n.d.;n.d.;n.d.;n.d.;n.d.;n.d.;n.d.;n.d.;n.d.;n.d.;n.d.;n.d.;n.d.;n.d.;n.d.;n.d.;n.d.;n.d.;n.d.;n.d.;n.d.
1/03/1998;n.d.;n.d.;n.d.;n.d.;n.d.;n.d.;n.d.;n.d.;n.d.;n.d.;n.d.;n.d.;n.d.;n.d.;n.d.;n.d.;n.d.;n.d.;n.d.;n.d.;n.d.;n.d.;n.d.;n.d.;n.d.
1/04/1998;n.d.;n.d.;n.d.;n.d.;n.d.;n.d.;n.d.;n.d.;n.d.;n.d.;n.d.;n.d.;n.d.;n.d.;n.d.;n.d.;n.d.;n.d.;n.d.;n.d.;n.d.;n.d.;n.d.;n.d.;n.d.
1/05/1998;n.d.;n.d.;n.d.;n.d.;n.d.;n.d.;n.d.;n.d.;n.d.;n.d.;n.d.;n.d.;n.d.;n.d.;n.d.;n.d.;n.d.;n.d.;n.d.;n.d.;n.d.;n.d.;n.d.;n.d.;n.d.
1/06/1998;n.d.;n.d.;n.d.;n.d.;n.d.;n.d.;n.d.;n.d.;n.d.;n.d.;n.d.;n.d.;n.d.;n.d.;n.d.;n.d.;n.d.;n.d.;n.d.;n.d.;n.d.;n.d.;n.d.;n.d.;n.d.
1/07/1998;n.d.;n.d.;n.d.;n.d.;n.d.;n.d.;n.d.;n.d.;n.d.;n.d.;n.d.;n.d.;n.d.;n.d.;n.d.;n.d.;n.d.;n.d.;n.d.;n.d.;n.d.;n.d.;n.d.;n.d.;n.d.
1/08/1998;n.d.;n.d.;n.d.;n.d.;n.d.;n.d.;n.d.;n.d.;n.d.;n.d.;n.d.;n.d.;n.d.;n.d.;n.d.;n.d.;n.d.;n.d.;n.d.;n.d.;n.d.;n.d.;n.d.;n.d.;n.d.
1/09/1998;n.d.;n.d.;n.d.;n.d.;n.d.;n.d.;n.d.;n.d.;n.d.;n.d.;n.d.;n.d.;n.d.;n.d.;n.d.;n.d.;n.d.;n.d.;n.d.;n.d.;n.d.;n.d.;n.d.;n.d.;n.d.
1/10/1998;n.d.;n.d.;n.d.;n.d.;n.d.;n.d.;n.d.;n.d.;n.d.;n.d.;n.d.;n.d.;n.d.;n.d.;n.d.;n.d.;n.d.;n.d.;n.d.;n.d.;n.d.;n.d.;n.d.;n.d.;n.d.
1/11/1998;n.d.;n.d.;n.d.;n.d.;n.d.;n.d.;n.d.;n.d.;n.d.;n.d.;n.d.;n.d.;n.d.;n.d.;n.d.;n.d.;n.d.;n.d.;n.d.;n.d.;n.d.;n.d.;n.d.;n.d.;n.d.
1/12/1998;n.d.;n.d.;n.d.;n.d.;n.d.;n.d.;n.d.;n.d.;n.d.;n.d.;n.d.;n.d.;n.d.;n.d.;n.d.;n.d.;n.d.;n.d.;n.d.;n.d.;n.d.;n.d.;n.d.;n.d.;n.d.
1/01/1999;n.d.;n.d.;n.d.;n.d.;n.d.;n.d.;n.d.;n.d.;n.d.;n.d.;n.d.;n.d.;n.d.;n.d.;n.d.;n.d.;n.d.;n.d.;n.d.;n.d.;n.d.;n.d.;n.d.;n.d.;n.d.
1/02/1999;n.d.;n.d.;n.d.;n.d.;n.d.;n.d.;n.d.;n.d.;n.d.;n.d.;n.d.;n.d.;n.d.;n.d.;n.d.;n.d.;n.d.;n.d.;n.d.;n.d.;n.d.;n.d.;n.d.;n.d.;n.d.
1/03/1999;n.d.;n.d.;n.d.;n.d.;n.d.;n.d.;n.d.;n.d.;n.d.;n.d.;n.d.;n.d.;n.d.;n.d.;n.d.;n.d.;n.d.;n.d.;n.d.;n.d.;n.d.;n.d.;n.d.;n.d.;n.d.
1/04/1999;n.d.;n.d.;n.d.;n.d.;n.d.;n.d.;n.d.;n.d.;n.d.;n.d.;n.d.;n.d.;n.d.;n.d.;n.d.;n.d.;n.d.;n.d.;n.d.;n.d.;n.d.;n.d.;n.d.;n.d.;n.d.
1/05/1999;n.d.;n.d.;n.d.;n.d.;n.d.;n.d.;n.d.;n.d.;n.d.;n.d.;n.d.;n.d.;n.d.;n.d.;n.d.;n.d.;n.d.;n.d.;n.d.;n.d.;n.d.;n.d.;n.d.;n.d.;n.d.
1/06/1999;n.d.;n.d.;n.d.;n.d.;n.d.;n.d.;n.d.;n.d.;n.d.;n.d.;n.d.;n.d.;n.d.;n.d.;n.d.;n.d.;n.d.;n.d.;n.d.;n.d.;n.d.;n.d.;n.d.;n.d.;n.d.
1/07/1999;n.d.;n.d.;n.d.;n.d.;n.d.;n.d.;n.d.;n.d.;n.d.;n.d.;n.d.;n.d.;n.d.;n.d.;n.d.;n.d.;n.d.;n.d.;n.d.;n.d.;n.d.;n.d.;n.d.;n.d.;n.d.
1/08/1999;n.d.;n.d.;n.d.;n.d.;n.d.;n.d.;n.d.;n.d.;n.d.;n.d.;n.d.;n.d.;n.d.;n.d.;n.d.;n.d.;n.d.;n.d.;n.d.;n.d.;n.d.;n.d.;n.d.;n.d.;n.d.
1/09/1999;n.d.;n.d.;n.d.;n.d.;n.d.;n.d.;n.d.;n.d.;n.d.;n.d.;n.d.;n.d.;n.d.;n.d.;n.d.;n.d.;n.d.;n.d.;n.d.;n.d.;n.d.;n.d.;n.d.;n.d.;n.d.
1/10/1999;n.d.;n.d.;n.d.;n.d.;n.d.;n.d.;n.d.;n.d.;n.d.;n.d.;n.d.;n.d.;n.d.;n.d.;n.d.;n.d.;n.d.;n.d.;n.d.;n.d.;n.d.;n.d.;n.d.;n.d.;n.d.
1/11/1999;n.d.;n.d.;n.d.;n.d.;n.d.;n.d.;n.d.;n.d.;n.d.;n.d.;n.d.;n.d.;n.d.;n.d.;n.d.;n.d.;n.d.;n.d.;n.d.;n.d.;n.d.;n.d.;n.d.;n.d.;n.d.
1/12/1999;n.d.;n.d.;n.d.;n.d.;n.d.;n.d.;n.d.;n.d.;n.d.;n.d.;n.d.;n.d.;n.d.;n.d.;n.d.;n.d.;n.d.;n.d.;n.d.;n.d.;n.d.;n.d.;n.d.;n.d.;n.d.
1/01/2000;n.d.;n.d.;n.d.;n.d.;n.d.;n.d.;n.d.;n.d.;n.d.;n.d.;n.d.;n.d.;n.d.;n.d.;n.d.;n.d.;n.d.;n.d.;n.d.;n.d.;n.d.;n.d.;n.d.;n.d.;n.d.
1/02/2000;n.d.;n.d.;n.d.;n.d.;n.d.;n.d.;n.d.;n.d.;n.d.;n.d.;n.d.;n.d.;n.d.;n.d.;n.d.;n.d.;n.d.;n.d.;n.d.;n.d.;n.d.;n.d.;n.d.;n.d.;n.d.
1/03/2000;n.d.;n.d.;n.d.;n.d.;n.d.;n.d.;n.d.;n.d.;n.d.;n.d.;n.d.;n.d.;n.d.;n.d.;n.d.;n.d.;n.d.;n.d.;n.d.;n.d.;n.d.;n.d.;n.d.;n.d.;n.d.
1/04/2000;n.d.;n.d.;n.d.;n.d.;n.d.;n.d.;n.d.;n.d.;n.d.;n.d.;n.d.;n.d.;n.d.;n.d.;n.d.;n.d.;n.d.;n.d.;n.d.;n.d.;n.d.;n.d.;n.d.;n.d.;n.d.
1/05/2000;n.d.;n.d.;n.d.;n.d.;n.d.;n.d.;n.d.;n.d.;n.d.;n.d.;n.d.;n.d.;n.d.;n.d.;n.d.;n.d.;n.d.;n.d.;n.d.;n.d.;n.d.;n.d.;n.d.;n.d.;n.d.
1/06/2000;n.d.;n.d.;n.d.;n.d.;n.d.;n.d.;n.d.;n.d.;n.d.;n.d.;n.d.;n.d.;n.d.;n.d.;n.d.;n.d.;n.d.;n.d.;n.d.;n.d.;n.d.;n.d.;n.d.;n.d.;n.d.
1/07/2000;n.d.;n.d.;n.d.;n.d.;n.d.;n.d.;n.d.;n.d.;n.d.;n.d.;n.d.;n.d.;n.d.;n.d.;n.d.;n.d.;n.d.;n.d.;n.d.;n.d.;n.d.;n.d.;n.d.;n.d.;n.d.
1/08/2000;n.d.;n.d.;n.d.;n.d.;n.d.;n.d.;n.d.;n.d.;n.d.;n.d.;n.d.;n.d.;n.d.;n.d.;n.d.;n.d.;n.d.;n.d.;n.d.;n.d.;n.d.;n.d.;n.d.;n.d.;n.d.
1/09/2000;n.d.;n.d.;n.d.;n.d.;n.d.;n.d.;n.d.;n.d.;n.d.;n.d.;n.d.;n.d.;n.d.;n.d.;n.d.;n.d.;n.d.;n.d.;n.d.;n.d.;n.d.;n.d.;n.d.;n.d.;n.d.
1/10/2000;n.d.;n.d.;n.d.;n.d.;n.d.;n.d.;n.d.;n.d.;n.d.;n.d.;n.d.;n.d.;n.d.;n.d.;n.d.;n.d.;n.d.;n.d.;n.d.;n.d.;n.d.;n.d.;n.d.;n.d.;n.d.
1/11/2000;n.d.;n.d.;n.d.;n.d.;n.d.;n.d.;n.d.;n.d.;n.d.;n.d.;n.d.;n.d.;n.d.;n.d.;n.d.;n.d.;n.d.;n.d.;n.d.;n.d.;n.d.;n.d.;n.d.;n.d.;n.d.
1/12/2000;n.d.;n.d.;n.d.;n.d.;n.d.;n.d.;n.d.;n.d.;n.d.;n.d.;n.d.;n.d.;n.d.;n.d.;n.d.;n.d.;n.d.;n.d.;n.d.;n.d.;n.d.;n.d.;n.d.;n.d.;n.d.
1/01/2001;n.d.;n.d.;n.d.;n.d.;n.d.;n.d.;n.d.;n.d.;n.d.;n.d.;n.d.;n.d.;n.d.;n.d.;n.d.;n.d.;n.d.;n.d.;n.d.;n.d.;n.d.;n.d.;n.d.;n.d.;n.d.
1/02/2001;n.d.;n.d.;n.d.;n.d.;n.d.;n.d.;n.d.;n.d.;n.d.;n.d.;n.d.;n.d.;n.d.;n.d.;n.d.;n.d.;n.d.;n.d.;n.d.;n.d.;n.d.;n.d.;n.d.;n.d.;n.d.
1/03/2001;n.d.;n.d.;n.d.;n.d.;n.d.;n.d.;n.d.;n.d.;n.d.;n.d.;n.d.;n.d.;n.d.;n.d.;n.d.;n.d.;n.d.;n.d.;n.d.;n.d.;n.d.;n.d.;n.d.;n.d.;n.d.
1/04/2001;n.d.;n.d.;n.d.;n.d.;n.d.;n.d.;n.d.;n.d.;n.d.;n.d.;n.d.;n.d.;n.d.;n.d.;n.d.;n.d.;n.d.;n.d.;n.d.;n.d.;n.d.;n.d.;n.d.;n.d.;n.d.
1/05/2001;n.d.;n.d.;n.d.;n.d.;n.d.;n.d.;n.d.;n.d.;n.d.;n.d.;n.d.;n.d.;n.d.;n.d.;n.d.;n.d.;n.d.;n.d.;n.d.;n.d.;n.d.;n.d.;n.d.;n.d.;n.d.
1/06/2001;n.d.;n.d.;n.d.;n.d.;n.d.;n.d.;n.d.;n.d.;n.d.;n.d.;n.d.;n.d.;n.d.;n.d.;n.d.;n.d.;n.d.;n.d.;n.d.;n.d.;n.d.;n.d.;n.d.;n.d.;n.d.
1/07/2001;n.d.;n.d.;n.d.;n.d.;n.d.;n.d.;n.d.;n.d.;n.d.;n.d.;n.d.;n.d.;n.d.;n.d.;n.d.;n.d.;n.d.;n.d.;n.d.;n.d.;n.d.;n.d.;n.d.;n.d.;n.d.
1/08/2001;n.d.;n.d.;n.d.;n.d.;n.d.;n.d.;n.d.;n.d.;n.d.;n.d.;n.d.;n.d.;n.d.;n.d.;n.d.;n.d.;n.d.;n.d.;n.d.;n.d.;n.d.;n.d.;n.d.;n.d.;n.d.
1/09/2001;n.d.;n.d.;n.d.;n.d.;n.d.;n.d.;n.d.;n.d.;n.d.;n.d.;n.d.;n.d.;n.d.;n.d.;n.d.;n.d.;n.d.;n.d.;n.d.;n.d.;n.d.;n.d.;n.d.;n.d.;n.d.
1/10/2001;n.d.;n.d.;n.d.;n.d.;n.d.;n.d.;n.d.;n.d.;n.d.;n.d.;n.d.;n.d.;n.d.;n.d.;n.d.;n.d.;n.d.;n.d.;n.d.;n.d.;n.d.;n.d.;n.d.;n.d.;n.d.
1/11/2001;n.d.;n.d.;n.d.;n.d.;n.d.;n.d.;n.d.;n.d.;n.d.;n.d.;n.d.;n.d.;n.d.;n.d.;n.d.;n.d.;n.d.;n.d.;n.d.;n.d.;n.d.;n.d.;n.d.;n.d.;n.d.
1/12/2001;n.d.;n.d.;n.d.;n.d.;n.d.;n.d.;n.d.;n.d.;n.d.;n.d.;n.d.;n.d.;n.d.;n.d.;n.d.;n.d.;n.d.;n.d.;n.d.;n.d.;n.d.;n.d.;n.d.;n.d.;n.d.
1/01/2002;0;2.093018041;0;29.40404402;0;0;0.045780818;0;0;2.488824291;0;8.565178563;0.004658413;566.0940205;13.08897453;0.060242395;12.51900014;0;29.77168575;2.548014934;0.009949397;25.2379198;1.707314361;0.005852475;693.6444785
1/02/2002;0;3.759904237;0;20.08372457;0;0;0.01968921;0;0;2.635108146;0;7.847813721;0.003541463;540.0866699;16.64735074;0.049349109;12.63079155;0;2.64610772;1.599307907;0.008769713;22.64391116;1.2858901;0.010229065;631.9581583
1/03/2002;0;1.534963507;0;26.24549685;0;0;0.021667576;0;0;2.913182575;0;9.270257689;0.236306969;465.5547815;9.78257546;0.006069417;7.842986232;0;27.36953432;2.176186928;0.012397588;19.11427233;1.384262819;0.017469692;573.4824114
1/04/2002;0;1.287640529;0;24.00160067;0;0;0.02975681;0;0;6.204565395;0;7.758952266;0.068326706;636.9391153;4.347088088;0.093443235;12.83504185;0;31.77743236;2.002366339;0.072184501;22.94634343;1.308004704;0.004992336;751.6768545
1/05/2002;0;0.138980313;0;26.84835966;0;0;0.013922374;0;0;12.22070799;0;8.68380636;0.006338314;578.4104273;3.535458439;0.049042078;8.064405679;0;34.52318386;3.827536797;0.024811715;27.17774514;1.478035356;0.010584028;705.0133454
1/06/2002;0;2.32862341;0;25.10916537;0;0;0.029386831;0;0;2.496191896;0;9.273291529;0.147139344;547.7639939;2.955946075;0.060965248;5.840153634;0;8.525779894;1.753843447;0.014392457;22.4012746;1.237715454;0.004904653;629.9427677
1/07/2002;0;1.666892639;0;25.57654044;0;0;0.019612763;0;0;15.45375613;0;8.834564881;0.006843913;630.7344844;1.608517169;0.065797294;8.919327985;0;46.64484409;3.577804579;0.002731173;30.33379296;1.621986929;0.03310762;775.100605
1/08/2002;0;0.351375619;0;8.553201988;0;0;0.018157908;0;0;2.738473194;0;7.109907258;0.008527687;649.5778625;6.000332807;0.065421426;6.374782367;0;29.94225806;2.616985148;0.025568637;23.53218461;1.514496934;0.023003173;738.4525394
1/09/2002;0;0.452297418;0;22.85966911;0;0;0.02303469;0;0;12.49860416;0;3.812940151;0.244780962;618.4225881;0.988700748;0.479590837;7.456051056;0;15.33853183;2.388395684;0.042105343;25.84973742;1.30751719;0.024261953;712.1888066
1/10/2002;0;3.411546863;0;15.24616265;0;0;0.042779041;0;0;13.16651207;0;4.879768779;0.072438963;632.3931546;0.975948069;0.022916526;6.512632371;0;15.1368577;2.215473982;0.034785715;25.29378892;1.56078655;0.03210633;720.9976591
1/11/2002;0;0.287918419;0;32.07693429;0;0;0.04893958;0;0;9.737066709;0;11.85416572;0.008934925;658.9559414;2.57096368;0.028739335;6.521475926;0;5.636895452;3.013736519;0.003417888;24.13488638;1.804712282;0.008186637;756.6929151
1/12/2002;0;0.710050082;0;14.48105163;0;0;0.050701953;0;0;23.33873061;0;10.00768324;0.011905462;562.3425762;22.40882306;0.040128963;6.194895287;0;21.85300802;3.416127905;0.034192841;29.31471909;1.644083551;0.00912244;695.8578003
1/01/2003;0;0.532790718;0;30.14064408;0;0;0.029851257;0;0;17.81841299;0;3.520740344;0.009373259;614.5921943;25.51991996;0.031485806;9.16448573;0;41.60578442;2.947246866;0.014076388;24.36182531;2.251210885;0.120265135;772.6603075
1/02/2003;0;1.084105671;0;7.298820022;0;0;0.030208606;0;0;5.088973215;0;6.154849856;0.004624468;552.6408752;7.35615806;0.031088996;5.815441824;0;30.36758599;3.088349812;0.002539126;24.92876149;2.489949381;0.008452192;646.3907839
1/03/2003;0;0.362968089;0;34.09316485;0;0;0.516850897;0;0;10.43951178;0;9.121886938;0.006115256;717.169332;0.985051942;0.026307307;5.16660402;0;30.2965122;3.108074523;0.035156786;21.31403647;2.009732444;0.018440502;834.669746
1/04/2003;0;2.530200959;0;26.3873312;0;0;0.134271641;0;0;5.633446039;0;11.05340652;0.010713197;636.91519;2.810476109;0.041660913;6.149044549;0;23.69119075;3.140935928;0.009989058;17.9732407;2.063419699;0.01167917;738.5561964
1/05/2003;0;1.651203823;0;9.363928088;0;0;0.072738104;0;0;6.884980566;0;15.3903833;0.008245681;582.8530488;0.712139973;0.053753869;3.952402532;0;19.61684534;2.986003136;0.040931874;27.16560826;1.205437282;0.006656701;671.9643073
1/06/2003;0;2.42836892;0;22.01709258;0;0;0.111017322;0;0;8.249093568;0;5.628112165;0.009310717;702.0849302;2.830653266;0.032191715;3.636198012;0;15.77898094;2.712561785;0.013437026;21.88637647;1.651281023;0.077144204;789.14675
1/07/2003;0;0.983726631;0;26.44939229;0;0;0.083939229;0;0;6.609258676;0;10.54074356;0.008182763;632.1753984;2.300889569;0.03512736;6.60878461;0;5.937158698;3.952555382;0.039820231;23.8830079;1.351021359;0.02116164;720.9801683
1/08/2003;0;1.41450175;0;26.96622689;0;0;0.044028121;0;0;33.03401264;0;6.35453728;0.009248674;676.0810091;3.924578943;0.071699726;5.906399532;0;29.70413493;3.018351298;0.012417545;24.7583694;1.78650264;0.005995186;813.0920137
1/09/2003;0;1.355299476;0;25.91006353;0;0;0.074805155;0;0;4.630710085;0;7.086569571;0.009532686;675.6267586;1.213425378;0.125152964;7.872549677;0;13.32863954;4.216107057;0.036008817;24.74533089;1.577997163;0.109261041;767.9182116
1/10/2003;0;0.563598111;0;17.40198945;0;0;0.052855927;0;0;10.33249947;0;22.27356303;0.009373792;704.6787498;2.166314387;0.04884556;8.149697856;0;14.63507483;3.435411127;0.029727768;24.29790864;1.657977508;0.033186357;809.7667736
1/11/2003;0;3.261667302;0;44.06354177;0;0;0.064472945;0;0;4.458780536;0;7.303809123;0.005742303;700.3461315;0.79798171;0.042697236;6.43597696;0;19.49375264;3.853546061;0.024152431;22.00579233;1.38158341;0.046867966;813.5864963
1/12/2003;0;0.713884395;0;25.29919669;0;0;0.090883894;0;0;10.08321262;0;15.56392842;0.030259069;796.2734604;1.85530972;0.171600268;10.41160961;0;25.26308407;4.04836931;0.002855785;29.54136942;2.219848267;0.013215919;921.5820879
1/01/2004;0;0.351633165;0;26.27542309;0;0;0.105532965;0;0;4.718781947;0;7.566268639;0.008789306;675.694196;2.082093261;0.03225724;7.413882344;0;12.75227039;3.743501169;0.00276286;22.88208568;1.373712008;0.060880351;765.0640704
1/02/2004;0;2.613512043;0;23.57047822;0;0;0.073439389;0;0;8.126494973;0;3.675867862;0.011023387;634.7664726;2.917180673;0.028618716;11.60779774;0;16.63018363;3.457439564;0.032464963;22.32400177;1.322596884;0.009497875;731.1670703
1/03/2004;0;1.692789235;0;10.53714699;0;0;0.040968849;0;0;6.433366235;0;6.949853987;0.013110823;656.3394528;1.271210066;0.039589185;7.15839099;0;21.27102391;4.496272845;0.001760434;19.37946248;1.792394644;0.005340419;737.4221339
1/04/2004;0;1.820787839;0;7.714452846;0;0;0.085351727;0;0;3.925533719;0;6.09402187;0.015029932;776.7396274;1.861185162;0.047274753;12.71349947;0;18.25127429;4.238608067;0.000231649;16.61667969;1.457345365;0.028038216;851.608942
1/05/2004;0;2.552251092;0;23.62527041;0;0;0.05053299;0;0;8.943338771;0;16.10491913;0.015310336;790.7188252;3.249244128;0.044854234;11.16564343;0;4.009091246;4.685893234;0.00403992;23.67874982;1.410732334;0.033318662;890.292015
1/06/2004;0;3.318122996;0;32.60330219;0;0;0.084026724;0;0;7.959166424;0;9.72170328;0.011105902;837.9107726;1.319823634;0.054888595;7.930156271;0;34.72102;3.615016936;0.006774875;22.7911793;1.45891541;0.040370542;963.5463457
1/07/2004;0;2.668259541;0;27.48981176;0;0;0.054889054;0;0;10.01431733;0;14.97207206;0.012212061;833.4121736;3.8219907;0.078108619;12.42863848;0;25.40859397;8.798398853;0.006206352;20.37265822;1.789389093;0.014348657;961.3420684
1/08/2004;0;2.782260304;0;37.16907086;0;0;0.042784319;0;0;9.917718817;0;8.740521311;0.015474869;792.1810558;1.065918499;0.026529258;12.52425414;0;42.56954392;6.697195847;0.009248423;21.97015188;1.59602343;0.031687654;937.3394393
1/09/2004;0;4.102405813;0;24.3080779;0;0;0.044585734;0;0;6.526579167;0;11.27903912;0.020224495;793.9618309;1.96847801;0.12565817;11.58240679;0;31.45905579;7.133184314;0.016949252;21.33076562;1.486441386;0.0313067;915.3769892
1/10/2004;0;2.656063767;0;23.84817264;0;0;0.03221316;0;0;5.877774686;0;9.492169139;0.011941418;820.9600513;0.641367031;0.121663462;15.04079661;0;22.67005669;8.594608731;0.002680281;16.02265665;1.707822213;0.019852541;927.6998903
1/11/2004;0;3.780696062;0;21.63492039;0;0;0.07431499;0;0;7.377960692;0;5.884249357;0.014345939;833.4437042;2.473647593;0.108425494;9.945786487;0;6.741197767;7.644463257;0.01985854;29.11532649;1.263490871;0.012334562;929.5347227
1/12/2004;0;2.651695024;0;27.78052882;0;0;0.050787493;0;0;8.733923464;0;10.33219197;0.021937928;912.4692726;3.052701872;0.038232477;6.774193551;0;26.15949943;7.48844252;0.010087835;31.1074712;1.995731327;0.024951072;1038.691649
1/01/2005;0;3.857586119;0;35.12684952;0;0;0.03619704;0;0;11.3700414;0;12.9669943;0.019077226;714.8596794;4.520801747;0.05335036;15.5186057;0;35.75091936;5.365884403;0.119853819;19.45307915;1.46154622;0.012000563;860.4924663
1/02/2005;0;5.636416319;0;13.0456362;0;0;0.03826043;0;0;11.76231694;0;10.62937505;0.020056088;684.5631662;2.152402866;0.029160884;12.9618371;0;39.81691085;4.746584439;0.003685755;23.06665409;1.94812152;0.012981893;810.4335667
1/03/2005;0;0.089130897;0;17.68528977;0;0;0.050543139;0;0;7.12544794;0;8.611102486;0.021320178;756.02854;2.389253587;0.096529699;23.95755771;0;35.7655852;4.759750002;0.029625941;25.08879626;1.822714858;0.024615486;883.5458031
1/04/2005;0;1.031442991;0;26.16214757;0;0;0.045518579;0;0;9.917532681;0;10.96873653;0.02332606;870.3038986;2.931432462;0.0616818;8.739231513;0;87.92564568;6.013900449;0.030016082;22.99417022;2.342243876;0.021081894;1049.512007
1/05/2005;0;2.933674848;0;42.19434882;0;0;0.044603828;0;0;7.769258461;0;9.218931666;0.020844412;911.2812992;4.085454718;0.025244624;11.34096959;0;40.73035785;5.629710746;0.039947741;23.67663342;2.515093062;0.013401156;1061.519774
1/06/2005;0;1.530103708;0;21.18800761;0;0;0.030755417;0;0;9.487419327;0;12.16569999;0.016800277;829.1828241;0.979651525;0.056589751;5.998160912;0;28.51318116;4.163435851;0.099486513;22.68245922;1.97818501;0.029961195;938.1027216
1/07/2005;0;3.361652399;0;24.90219417;0;0;0.028217836;0;0;14.09615154;0;15.78624536;0.016728172;778.387058;6.065361857;0.080056898;9.274034806;0;61.70152486;7.443356498;0.01592592;25.2626266;2.001155754;0.030172222;948.4524629
1/08/2005;0;5.11612435;0;22.05033047;0;0;0.043415498;0;0;12.16361797;0;12.01561733;0.021953342;912.6368196;4.81386555;0.180609003;18.97802205;0;17.54427713;8.423000173;0.038351449;26.73665648;1.78704473;0.052908341;1042.602613
1/09/2005;0;5.301208693;0;12.97396626;0;0;0.034217059;0;0;16.34824815;0;12.06126377;0.025308059;831.5793163;1.11984187;0.130696132;20.18270016;0;28.14089388;6.169437375;0.00928111;26.77844763;2.738057585;0.15182949;963.7447135
1/10/2005;0;2.568295288;0;46.11662307;0;0;0.018917808;0;0;6.253663405;0;9.746222229;0.026011146;897.9888815;3.379238883;0.1059211;17.21026486;0;5.313262954;5.139721424;0.0179099;26.65950521;2.562699767;0.084540851;1023.191679
1/11/2005;0;1.329986629;0;16.54327167;0;0;0.037201291;0;0;6.34714781;0;10.06633537;0.02564107;970.7008985;1.018273175;0.16510367;23.65419945;0;5.27212286;4.814902296;0.009104915;30.25702315;3.011882228;0.766853261;1074.019947
1/12/2005;0;0.008811788;0;34.47501823;0;0;0.043492115;0;0;3.762003393;0;12.20024705;0.024898101;908.6653996;5.639903707;0.181152655;12.52939216;0;7.694206064;4.885380728;0.062919029;34.24102313;2.54070755;0.065632903;1027.020188
1/01/2006;0;1.283223439;0;1.467180395;0;0;0.005597255;0;0;0.000793005;0;1.432568661;0.007041114;1023.008221;0.113361808;0.010307426;16.91503739;0;0.171203646;6.261046577;0.053312432;2.80532529;1.060121338;0.002075026;1054.596416
1/02/2006;0;6.95125015;0;69.59719237;0;0;0.0307721;0;0;7.7798582;0;9.4600221;0.03024008;764.6428358;6.38659834;0.19691823;12.33120271;0;26.40759402;3.786420522;0.0090261;23.38015548;2.998281771;0.06919626;934.0575642
1/03/2006;0;5.85499834;0;56.9945248;0;0;0.00563215;0;0;11.14002716;0;13.83654286;0.0151102;953.264246;6.38126201;0.04684718;11.09641303;0;26.37682061;5.72784313;0.17039811;38.54756893;3.40555876;0.08044022;1132.944233
1/04/2006;0;1.7925235;0;42.87748712;0;0;0.00879317;0;0;4.61320602;0;13.01038258;0.01423221;889.9453101;1.77153384;0.10414016;5.43693346;0;18.92558843;4.98502806;0.21181008;23.9932844;2.73589557;0.07389021;1010.500039
1/05/2006;0;3.58202368;0;42.37569056;0;0;0.00991815;0;0;4.88790662;0;10.82595656;0.01639317;1036.871039;4.56994103;0.22485817;11.9816896;0;26.68825509;7.30330803;0.02737413;27.64954886;3.46894753;0.04416514;1180.527015
1/06/2006;0;1.82207149;0;36.7854922;0;0;0.00809907;0;0;2.39397706;0;11.20593998;0.0182502;965.243752;2.95469996;1.52924623;20.76029812;0;49.95042636;8.03762804;0.16310113;25.3058883;3.15406165;0.09080519;1129.423737
1/07/2006;0;4.1420603;0;14.84661739;0;0;0.01102408;0;0;14.01292144;0;9.65578621;0.01994909;942.6534629;6.44315741;1.4745762;10.03252946;0;39.24843666;5.98991345;0.02371277;32.17376237;3.45762261;0.06199925;1084.247532
1/08/2006;0;2.30883682;0;35.76121978;0;0;0.01375818;0;0;8.4726547;0;11.73173135;0.01381514;950.6351258;1.5408609;4.82016586;8.61255558;0;33.92879305;6.11445623;0.02830417;36.79516722;2.80641339;0.12055721;1103.704415
1/09/2006;0;2.68409178;0;31.26223859;0;0;0.0377672;0;0;26.33520382;0;11.26818501;0.01758716;870.4388554;1.95641301;0.63243432;9.68905481;0;23.11059537;5.5355593;0.00753295;34.75004469;2.37864311;0.11040634;1020.214613
1/10/2006;0;5.87027045;0;9.03859489;0;0;0.00804606;0;0;12.96124832;0;9.70130301;0.01879522;996.5938612;9.9136618;0.95322732;8.25713258;0;29.77877077;5.11488907;0.0793382;33.58756039;2.51904489;0.13134231;1124.527086
1/11/2006;0;1.92011635;0;40.30604143;0;0;0.01034805;0;0;17.88895283;0;9.10863453;0.0216892;1079.270127;7.84762238;0.38285019;9.36706588;0;3.48056066;7.26984825;0.01980608;36.99965779;3.74686352;0.06391219;1217.704097
1/12/2006;0;4.84899852;0;23.8105422;0;0;0.01323815;0;0;16.39420959;0;9.33040889;0.01363514;1034.538102;56.51422254;0.1521892;10.85597751;0;53.51262268;4.73269042;0.02721915;43.29489723;3.7799626;0.16796313;1261.986879
1/01/2007;0;7.30399535;0;32.0752623;0;0;0.03761515;0;0;22.42262216;0;8.63789633;0.01911215;950.2367386;26.28844349;0.19264313;7.89154345;0;16.34598717;6.11225801;0.02161407;37.50624997;2.66354547;0.09016315;1117.84569
1/02/2007;0;2.99165148;0;9.77191994;0;0;0.01437606;0;0;10.47201545;0;14.06388728;0.02057997;983.6921526;33.05261011;0.26389019;18.73238839;0;7.80249287;3.83689213;0.02793604;30.13678729;2.68043043;0.04877128;1117.608782
1/03/2007;0;2.88893996;0;6.42008989;0;0;0.01550343;0;0;19.0941516;0;14.83550722;0.02078506;989.4560112;1.25057438;0.08826918;4.45185079;0;39.34720462;5.25506313;0.11747904;35.18520618;3.29883335;0.15227415;1121.877743
1/04/2007;0;6.84866905;0;32.60052721;0;0;0.01949223;0;0;22.80594261;0;13.53489136;0.01781907;1036.161278;0.32836613;0.0739742;11.78223487;0;26.16267516;6.15062054;0.00694803;34.75311717;3.86393821;0.1945771;1195.305071
1/05/2007;0;1.30446661;0;8.63274088;0;0;0.02223702;0;0;8.66837103;0;8.97706451;0.02169291;1097.4321;3.43856742;0.17118516;8.22625522;0;4.59877157;8.6577067;0.03456611;38.82255105;2.84132811;0.05871687;1191.908321
1/06/2007;0;5.4268311;0;7.62401308;0;0;0.01412011;0;0;11.32305092;0;19.72563668;0.017762;988.8480826;2.65203364;0.46409119;13.58577484;0;44.90204588;5.95807288;0.01945902;39.67541231;3.12822839;0.07121309;1143.435828
1/07/2007;0;1.51159038;0;23.93681539;0;0;0.0220132;0;0;22.09010881;0;23.37334373;0.01783611;1236.38461;2.84977611;0.2150392;10.87004446;0;29.74206966;7.77002635;0.01297609;37.82046845;3.63611913;0.07927919;1400.332116
1/08/2007;0;3.59120802;0;14.54841809;0;0;0.02192816;0;0;2.79010465;0;15.18705029;0.02256917;1176.543591;9.0496755;0.12146899;10.81380935;0;47.54833802;6.6773888;0.00273107;34.47734848;2.6682761;0.05918709;1324.123093
1/09/2007;0;12.97462615;0;30.17398252;0;0;0.01534318;0;0;6.6977903;0;6.23571695;0.01725814;1130.005422;1.55040763;0.45830724;6.05771804;0;31.51921008;7.38298014;0.00234903;31.03846449;2.99516861;0.06593223;1267.190677
1/10/2007;0;9.10648186;0;49.27100598;0;0;0.01767421;0;0;8.13435055;0;15.44515152;7.94823379;1274.130316;0.38155428;0.24085417;10.88297999;0;25.6222146;7.62536765;0.01831101;39.35137355;3.67387743;0.12673086;1451.976477
1/11/2007;0;11.62910071;0;31.80356472;0;0;0.02529417;0;0;9.46819097;0;10.45998028;0.38242701;1191.714427;2.87728623;0.30715036;5.40850169;0;43.08728915;7.80206549;0.00854394;37.09733514;4.60441205;0.02139799;1356.696966
1/12/2007;0;9.70340146;0;18.08672701;0;0;0.01806419;0;0;63.51659217;0;11.76142172;0.02959923;985.0342705;4.86255754;0.10448807;5.25294273;0;17.78337705;7.86161648;0.00138198;43.7170521;5.38586506;0.02865819;1173.148016
1/01/2008;0;11.82264576;0;34.15518957;0;0;0.02071621;0;0;18.86768821;0;13.19473949;0.03775105;1277.876057;2.18787844;0.13535205;11.61907814;0;41.52087755;8.26723567;0.01355681;38.09366344;5.27960075;0.00737106;1463.099401
1/02/2008;0;13.07751882;0;9.82896894;0;0;0.02079223;0;0;35.79481515;0;8.5315326;0.01738491;1036.555897;24.67201784;0.10233508;17.76509318;0;23.55199914;8.84178387;0.02457608;35.06983379;4.18610047;0.01227207;1218.052922
1/03/2008;0;3.72710767;0;17.70263071;0;0;0.16735111;0;0;35.30023127;0;3.91545817;0.0221481;1106.606632;3.24521822;0.06934206;7.8577089;0;43.09055614;8.97672646;0.05662408;35.69829784;4.72369299;0.30668389;1271.466409
1/04/2008;0;20.64129809;0;38.38528776;0;0;0.01653616;0;0;60.44230535;0;14.35054288;0.02698917;1233.622506;15.12160054;0.20419118;3.62108534;0;32.81612924;8.36049305;0.0330091;45.21643242;4.69131132;0.27945405;1477.829171
1/05/2008;0;11.1803555;0;31.67994853;0;0;0.01531113;0;0;23.18313202;0;5.88885655;5.40839388;1284.235947;0.48944117;0.09484007;17.07867395;0;10.39948415;7.71863273;0.07688199;41.7180623;4.32412839;0.01709504;1443.509184
1/06/2008;0;20.00586207;0;49.5276819;0;0;0.02142294;0;0;35.77660234;0;13.13950442;0.59804893;1347.866946;9.57673729;0.25270617;9.2338695;0;31.14084499;8.35177197;0.05696601;49.16768669;4.70090535;0.02983;1579.447387
1/07/2008;0;43.15515027;0;36.66314718;0;0;0.01289313;0;0;171.9115636;0;14.13293949;0.02327108;1398.117912;5.67161205;0.27556319;26.64850927;0;25.61124411;9.58755887;0.05148108;48.16618231;3.01511019;0.09809321;1783.142231
1/08/2008;0;15.52964407;0;38.51748187;0;0;0.01999199;0;0;52.69917854;0;26.73170067;0.02440177;1370.168325;0.23675517;0.42922819;17.60434243;0;36.44941949;8.37417701;0.047936;49.6976266;4.25437413;0.09818509;1620.882768
1/09/2008;0;30.49848907;0;42.57635682;0;0;0.02257013;0;0;64.83188229;0;17.61712189;0.01762914;1570.771004;8.56449918;0.29263411;13.27856626;0;30.22935079;6.35992694;0.05539023;45.35021723;4.33197659;0.08481219;1834.882427
1/10/2008;0;22.09754492;0;51.5828546;0;0;0.01757017;0;0;57.64183077;0;14.86261909;0.01610694;1588.719554;23.14494842;0.0654021;11.45411276;0;41.38174827;11.05387491;0.03526909;48.25388716;5.8015286;0.02333006;1876.152182
1/11/2008;0;13.23028484;0;18.19884779;0;0;0.01665506;0;0;27.80364422;0;13.75599834;0.01587606;1264.107871;10.78717011;0.06829611;26.02874339;0;16.94602076;7.58417196;0.0408461;55.864429;6.75517559;0.04285009;1461.246881
1/12/2008;0;4.54074299;0;21.47311321;0;0;0.01932924;0;0;50.63801788;0;13.20453243;0.02436312;1316.627342;5.56949903;0.38359607;12.59175322;0;17.8434476;9.16092422;0.07473807;67.60545373;6.21358866;0.03730206;1526.007744
1/01/2009;0;1.47152404;0;16.47715717;0;0;0.02481109;0;0;30.34916029;0;12.63135594;0.017371;1197.851957;4.19502497;0.12271006;38.10932721;0;9.74327591;5.36974364;0.03831207;39.91762177;3.57246752;0.0172821;1359.909102
1/02/2009;0;0.00268804;0;13.89144625;0;0;0.01162705;0;0;42.42236229;0;9.55872848;0.01657757;1002.75257;12.97461663;0.61818211;17.2259979;0;31.86572548;6.01481773;0.12280112;37.3582578;3.77159312;0.04449315;1178.652485
1/03/2009;0;1.47493797;0;22.24919942;0;0;0.01242208;0;0;10.90815237;0;13.48656013;0.02474713;1062.324992;1.51404297;0.10819405;14.35385598;0;7.64288108;7.1496073;0.04757607;30.3899612;4.58891885;0.05062626;1176.326674
1/04/2009;0;0.28519202;0;58.68491256;0;0;0.02188616;0;0;13.85221759;0;10.34243833;0.02031818;949.896182;5.02206917;0.31256815;22.0068813;0;26.74558873;7.29942532;0.03950508;28.81638995;3.24474268;0.07358016;1126.663897
1/05/2009;0;4.02593048;0;15.5975342;0;0;0.02563414;0;0;11.5308984;0;13.48990656;0.01249905;939.7118842;1.20081125;0.13807721;25.50411359;0;14.61612922;7.65469296;0.06264002;24.37101458;3.67306968;0.2845619;1061.899397
1/06/2009;0;4.53387269;0;12.7203776;0;0;0.01612917;0;0;10.80449161;0;11.15173127;0.01884214;1030.964429;0.18505126;0.20625615;24.05949888;0;23.46722538;10.83237407;0.03410508;31.2795077;3.21480115;0.19553313;1163.684226
1/07/2009;0;11.40052504;0;24.95303169;0;0;0.02105823;0;0;10.94130619;0;9.73999033;0.02707555;990.6487361;7.81815287;0.14718413;5.35358646;0;28.13957279;10.64300388;0.06126513;35.53803124;3.75809941;0.17514514;1139.365764
1/08/2009;0;1.72146987;0;13.24897973;0;0;0.01346605;0;0;12.51803873;0;8.41962378;0.02426303;1161.68672;2.87836129;0.20289008;17.36861076;0;17.63860287;9.6497563;0.12572008;32.97238745;4.27224438;0.08781305;1282.828948
1/09/2009;0;7.21668158;0;14.03569377;0;0;0.01378624;0;0;11.03992649;0;12.09088919;0.03664003;1008.941279;7.08830969;0.63250703;5.15457674;0;57.62150232;11.67603033;0.04429712;30.98447117;3.58110897;0.08416815;1170.241868
1/10/2009;0;11.7911231;0;13.52017967;0;0;0.01955015;0;0;12.44521896;0;15.85223105;0.02669622;1106.426354;6.81162976;0.15285712;9.20373678;0;27.2298739;11.09336517;0.13943997;35.50996229;3.85230034;0.05207901;1254.126597
1/11/2009;0;14.74227189;0;15.04535895;0;0;0.01951017;0;0;15.21934224;0;4.59044622;0.02194725;1159.213696;0.42280813;0.40340608;5.82184893;0;22.51098517;10.64568592;0.07708403;37.05703291;4.01782139;0.05616104;1289.865406
1/12/2009;0;13.04900702;0;15.89095469;0;0;0.02395502;0;0;11.39693909;0;12.75928445;0.02571521;1196.033471;2.49867604;0.14700806;6.71170585;0;59.03405612;8.67395209;0.01637313;34.06538148;5.27322971;0.02808316;1365.627792
1/01/2010;0;12.57388746;0;14.89914718;0;0;0.0221051;0;0;10.13699763;0;13.33338912;0.02690026;1254.462066;5.73379143;0.32955413;6.08875518;0;26.87358043;7.56540109;0.17167218;29.54879789;4.50115106;0.08544916;1386.352645
1/02/2010;0;1.34451808;0;20.75031779;0;0;0.04119209;0;0;7.14620263;0;11.48968956;0.01529812;1114.061843;11.87228158;0.15714214;9.27343751;0;67.43626218;7.20724315;0.08254415;34.44353343;3.44245105;0.16331721;1288.927274
1/03/2010;0;7.66002404;0;22.43564275;0;0;0.01607517;0;0;10.33996084;0;7.25897846;0.01819706;1354.981731;6.37394472;0.13434213;23.19207367;0;55.44844013;7.86434697;0.19195911;38.79265626;5.87803938;0.04173108;1540.628142
1/04/2010;0;14.20007222;0;12.97757005;0;0;0.02052219;0;0;8.83537226;0;8.80449152;0.01435922;1331.208861;13.09304498;0.17009513;5.19217664;0;54.37208378;8.82003311;0.03793616;34.08578696;5.56708135;0.06297107;1497.462457
1/05/2010;0;14.56283235;0;40.27985374;0;0;0.01568021;0;0;20.25237679;0;14.73887041;0.01752827;1154.929547;1.71536774;0.11047313;5.96701997;0;21.44799498;10.83919365;0.07413611;41.93959226;5.49992236;0.17406708;1332.564456
1/06/2010;0;10.52140899;0;18.93412638;0;0;0.01487213;0;0;11.98789775;0;9.41191109;0.01785015;1315.83371;0.23814823;0.16902803;7.76383963;0;27.77497101;8.76650327;0.13208608;42.94941318;4.49440627;0.03392509;1459.044097
1/07/2010;0;9.17023962;0;22.70591023;0;0;0.01664112;0;0;15.88914689;0;16.6908714;0.03753921;1408.452795;3.82647725;0.33845402;10.68507391;0;27.17423171;12.18065302;0.05365406;44.88671072;6.46451809;0.07644314;1578.649359
1/08/2010;0;26.11649704;0;50.79049879;0;0;0.02164907;0;0;13.99151158;0;9.97218542;0.02235612;1582.279202;5.88530015;0.10231205;10.81462178;0;60.49902295;9.39419005;0.03180015;53.40720505;7.06169747;0.08823016;1830.478279
1/09/2010;0;15.94142305;0;51.32545535;0;0;0.03425306;0;0;14.19135072;0;12.49100108;0.03706622;1526.388281;8.51601288;0.27018416;10.22452332;0;41.5410145;9.99977417;0.04104509;41.59228691;7.40080612;0.05111421;1740.045592
1/10/2010;0;12.17048571;0;21.81209478;0;0;0.02045321;0;0;13.88354989;0;16.35094054;0.02543016;1519.764934;1.53802741;0.20366713;5.81492305;0;27.63020459;9.48334537;0.11188712;47.09759533;6.7193725;0.02451708;1682.651428
1/11/2010;0;4.5747116;0;60.07293331;0;0;0.02035822;0;0;13.92874462;0;19.64139332;0.02877504;1653.018765;0.12464818;0.17447804;10.15855219;0;33.86487576;13.90864851;0.01789414;50.58142056;5.50205339;0.05979101;1865.678042
1/12/2010;0;12.12405813;0;53.47984392;0;0;0.02101321;0;0;18.14680586;0;20.88230442;0.034574;1440.494482;54.89595403;0.15386609;10.46620142;0;53.03855161;9.98420181;0.02283403;47.94871779;6.81004847;0.03915009;1728.542607
1/01/2011;0;10.11329762;0;12.02434913;0;0;0.02003219;0;0;12.7624822;0;6.77197136;0.01983725;1413.658347;6.57089516;0.24202207;4.95494864;0;63.03226091;8.6267458;0.04991113;32.74669736;5.91854901;0.05957411;1577.571921
1/02/2011;0;4.69757609;0;18.59511024;0;0;0.01318906;0;0;39.74382055;0;5.57923024;0.02506729;1321.721361;63.17333707;0.16199394;8.47397556;0;33.28197834;8.81879052;0.08035906;26.76452313;5.0574782;0.02764613;1536.215437
1/03/2011;0;6.85624639;0;30.86799712;0;0;0.02811913;0;0;23.89103041;0;14.18424445;0.04470302;1474.888074;12.16678429;0.18359108;11.48575477;0;48.40242213;6.52024758;0.24202208;41.39198913;6.32924572;0.03034307;1677.512814
1/04/2011;0;6.03199916;0;26.80702021;0;0;0.03778119;0;0;10.47367365;0;8.42798541;0.02125927;1525.418949;8.41860851;0.08598409;11.45466612;0;37.88405581;8.23405457;0.12690218;33.0793976;5.84067148;0.04927407;1682.392282
1/05/2011;0;32.02411852;0;68.67188812;0;0;0.0187543;0;0;10.81935259;0;19.09629831;0.03328227;1784.380672;7.16295553;0.11108108;32.63430518;0;73.77924713;3.19782348;0.0411901;37.41522267;4.9434198;0.23937625;2074.568988
1/06/2011;0;4.52441213;0;27.06935048;0;0;0.01909719;0;0;14.2492832;0;11.42085247;0.02271428;1647.119126;6.78499072;0.1905281;12.17600099;0;51.77064732;5.46964638;0.04141019;32.50970158;4.15381652;0.07813112;1817.599709
1/07/2011;0;18.41407547;0;44.26551906;0;0;0.02911412;0;0;20.36557277;0;21.16808373;0.03286306;1454.297564;14.0140444;0.20018804;11.56298625;0;41.73462602;8.55063051;0.02129706;32.6505436;3.83534231;0.01066108;1671.153111
1/08/2011;0;5.64632801;0;44.29960458;0;0;0.04252524;0;0;10.25202245;0;16.14140544;0.02810042;1625.025464;0.69352692;0.27068405;14.25083957;0;62.82068941;9.40018199;0.0994541;38.66818983;4.26161767;0.03580608;1831.93644
1/09/2011;0;19.29498442;0;66.68825949;0;0;0.02821818;0;0;14.33765371;0;23.33933699;0.0260463;1655.056965;0.23867523;0.38565306;12.25093659;0;24.57130845;11.12398768;0.02349415;40.62235131;5.22899143;0.14237413;1873.359236
1/10/2011;0;0.96293803;0;50.15634001;0;0;0.01980708;0;0;7.80180305;0;9.23419237;0.02511218;1531.315875;0.02126995;0.28915222;7.56055032;0;62.24269024;7.71174388;0.01135409;39.08204179;6.08697796;0.04877705;1722.570625
1/11/2011;0;10.31965187;0;69.26373769;0;0;0.02236112;0;0;16.64285266;0;13.67353529;0.03472241;1645.108987;0.11188409;0.05065312;14.52946972;0;47.34460381;7.76138516;0.02024005;44.95326304;4.97101536;0.04793403;1874.856297
1/12/2011;0;21.97734837;0;40.18599562;0;0;0.0380832;0;0;7.00179267;0;18.26284317;0.03647032;1522.622611;5.97465017;0.12559208;7.20533656;0;72.07181515;7.01468286;0.00755503;45.70711988;4.87070777;0.01406109;1753.116665
1/01/2012;0;8.96863928;0;38.22764866;0;0;0.0309412;0;0;8.76009088;0;18.25563258;0.06093129;1704.684596;6.82563278;0.14157807;28.93143447;0;50.21572927;7.81633344;0.01330713;27.10945262;4.30787727;0.04119704;1904.391022
1/02/2012;0;4.07778451;0;36.08019811;0;0;0.03032918;0;0;9.77962163;0;9.3776803;0.04782299;1358.075589;22.34954061;0.30194811;19.21744843;0;38.74238118;7.38151569;0.01001304;35.23483398;4.11998639;0.04860908;1544.875303
1/03/2012;0;17.88136032;0;73.91054458;0;0;0.02649799;0;0;6.51325054;0;7.52128109;0.05018222;1522.608262;9.04421386;0.06078209;7.13071293;0;38.96266223;8.63387902;0.01975402;43.45600709;4.97078553;0.08653308;1740.876709
1/04/2012;0;11.00451509;0;42.18159284;0;0;0.02623315;0;0;5.87279493;0;11.89492036;0.03390733;1450.800758;0.2661671;0.06186607;8.12138626;0;24.73979308;7.94670609;0.02621608;35.7717229;3.25649225;0.0154951;1602.020567
1/05/2012;0;15.83195734;0;53.67498919;0;0;0.03271224;0;0;10.01048798;0;19.5198024;0.04373745;1875.977478;0.3536681;0.14304195;50.67755292;0;36.71897078;10.55585442;0.11668708;48.40920664;6.3145658;0.03142514;2128.412138
1/06/2012;0;24.81182214;0;27.50074763;0;0;0.03137614;0;0;12.70405746;0;16.32673945;0.04007197;1516.608666;17.41300495;0.16233409;14.31476429;0;34.93682282;8.41954619;0.01969104;51.12444476;4.92727135;0.03774306;1729.379104
1/07/2012;0;23.8089271;0;79.27972135;0;0;0.02939826;0;0;20.14550105;0;19.86192729;0.04680888;1751.074361;7.64795865;0.09194513;20.87020533;0;44.98049285;11.64227838;0.00892804;56.47993051;5.4368258;0.01815509;2041.423365
1/08/2012;0;10.09197105;0;41.39018738;0;0;0.03331241;0;0;8.17368575;0;21.3182368;0.04089708;1706.87411;5.38547408;0.11762613;13.4538648;0;60.2579511;11.69923993;0.02368906;54.60981503;4.3755031;0.01489515;1937.860458
1/09/2012;0;1.91402697;0;101.8556082;0;0;0.03132925;0;0;7.44365203;0;20.62882173;0.03167027;1693.067181;1.67799571;0.18553806;18.18986597;0;65.91423972;13.89678562;0.01028304;52.51896267;4.36676753;0.08457517;1981.817303
1/10/2012;0;11.93705498;0;111.4219135;0;0;0.02944516;0;0;15.29130902;0;28.19488822;0.04252401;1752.546664;0.61985611;0.41491499;10.90700371;0;61.39129848;16.41723154;0.01848911;55.98150488;4.14348901;0.03796254;2069.395549
1/11/2012;0;1.05293906;0;66.92586864;0;0;0.02520121;0;0;7.82324485;0;20.12798754;0.02409216;1718.484853;0.50368504;0.19880077;15.11594962;0;39.32722496;14.83835244;0.01038007;41.8812338;4.50427489;0.04059018;1930.884678
1/12/2012;0;8.28916575;0;76.87265842;0;0;0.03289;0;0;11.79711045;0;20.62870148;0.02974119;1408.010273;21.67403481;0.16984892;11.20880355;0;40.60288025;12.35568194;0.09135004;42.16707285;4.91128808;0.02343009;1658.864931
1/01/2013;0;8.16728869;0;84.802081;0;0;0.02546106;0;0;14.2349707;0;14.07105462;0.0456322;1691.238555;5.24960826;0.13730908;26.78212318;0;38.1191915;12.46785072;0.00628055;33.61690323;5.21385871;0.01853206;1934.196701
1/02/2013;0;17.6844416;0;92.44952924;0;0;0.02656816;0;0;16.12473728;0;25.29414184;0.04030116;1492.76201;8.73389018;0.23192994;8.49404675;0;61.34700867;8.84634461;0.0156641;28.646248;4.30816163;0.00434305;1765.009367
1/03/2013;0;12.79665127;0;51.59173247;0;0;0.02608912;0;0;12.28027359;0;8.57109411;0.02561217;1514.154571;0.58034752;0.13518505;21.5943386;0;78.72070829;11.94113695;0.02047108;26.8014318;5.07139749;0.02465215;1744.335692
1/04/2013;0;8.75624435;0;87.1215732;0;0;0.02853421;0;0;7.49834409;0;23.28047706;0.04367418;1595.432483;7.75626902;0.23385313;24.81683426;0;50.11371428;13.4077553;0.03787811;31.22742107;5.43228038;0.03796906;1855.225305
1/05/2013;0;18.11832398;0;92.21854671;0;0;0.047461;0;0;15.71525568;0;30.39671427;0.04253406;1780.222107;7.39522425;0.36447311;14.02268153;0;59.83220484;12.42339822;0.00667905;44.66563197;3.70980644;0.06135216;2079.242395
1/06/2013;0;11.61749158;0;95.04890517;0;0;0.01848723;0;0;13.57992279;0;13.68971037;0.0402881;1560.347964;5.96795016;0.19258702;8.12642432;0;54.86334482;10.2759995;0.02309505;40.22518969;3.67177402;0.01594909;1817.705083
1/07/2013;0;17.8678014;0;146.1171237;0;0;0.03326023;0;0;19.29131261;0;27.81783375;0.05268738;1761.034012;0.69653447;0.21670111;11.39761321;0;35.23286089;11.97759027;0.00459804;49.85744864;4.9104727;0.02777605;2086.535627
1/08/2013;0;10.10820563;0;121.6855394;0;0;0.03928537;0;0;17.11788862;0;20.29840221;0.05503511;1982.484575;5.59075138;0.62887898;15.01983118;0;33.42123858;13.55039652;0.12882912;54.30142377;5.99452768;0.05276608;2280.477574
1/09/2013;0;9.27588245;0;153.6182386;0;0;0.03263515;0;0;11.4067336;0;32.50698485;0.03561995;1836.92298;0.34176333;0.16740297;10.91374146;0;38.31543266;13.02428152;0.02964307;52.28511898;4.35278207;0.09961401;2163.328855
1/10/2013;0;15.22791441;0;55.46184558;0;0;0.03211733;0;0;23.43804803;0;22.08592847;0.04720219;1999.948273;1.47284006;0.18396511;17.83659062;0;59.74252683;14.5915308;0.01416309;50.55264754;6.03034808;0.1599522;2266.825893
1/11/2013;0;2.61831713;0;107.8549034;0;0;0.02811021;0;0;18.07862563;0;31.74594305;0.06657191;1759.844865;0.24072013;0.17804506;19.6347057;0;82.5220991;13.35528386;0.05683513;48.50683549;6.13608465;0.04722901;2090.915175
1/12/2013;0;15.6251687;0;68.4703749;0;0;0.0393163;0;0;8.56425813;0;14.37936728;0.04356518;1650.681933;0.48586522;0.12507791;14.18282829;0;61.93650172;11.78355334;0.02020507;43.36869816;4.47920328;0.039509;1894.225425
1/01/2014;0;16.37477278;0;172.3143162;0;0;0.02073021;0;0;10.00237564;0;38.60616374;0.05322301;1871.912183;0.10607688;0.22334203;27.36556208;0;63.3515169;13.20286825;0.00959902;34.96648222;4.23130881;0.04669415;2252.787215
1/02/2014;0;17.25803066;0;119.9834134;0;0;0.01442798;0;0;10.90205961;0;17.82227686;0.022999;1544.680917;1.57989203;0.16213908;8.07711858;0;62.8596102;17.98140157;0.13812239;30.72420978;5.77386648;0.03035514;1838.01084
1/03/2014;0;9.30114477;0;93.62229839;0;0;0.017654;0;0;11.28595237;0;35.77255255;0.054741;1754.165569;5.75778545;0.21533823;9.05240981;0;43.59912087;12.47397099;0.00282703;37.89912663;3.66034536;0.03584912;2016.916685
1/04/2014;0;12.00360702;0;144.4694063;0;0;0.02152403;0;0;11.82260293;0;27.47175892;0.04407901;1819.370159;0.07304906;0.11659311;7.88036655;0;69.50097514;13.47532152;0.00609608;28.23633333;4.29986068;0.01412505;2138.805857
1/05/2014;0;16.48978885;0;99.93892216;0;0;0.09725394;0;0;9.87804986;0;12.72756084;0.0291481;1727.492695;7.72359078;0.12983546;10.71889101;0;44.44406188;17.37819849;0.01361299;51.64379856;4.91173502;0.02805609;2003.645199
1/06/2014;0;12.31399174;0;146.3650357;0;0;0.02662396;0;0;13.55770434;0;19.10975414;0.02479108;1690.115995;0.38957409;0.19713922;15.75599306;0;20.00768645;15.9743778;0.05109506;42.64283944;4.7730721;0.32564607;1981.631319
1/07/2014;0;4.13228396;0;115.7087277;0;0;0.01846504;0;0;13.17587472;0;34.99644737;0.03272737;1865.148721;1.93144808;0.06389602;15.53679332;0;70.72628024;17.1619927;0.01956381;43.44594101;4.69004814;0.02399497;2186.813205
1/08/2014;0;2.94599671;0;99.42457464;0;0;0.00888402;0;0;22.52767675;0;25.57174026;0.02319515;1842.527616;5.98855142;0.07142908;7.62322453;0;48.67671794;13.99894469;0.07236799;40.45460852;4.47853981;1.25264911;2115.646716
1/09/2014;0;7.16916654;0;137.7668279;0;0;0.01806693;0;0;12.75575615;0;34.95083984;0.03657515;1842.416685;1.77260793;0.16207426;10.50212985;0;47.19328134;15.44413857;0.05022106;40.97173962;5.74241441;0.1416271;2157.094152
1/10/2014;0;5.46292382;0;90.62342779;0;0;0.01622702;0;0;13.84588021;0;23.97377981;0.03229702;1947.492078;0.10257423;0.19614601;12.98709865;0;50.33240219;12.89708545;0.00474304;46.60685892;6.10681684;0.21124913;2210.891589
1/11/2014;0;15.6430073;0;110.508156;0;0;0.01103011;0;0;13.61215934;0;17.95277497;0.04871508;1780.87952;0.07948818;0.24461103;11.8587802;0;45.20692577;13.28373347;0.05063907;38.4122349;4.17140666;0.01756806;2051.98075
1/12/2014;0;6.43604461;0;126.0140591;0;0;0.01091007;0;0;11.10455577;0;7.320149;0.03222217;1773.507581;0.56045593;0.27517412;7.56096121;0;43.21717634;10.86096854;0.00593905;46.12675814;6.09201495;0.07093315;2039.195903
1/01/2015;0;16.38409057;0;88.12863279;0;0;0.01052206;0;0;23.9687381;0;37.77854248;0.04414715;1664.422214;0.39037884;0.23344912;6.41391222;0;26.45436032;8.4161402;0.00225302;26.5426868;5.67259784;0.04197415;1904.90464
1/02/2015;0;9.12864241;0;96.01924429;0;0;0.01470504;0;0;8.61971818;0;11.5904719;0.02290413;1616.349096;0.22328815;0.18036618;10.80536836;0;37.94486084;10.39929896;0.12434806;23.91651679;6.43478233;0.04760992;1831.821222
1/03/2015;0;21.24517669;0;81.50690403;0;0;0.02557697;0;0;23.92874206;0;10.6335407;0.02848614;1780.173495;5.34364562;0.23859047;10.773181;0;28.60177823;8.49701272;0.01880706;37.63911936;6.72090961;0.31036117;2015.685327
1/04/2015;0;5.684271;0;78.51230811;0;0;0.01673589;0;0;12.32468701;0;10.43814087;0.01569403;1611.215803;0.89447323;0.12417108;15.08819854;0;37.31219657;10.65704438;0.05097701;30.31858976;4.9662617;0.10617615;1817.725728
1/05/2015;0;7.63520101;0;113.7305348;0;0;0.00924401;0;0;25.14205096;0;33.81124608;0.01405708;1699.014836;5.3371531;0.1209591;5.65508602;0;39.5471916;12.51744152;0.02332799;29.90044683;6.03047983;0.02697211;1978.516228
1/06/2015;0;16.62138027;0;122.8058009;0;0;0.01387198;0;0;61.12164979;0;14.79727867;0.01949416;1743.363768;0.21292114;0.60017087;8.44458519;0;47.76958872;12.30584179;0.03789104;36.21109078;4.80082661;0.49683613;2069.622996
1/07/2015;0;0.515555;0;87.26316075;0;0;0.0081253;0;0;27.13015526;0;15.38506329;0.02283905;1842.04831;0.30938292;1.28840015;11.53709461;0;49.18145077;13.06628432;0.00665802;54.21638572;5.12450365;0.04855612;2107.151925
1/08/2015;0;0.799444;0;100.1494261;0;0;0.01700207;0;0;17.51019715;0;24.80742721;0.02016807;1915.940532;0.07403619;0.0849821;13.94691236;0;32.22681305;13.65624685;0.10156007;47.73153339;5.23215238;0.04162305;2172.340056
1/09/2015;0;14.25626217;0;106.7293609;0;0;0.03162512;0;0;19.29574879;0;20.59794937;0.03487197;1899.223279;0.0612322;0.49026096;15.41048651;0;39.79689465;17.84028482;0.02839107;42.88795909;5.15562003;0.01494302;2181.85517
1/10/2015;0;8.7088976;0;134.108409;0;0;0.01282604;0;0;18.90116084;0;24.48888387;0.00896511;1869.02307;0.14402312;0.15683011;34.00583592;0;37.23318933;14.17372866;0.017568;41.19853755;6.24495203;0.14103109;2188.567908
1/11/2015;0;8.11531906;0;93.80269685;0;0;0.00475603;0;0;21.79553803;0;20.98293466;0.02215692;1872.493491;0.14535114;0.20229312;13.26351788;0;58.10214773;13.3520228;0.22303606;38.06634173;5.74148634;0.03234108;2146.34543
1/12/2015;0;10.13942463;0;90.68957236;0;0;0.0324158;0;0;11.44751206;0;21.90331752;0.01180617;1942.326577;0.10413711;0.14783809;69.57870437;0;41.18998272;15.87519741;0.04441009;39.09073735;5.16846583;5.78104577;2253.531144
1/01/2016;0;7.3959267;0;125.9512977;0;0;0.02450302;0;0;15.77045753;0;32.57377093;0.02953208;1765.56128;30.81872848;0.08182302;18.88744341;0;68.89414421;12.60378761;0.00465905;27.8720983;5.76012786;0.11890307;2112.348483
1/02/2016;0;13.8662648;0;71.46898715;0;0;0.01280799;0;0;5.54544306;0;6.33422497;0.01604408;1760.885992;0.04828801;0.41541593;25.65750105;0;43.30426075;11.47951148;0.040622;33.94727687;5.30082223;0.0597361;1978.383198
1/03/2016;0;8.63486603;0;62.33433874;0;0;0.01252702;0;0;24.00174683;0;35.2399691;0.05852805;1773.4739;0.0414542;1.30460814;29.58820311;0;62.8055066;13.82933316;0.02702104;26.8619033;4.64987994;0.08711211;2042.950897
1/04/2016;0;4.72317103;0;82.32375288;0;0;0.00866205;0;0;9.21256434;0;10.54450949;0.05819997;1698.90759;0.02608311;0.2418811;62.19926096;0;43.22876598;15.78746362;0.06160508;38.23108908;4.1204315;0.03686418;1969.711894
1/05/2016;0;5.53185303;0;88.02394414;0;0;0.04217299;0;0;11.79458532;0;25.39446892;0.01953613;1692.093198;2.15050307;0.14762579;32.17705699;0;38.10107286;15.30229042;0.0528411;34.95932083;5.11037736;1.04302616;1951.943874
1/06/2016;0;7.22696215;0;99.43107939;0;0;0.00936702;0;0;9.77173199;0;9.39484548;0.01868202;1781.50923;0.01775201;0.09285478;47.00978433;0;73.37539748;15.58157564;0.05216705;30.54089526;4.59062942;0.0383761;2078.66133
1/07/2016;0;14.24645539;0;45.86425808;0;0;0.00991305;0;0;23.7683429;0;25.27864991;0.02197813;1621.066846;0.25937509;0.0454331;14.2397835;0;89.33624602;16.14440043;0.01165797;43.22405343;4.04894615;0.2444721;1897.810811
1/08/2016;0;7.16434273;0;97.68988328;0;0;0.02536313;0;0;25.79167817;0;29.97218517;0.03511707;1834.45256;0.02504607;0.34297794;19.98561529;0;77.31415228;18.23030861;0.05615703;36.75013787;5.02634986;0.03491112;2152.896786
1/09/2016;0;6.06330302;0;71.6463477;0;0;0.00902502;0;0;13.23826139;0;21.92899848;0.02065122;2037.68044;0.09690116;0.25455908;47.93013901;0;73.24727632;18.17716215;0.15827207;46.6843847;5.03339915;0.03568209;2342.204803
1/10/2016;0;16.16057798;0;89.69309746;0;0;0.01262706;0;0;14.78850167;0;16.14501429;0.01620012;1986.062279;0.14733313;0.27413854;51.37765502;0;97.87906252;13.43341515;0.01164604;40.9396874;5.33335392;0.05348612;2332.328076
1/11/2016;0;3.60026168;0;95.40141309;0;0;0.00838502;0;0;15.4597292;0;19.26254424;0.02101006;1970.135654;0.13022511;0.571681;24.34446846;0;89.67383518;13.46495115;0.04161704;47.19953237;6.52824264;0.06866713;2285.912218
1/12/2016;0;5.4931409;0;76.05129507;0;0;0.00427904;0;0;8.67310468;0;23.15408198;0.0187951;1965.718252;0.07078143;0.13546897;46.02269279;0;53.38778529;11.36654217;0.03198602;43.25851311;6.08160363;0.04455901;2239.512881
1/01/2017;0;6.03815204;0;88.60054584;0;0;0.005848;0;0;17.4927409;0;17.3386689;0.01993306;1829.581579;0.1064431;0.13708906;35.05131794;0;81.9283958;12.92771757;0.03721977;34.3700116;5.46109931;0.03323701;2129.129999
1/02/2017;0;4.39499364;0;90.53372038;0;0;0.00541102;0;0;12.92258235;0;19.98542321;0.01162911;1709.270742;0.01378513;0.06879912;36.51983643;0;73.84034623;11.56557951;0.23085403;29.61769654;7.36642041;0.08357206;1996.431391
1/03/2017;0;14.71852925;0;88.08333909;0;0;0.00302;0;0;12.78484996;0;34.78128875;0.02395307;1902.120421;0.08185617;0.10865106;22.49706542;0;42.04603876;11.04000748;0.000476;36.70988773;6.7073162;0.34119612;2172.047896
1/04/2017;0;4.95601202;0;92.87725876;0;0;0.002307;0;0;15.74093475;0;15.12679758;0.00512104;1775.019001;0.11556303;0.09261296;20.59222835;0;75.46299351;13.41150314;0;28.75925469;6.77061591;0.01164107;2048.943845
1/05/2017;0;11.2992756;0;81.62339883;0;0;0.00102164;0;0;10.75503386;0;16.97305452;0.0142311;2002.033558;0.13405709;0.02837897;28.73964672;0;60.65365937;13.81799273;0.00591504;36.61128531;5.48503918;0.1549301;2268.330478
1/06/2017;0;4.59429052;0;89.93744295;0;0;0.00219199;0;0;20.42413809;0;18.29079514;0.00908611;1791.244138;0.18073107;0.03291802;31.7885883;0;42.50373997;12.23811435;0.06620603;35.93051061;6.23133233;0.26012205;2053.734346
1/07/2017;0;12.52410869;0;63.29830137;0;0;0.003127;0;0;11.48459605;0;15.37023791;0.00926301;1926.922191;0.01062906;0.04862203;30.74051014;0;84.1741892;11.41188728;0.009608;37.50643911;6.94785754;0.08792805;2200.549495
1/08/2017;0;17.22503647;0;91.10093014;0;0;0.00573503;0;0;56.0780182;0;51.93880402;0.00719111;2019.354966;0.14586316;0.39632786;44.42220103;0;44.64458608;13.21954806;0.02861301;48.54131956;6.68250747;0.06633101;2393.857978
1/09/2017;0;0.97878099;0;116.8634952;0;0;0.00538204;0;0;16.20252966;0;19.89882917;13.49685606;1906.128027;0.02082913;0.25008078;42.14734717;0;71.90994165;11.0618313;0.08635196;40.11409946;11.99351792;0.03166905;2251.189569
1/10/2017;0;9.35592806;0;156.9552551;0;0;0.010561;0;0;42.37109061;0;16.12969882;0.00901704;2077.389548;0.05194708;0.31159322;43.12476233;0;96.3456021;12.11859799;0.00543401;36.05728324;10.54272903;0.08367105;2500.862718
1/11/2017;0;1.42082606;0;101.3226399;0;0;0.00569206;0;0;26.50952136;0;23.10342324;0.00514103;1968.022895;0.01216201;0.26813319;40.43780068;0;63.86757496;13.0373747;0.01262104;43.84973595;8.41083617;0.05948304;2290.34586
1/12/2017;0;7.25526198;0;88.33657816;0;0;0.04014801;0;0;33.51884909;0;6.75017929;0.00583709;2036.708132;0.02098417;0.70230082;43.43729616;0;104.7940291;14.27630052;0.01515706;41.60641842;7.34081794;0.00913299;2384.817423
1/01/2018;0;3.60458303;0;128.141308;0;0;0.01292997;0;0;28.47589476;0;24.96532601;0.0072021;1985.445092;0.02249316;0.24834199;27.73932502;0;97.54138618;11.89112823;0.01913599;32.18312312;8.17612007;0.02541889;2348.498808
1/02/2018;0;7.35964806;0;115.7340012;0;0;0.00241403;0;0;20.85672945;0;18.704422;5.91007308;1857.573958;0.00950917;0.15097408;27.97437206;0;55.16321546;11.1745984;0.07861605;33.797345;8.56992007;0.09787511;2163.157671
1/03/2018;0;2.56063403;0;113.7896457;0;0;0.00498605;0;0;36.66979729;0;20.23959616;8.74669208;2016.40059;0.16939213;0.26623615;25.65710512;0;62.87914824;12.72732981;0.02589101;42.36394971;8.25299417;0.00971506;2350.763703
1/04/2018;0;21.76665164;0;106.0428374;0;0;0.00937207;0;0;32.19888243;0;8.48446165;0.00662689;2156.046467;4.48518223;1.3154951;26.46981901;0;43.21737518;18.12914974;0.13179301;42.74177497;8.44766848;0.039158;2469.532715
1/05/2018;0;7.88162602;0;95.5291669;0;0;0.00404702;0;0;38.61499361;0;20.02469615;0.01535718;2163.64572;4.66431422;1.38899005;25.30549557;0;75.93884815;18.6422876;0.13958303;32.90312917;7.42717738;0.12782105;2492.253253
1/06/2018;0;9.42614205;0;129.5983986;0;0;0.00565903;0;0;18.57554202;0;22.02259068;0.01024809;2192.461981;0.02494226;0.205054;37.40836843;0;91.54991354;15.62858966;0.00449099;34.57333106;6.11471104;0.02575603;2557.635718
1/07/2018;0;12.78136705;0;107.5088172;0;0;0.00629404;0;0;19.6876194;0;22.42409114;0.01149609;2135.124072;0.03255805;0.49915223;39.20036817;0;76.21312786;14.81870781;0.018321;44.81143957;6.96664598;0.20412405;2480.308202
1/08/2018;0;10.77856705;0;120.9483117;0;0;0.00704408;0;0;21.97368095;0;24.00242008;0.00739205;2287.980405;0.06996016;0.3662371;25.28042662;0;29.78477799;15.44868358;0.07980002;34.12804242;7.98692159;0.00746803;2578.850138
1/09/2018;0;3.74201003;0;120.188093;0;0;0.01421497;0;0;27.49071498;0;25.5919953;0.01513408;2324.439329;0.89275716;0.25106507;46.11119392;0;144.2978527;15.61312782;0.02607402;40.0553182;6.81118336;0.01400209;2755.554066
1/10/2018;0;11.17139701;0;74.47262466;0;0;0.00995399;0;0;18.90843722;0;29.81318227;15.42557109;2491.584481;0.0268702;0.33988314;30.25929032;0;61.80679631;15.20650374;0.005401;32.91390252;8.20475254;0.01724211;2790.166289
1/11/2018;0;6.05370799;0;137.8582954;0;0;0.01636998;0;0;20.24211363;0;14.75638847;0.01102006;2398.881879;0.02763829;0.38610113;38.83521215;0;94.58786272;13.82736065;0.00629108;42.89766833;8.29515485;0.02349309;2776.706557
1/12/2018;0;7.62004303;0;122.6140043;0;0;0.00473799;0;0;18.59280926;0;18.72765999;0.00943512;2162.487752;1.03248324;0.48719806;25.75898071;0;67.89591823;15.19901206;0.04005902;43.71051464;6.7865533;0.01342204;2490.980583
1/01/2019;0;9.30960088;0;116.46285;0;0;0.00369002;0;0;28.02839434;0;25.5148813;15.84463712;2254.781557;0.37324659;0.28974103;22.71987786;0;59.33090752;14.5549449;0.01810203;35.05810307;8.2546274;0.02026904;2590.56543
1/02/2019;0;7.16281493;0;80.99312035;0;0;0.009382;0;0;12.25891143;0;28.97660816;14.02481612;2079.466578;32.37625056;0.26019606;32.99346851;0;88.23060379;13.20796339;0.00162399;24.25665886;7.09006799;0.16221004;2421.471274
1/03/2019;n.d.;n.d.;n.d.;n.d.;n.d.;n.d.;n.d.;n.d.;n.d.;n.d.;n.d.;n.d.;n.d.;n.d.;n.d.;n.d.;n.d.;n.d.;n.d.;n.d.;n.d.;n.d.;n.d.;n.d.;n.d.
1/04/2019;n.d.;n.d.;n.d.;n.d.;n.d.;n.d.;n.d.;n.d.;n.d.;n.d.;n.d.;n.d.;n.d.;n.d.;n.d.;n.d.;n.d.;n.d.;n.d.;n.d.;n.d.;n.d.;n.d.;n.d.;n.d.
1/05/2019;n.d.;n.d.;n.d.;n.d.;n.d.;n.d.;n.d.;n.d.;n.d.;n.d.;n.d.;n.d.;n.d.;n.d.;n.d.;n.d.;n.d.;n.d.;n.d.;n.d.;n.d.;n.d.;n.d.;n.d.;n.d.
1/06/2019;n.d.;n.d.;n.d.;n.d.;n.d.;n.d.;n.d.;n.d.;n.d.;n.d.;n.d.;n.d.;n.d.;n.d.;n.d.;n.d.;n.d.;n.d.;n.d.;n.d.;n.d.;n.d.;n.d.;n.d.;n.d.
; ;;;;;;;;;;;;;;;;;;;;;;;;
