;Ingresos tributarios recaudados por SUNAT - Impuesto General a las Ventas interno según departamento - Amazonas (millones de soles);Ingresos tributarios recaudados por SUNAT - Impuesto General a las Ventas interno según departamento - Ancash (millones de soles);Ingresos tributarios recaudados por SUNAT - Impuesto General a las Ventas interno según departamento - Apurimac (millones de soles);Ingresos tributarios recaudados por SUNAT - Impuesto General a las Ventas interno según departamento - Arequipa (millones de soles);Ingresos tributarios recaudados por SUNAT - Impuesto General a las Ventas interno según departamento - Ayacucho (millones de soles);Ingresos tributarios recaudados por SUNAT - Impuesto General a las Ventas interno según departamento - Cajamarca (millones de soles);Ingresos tributarios recaudados por SUNAT - Impuesto General a las Ventas interno según departamento - Callao (millones de soles);Ingresos tributarios recaudados por SUNAT - Impuesto General a las Ventas interno según departamento - Cusco (millones de soles);Ingresos tributarios recaudados por SUNAT - Impuesto General a las Ventas interno según departamento - Huancavelica (millones de soles);Ingresos tributarios recaudados por SUNAT - Impuesto General a las Ventas interno según departamento - Huánuco (millones de soles);Ingresos tributarios recaudados por SUNAT - Impuesto General a las Ventas interno según departamento - Ica (millones de soles);Ingresos tributarios recaudados por SUNAT - Impuesto General a las Ventas interno según departamento - Junín (millones de soles);Ingresos tributarios recaudados por SUNAT - Impuesto General a las Ventas interno según departamento - La Libertad (millones de soles);Ingresos tributarios recaudados por SUNAT - Impuesto General a las Ventas interno según departamento - Lambayeque (millones de soles);Ingresos tributarios recaudados por SUNAT - Impuesto General a las Ventas interno según departamento - Lima Metropolitana (millones de soles);Ingresos tributarios recaudados por SUNAT - Impuesto General a las Ventas interno según departamento - Lima provincias (millones de soles);Ingresos tributarios recaudados por SUNAT - Impuesto General a las Ventas interno según departamento - Loreto (millones de soles);Ingresos tributarios recaudados por SUNAT - Impuesto General a las Ventas interno según departamento - Madre de Dios (millones de soles);Ingresos tributarios recaudados por SUNAT - Impuesto General a las Ventas interno según departamento - Moquegua (millones de soles);Ingresos tributarios recaudados por SUNAT - Impuesto General a las Ventas interno según departamento - Pasco (millones de soles);Ingresos tributarios recaudados por SUNAT - Impuesto General a las Ventas interno según departamento - Piura (millones de soles);Ingresos tributarios recaudados por SUNAT - Impuesto General a las Ventas interno según departamento - Puno (millones de soles);Ingresos tributarios recaudados por SUNAT - Impuesto General a las Ventas interno según departamento - San Martín (millones de soles);Ingresos tributarios recaudados por SUNAT - Impuesto General a las Ventas interno según departamento - Tacna (millones de soles);Ingresos tributarios recaudados por SUNAT - Impuesto General a las Ventas interno según departamento - Tumbes (millones de soles);Ingresos tributarios recaudados por SUNAT - Impuesto General a las Ventas interno según departamento - Ucayali (millones de soles);Ingresos tributarios recaudados por SUNAT - Impuesto General a las Ventas interno según departamento - Total (millones de soles)
1/01/1994;0.021313;1.444937;0.018105;11.212857;0.055688;0.886996;5.51203;1.438365;0.063004;0.216018;3.438425;1.808152;5.337217;2.720857;225.713941;1.51627;1.618597;0.04484;0.320701;0.167151;3.137145;0.383545;0.238176;1.598698;0.152448;0.674977;269.740453
1/02/1994;0.013552;2.172829;0.015502;8.90829;0.08098;0.79305;4.45767;1.559602;0.07378;0.239591;2.498109;0.941202;5.219079;2.739332;225.650608;1.543859;1.480696;0.046108;0.281213;0.128934;3.411628;0.350032;0.320485;1.284991;0.14429;0.59248;264.947892
1/03/1994;0.023139;2.979806;0.026052;11.0253;0.099798;0.723771;3.602403;1.602633;0.076425;0.207141;2.227488;2.938118;8.600371;2.983348;199.416689;1.543366;1.651229;0.035257;0.534495;0.121374;2.724145;0.594029;0.216363;1.871285;0.116375;0.852188;246.792588
1/04/1994;0.031054;2.938853;0.025097;9.206041;0.113859;0.772894;4.080389;1.288065;0.083258;0.396527;3.390135;1.434152;6.973078;2.504174;239.617174;1.376324;0.737955;0.023231;1.147166;0.13607;2.83228;0.410685;0.259617;1.946052;0.207372;0.368975;282.300477
1/05/1994;0.017443;3.266749;0.024485;14.68857;0.132166;0.732942;3.537287;1.446881;0.09231;0.268516;3.631213;2.138757;7.331798;2.74486;232.891698;1.762656;0.436332;0.035391;0.384614;0.166855;3.332261;0.497236;0.331732;1.118777;0.100981;0.481329;281.593839
1/06/1994;0.020386;2.312897;0.03504;11.552716;0.123341;0.803046;4.399983;1.187137;0.104268;0.266165;3.10674;2.443958;7.314493;3.291462;219.982837;2.325976;0.970596;0.052134;0.556137;0.156882;3.698635;0.364573;0.523927;1.610621;0.128865;0.412886;267.745701
1/07/1994;0.018854;2.937942;0.039829;11.041114;0.114339;1.115848;4.234084;2.130661;0.103794;0.274685;3.307107;2.429951;10.344823;3.61031;224.315757;2.311154;0.823644;0.039529;0.280226;0.214499;3.536344;0.525401;0.164133;1.688183;0.099734;0.546582;276.248527
1/08/1994;0.026549;2.481854;0.040098;14.620344;0.172983;0.840406;4.084317;2.261598;0.123849;0.25747;2.890862;3.687808;10.698924;4.002509;279.677147;2.138788;0.77514;0.035102;0.519448;0.198288;4.15987;0.688744;0.321158;1.811232;0.156044;0.681545;337.352077
1/09/1994;0.023302;3.691404;0.044251;13.340475;0.187559;1.062718;3.983991;2.148107;0.143802;0.220747;3.543425;3.531603;9.051045;4.790046;257.750543;2.105897;1.231952;0.11817;1.023693;0.154528;4.629381;0.98228;0.199763;2.300563;0.240563;0.856479;317.356287
1/10/1994;0.032579;4.092133;0.044318;13.566785;0.180033;1.061876;4.281488;2.15599;0.120633;0.264753;3.756815;2.818216;10.173333;4.008054;260.879594;1.503277;1.207496;0.090167;0.672658;0.208065;6.634434;1.10715;0.247604;1.531322;0.248795;1.157523;322.045091
1/11/1994;0.024507;3.751097;0.039255;9.980076;0.200494;0.610879;4.103894;2.343925;0.121644;0.278375;4.253502;3.916139;9.873847;4.788155;262.136593;1.709273;1.041497;0.087578;0.799715;0.145232;5.290933;1.250668;0.559123;5.525764;0.163435;1.706213;324.701813
1/12/1994;0.028292;2.714012;0.047513;13.277561;0.163669;0.752459;4.314999;2.223509;0.155067;0.274181;4.217426;3.753253;11.833686;4.459899;276.879098;1.628592;1.455899;0.088193;0.934766;0.187486;4.729933;1.147367;0.584827;2.696949;0.303474;1.091339;339.943449
1/01/1995;0.03002;2.935424;0.060861;14.23905815;0.192763;1.51890801;6.39356487;2.20740288;0.159566;0.39922799;4.959337;3.6120951;15.13083387;5.51876401;332.1171588;1.595238;1.412307;0.0847641;1.297306;0.24439953;5.57563918;0.9547139;2.26249719;4.36808009;0.327114;1.78646889;409.3835125
1/02/1995;0.026277;3.62768231;0.04201484;12.19946123;0.19305092;0.92988048;3.45024735;2.59672011;0.160885;0.359867;3.7166209;2.99191718;8.42188306;5.5786753;276.7387959;1.58181137;1.320236;0.1278025;0.747175;0.19329841;6.13887876;0.835049;1.68769725;3.055294;0.211715;1.537038;338.4699739
1/03/1995;0.040385;1.74418338;0.04429966;15.81460846;0.20443807;0.8962414;2.87320828;4.04534447;0.14973;0.35475708;3.383716;2.48815691;7.209973;4.91919834;284.2651045;1.94356325;0.8897485;0.1204895;0.685758;0.16599868;4.15231428;0.600574;0.30108583;2.86710997;0.24031;1.18839485;341.5886914
1/04/1995;0.035204;2.10563313;0.051394;14.81319293;0.187445;1.482379;3.03955464;2.19135816;0.131399;0.36176824;3.873421;2.7812365;18.853285;5.87309373;263.1238826;1.86507556;1.107646;0.0667456;0.563203;0.1807455;6.39263629;0.842318;0.49441411;2.46443426;0.218688;1.73333981;334.833493
1/05/1995;0.05045;3.82112607;0.043715;14.60980738;0.187735;0.91533615;3.02047545;3.06505146;0.133868;0.33936722;3.728377;3.206418;20.70328011;4.43505005;275.5289152;1.7984973;1.095113;0.085366;0.970496;0.16554736;7.18084434;0.7924772;0.77394128;3.454959;0.2686;1.88435041;352.259164
1/06/1995;0.042113;2.7177808;0.052897;15.80323784;0.218008;1.111418;3.49379337;3.254816;0.122908;0.36689693;4.819261;2.131712;17.05706816;3.57813987;285.2271354;1.986822;1.22136128;0.102639;0.82188892;0.2089042;6.33702835;0.653119;0.643663;3.22286682;0.2669695;1.46289963;356.9253471
1/07/1995;0.025521;3.4414471;0.044467;15.74713678;0.15543226;1.5737188;3.47880342;2.43196462;0.115556;0.323911;4.47419977;3.1438074;7.96679525;5.53660518;270.6247236;1.8564014;0.921344;0.0827175;0.459172;0.23087119;6.74547691;0.79258168;0.611278;2.70291722;0.174821;1.262069;334.9237391
1/08/1995;0.043324;2.17312133;0.038072;16.05971153;0.234558;1.075998;3.28146956;3.11497093;0.140619;0.389357;4.060314;3.3451667;7.6871412;6.65397644;280.1725329;1.45261059;1.353235;0.086795;0.441573;0.22151216;5.62014474;0.7902098;0.5869285;3.56341055;0.271515;1.205386;344.063653
1/09/1995;0.03417;1.514833;0.06786521;14.51945775;0.245292;1.08099146;3.85427431;3.28300228;0.209713;0.313852;3.55244;3.004888;6.5909458;5.7832194;284.7901437;1.75462386;1.4328;0.0614699;0.4782;0.18916335;5.62406279;0.72603731;0.48269922;2.85131285;0.21372406;1.18557708;343.8447583
1/10/1995;0.077956;2.37694709;0.063186;13.83263423;0.196921;1.659179;4.26021239;3.425398;0.211225;0.339462;4.027993;3.55718641;9.82454076;5.28632274;291.4600084;1.94610195;2.08689;0.056063;0.406292;0.26412994;6.995115;0.84382155;0.5130819;2.61308012;0.45721867;1.47886451;358.2598306
1/11/1995;0.06977;4.4667405;0.055574;18.47403268;0.2051935;0.976078;4.01577662;4.42447845;0.19754487;0.37699691;3.888302;3.385451;11.6055114;4.08045713;280.4578741;1.72232367;1.83847423;0.12651604;0.331365;0.24138774;6.46649536;1.32585011;0.8444023;3.05443279;0.287902;1.322018;354.2409484
1/12/1995;0.039053;2.7641575;0.05031599;15.61117218;0.251905;0.644491;3.72393975;3.28470628;0.16717618;0.329008;2.373949;2.25429141;7.08644239;3.4789466;433.9568363;1.351172;1.292284;0.091179;0.371288;0.16506914;5.87545119;1.2843027;0.6308373;2.80201531;0.288468;1.047583;491.2160402
1/01/1996;0.024662;3.149139;0.071127;16.4333779;0.236048;2.316178;4.19799329;3.99188686;0.170209;0.49040056;5.5412831;3.39796784;15.5158635;4.87124699;344.7848441;2.42784702;1.48162753;0.172367;0.668762;0.23466669;6.53474246;1.06522262;0.707448;3.58591188;0.462818;2.347622;424.8812624
1/02/1996;0.024726;4.23921894;0.047596;12.34904705;0.197635;1.181207;3.84832385;2.730578;0.19063439;0.59616871;4.274677;4.17370396;11.802437;5.69143279;287.4534723;2.6283551;1.652558;0.087181;1.350711;0.25651925;8.5999045;1.36370895;0.866452;3.58901659;0.357024;1.547932;361.1002204
1/03/1996;0.035959;2.95855663;0.063997;16.18349883;0.171373;1.01446659;3.9022;2.23582446;0.153964;0.434175;3.059301;3.32749286;8.54629199;3.84436337;312.7827441;2.0607784;1.331654;0.09747546;0.853329;0.22618653;6.34530261;1.17496341;0.674107;2.30793662;0.404326;1.33445467;375.5247216
1/04/1996;0.036562;3.15573303;0.05466613;13.94603772;0.194142;2.085017;4.14995312;3.361325;0.147346;0.339058;4.281508;3.65850104;11.525988;5.22008591;327.142819;4.183275;2.000619;0.048686;0.69419;0.258922;5.216806;1.44561455;0.889838;2.51764523;0.404997;1.35157498;398.3109097
1/05/1996;0.061051;4.7506735;0.10254312;16.26677348;0.234934;1.02267192;3.28232516;3.625191;0.168489;0.490825;5.243259;3.5049744;11.440401;4.69076001;326.2470151;2.841518;1.59802;0.067251;1.052909;0.259966;5.290524;1.39533306;0.539864;3.06638262;0.287431;1.335801;398.8668864
1/06/1996;0.034446;6.00258639;0.09063336;16.5333958;0.222643;1.073732;3.53135162;2.93687748;0.1849942;0.5888941;3.691096;2.88177932;12.20345351;4.315502;325.0506786;2.78578243;1.906751;0.066879;0.891016;0.33704967;5.167296;1.66462;1.11642;2.03744962;0.285459;1.610758;397.2115441
1/07/1996;0.108539;7.18263786;0.118645;15.7580062;0.257179;2.464667;4.00097267;3.348182;0.167866;1.065723;4.60941879;3.54061392;8.87219846;5.4461223;323.6393259;1.934978;1.3695922;0.144112;0.837499;0.40835646;5.22431523;1.10426162;0.696708;1.86383942;0.254798;1.590024;396.008581
1/08/1996;0.047457;5.90163111;0.110569;16.56956618;0.2666039;1.329068;4.43672668;4.0657335;0.19328;0.593097;4.1802905;3.82068771;9.729799;4.4551;323.3653194;1.8900015;1.811901;0.081478;0.595142;0.32718085;5.3700597;1.65441037;0.878074;3.804456;0.30030583;1.784347;397.5622853
1/09/1996;0.060999;4.9442526;0.097799;15.01609413;0.289513;1.14098398;3.16143296;3.83564835;0.109419;0.427114;4.305126;4.29159735;9.89605961;3.870318;293.4946857;2.6440527;1.68558689;0.13273519;0.520099;0.29493239;4.67857964;1.657003;2.866462;2.6048815;0.283987;1.2525143;363.5618763
1/10/1996;0.043735;5.1759036;0.081591;19.12235365;0.265486;2.1194398;2.82675892;3.07951155;0.119191;0.537092;3.053713;3.5938081;10.494949;4.843011;288.2866044;2.34247316;1.09219836;0.068328;0.487098;0.27977318;4.62181429;1.364771;0.73286118;2.5064845;0.228708;1.999533;359.3671907
1/11/1996;0.046568;2.15862358;0.070831;17.44497595;0.554306;1.107666;3.55107148;3.64194761;0.097365;0.556159;5.373729;4.69056303;9.9030913;5.29445895;297.2222474;2.2764584;1.811582;0.12088;0.400278;0.18807867;8.4015015;1.585483;0.753256;2.97860196;0.243249;1.75542024;372.228392
1/12/1996;0.044976;7.38189674;0.09206;20.69040282;0.38048;1.286687;4.82852508;5.556994;0.122096;0.512479;6.819115;4.29730737;14.388924;3.87736601;393.0645119;2.9166754;1.90796517;0.130414;0.658903;0.33681444;6.58991338;1.389374;1.08738;3.70226346;0.299285;1.695226;484.0580348
1/01/1997;0.050437;5.32605696;0.116129;24.724;0.3300534;2.295677;4.1165149;6.209984;0.12688135;0.581526;7.200326;4.2336166;11.9916135;4.35303101;396.5995036;3.2785225;1.277377;0.049613;0.986694;0.30669097;8.225576;1.685935;1.11921908;4.0872045;0.299894;1.727498;491.2995743
1/02/1997;0.033492;7.31413413;0.074605;15.592674;0.2344235;1.29227426;4.19254853;5.49768341;0.123417;0.646335;5.485848;3.450665;11.43339584;4.32303201;371.1706659;2.75901343;1.829315;0.090907;0.929341;0.29692648;9.5263014;1.3785396;0.448252;3.114711;0.297643;1.418388;452.9545315
1/03/1997;0.036553;5.585054;0.091552;16.4792573;0.34591823;0.595855;4.79111843;3.640042;0.253544;0.636907;5.171158;3.74511228;8.53889967;3.99389882;361.9886831;2.9116331;2.444285;0.061873;0.871156;0.40034442;9.8832565;0.7579066;0.62037;1.935501;0.291318;1.351561;437.4227575
1/04/1997;0.072005;3.94995051;0.131093;19.8352159;0.31989251;2.701789;4.683695;4.060856;0.142411;0.63344;4.55112;4.140041;10.4819318;4.53004951;406.9268943;3.3227159;1.610916;0.085323;0.79492;0.4390899;10.8205665;1.400562;1.094596;2.80770846;0.429591;2.140439;492.1068122
1/05/1997;0.057297;7.68331341;0.127753;17.12533762;0.34437617;1.322973;4.07723978;6.3657835;0.169889;0.598735;4.8341984;4.29279187;9.06155427;3.9396305;410.0401846;2.557068;1.494389;0.06928;0.73406;0.36449241;9.069468;1.5639801;0.995221;2.65559211;0.33538785;1.888995;491.7689905
1/06/1997;0.055966;4.436914;0.106077;17.36389488;0.32540799;1.38469619;4.4215287;5.081494;0.163009;0.612506;5.354922;4.923536;7.98701246;4.63776237;452.5772641;3.27602;1.023576;0.039318;1.442779;0.29225169;9.926552;1.3744824;0.972789;2.4314375;0.272809;1.8445335;532.3285388
1/07/1997;0.062255;5.218341;0.115596;19.629845;0.27327955;2.947464;3.88921805;6.33836;0.148247;0.606523;5.93629664;4.001969;8.07881746;4.9185825;395.7834167;3.15688;1.84373831;0.063173;1.171924;0.358506;8.6908178;1.83334925;1.406805;2.1115005;0.319269;1.573461;480.4776347
1/08/1997;0.054088;3.63294387;0.1071208;22.64709168;0.363515;1.624796;3.256873;4.7243584;0.113321;0.773623;5.4623574;4.0321145;11.0328116;4.77837006;385.6866335;3.619345;1.54404556;0.093946;0.866931;0.356923;9.492801;1.20186166;1.079582;3.887299;0.438753;2.03607339;472.9075784
1/09/1997;0.064997;3.11131364;0.121936;20.13476263;0.399673;1.78877072;2.96050933;5.351025;0.102685;0.935629;4.3024235;5.0746554;14.48905523;7.51747;392.1798926;3.762556;2.03146811;0.063542;0.541978;0.329256;9.82967652;1.95262294;1.044261;3.046178;0.358799;3.018954;484.5140896
1/10/1997;0.076661;3.33532397;0.113997;19.4514204;0.417193;3.178586;3.27973556;5.75792506;0.125467;0.67796769;5.154196;5.500459;16.00693597;5.6195427;416.7670331;3.491396;2.198151;0.101906;0.683671;0.595633;7.70677222;2.05973378;1.40251286;2.98088061;0.33237;1.96647;508.9819399
1/11/1997;0.074132;3.03375285;0.081426;18.95749795;0.348973;1.75229195;3.51905796;5.37992762;0.119621;0.98098355;3.85721035;5.69037926;12.71560946;5.07308463;451.99503;2.82052354;2.05862627;0.133932;1.047873;0.454141;8.64529573;1.81331569;1.22526252;2.95722403;0.268229;1.9805676;536.983968
1/12/1997;0.071183;2.4901716;0.1387735;21.22276191;0.416386;2.18169771;3.32406937;5.04533351;0.140602;1.34525526;6.01956407;5.94165878;11.43508074;5.14205481;466.4852795;2.71286037;1.99072199;0.066351;0.72068;0.4693277;9.56735032;1.50083735;1.7373903;3.62838145;0.35416;1.88829569;556.036228
1/01/1998;0.09328;9.08598199;0.159455;24.42417523;0.416725;3.48687005;3.69693192;7.0349752;0.117045;1.08761257;3.52687412;5.75921908;16.30897682;7.22787737;526.830301;3.49779096;1.68186097;0.103543;1.173935;0.51011;7.59598136;2.1151349;1.03705556;2.80173991;0.375566;2.02895707;632.1779751
1/02/1998;0.085995;2.68496116;0.164895;20.41839201;0.441407;1.54723752;4.1473725;5.42690613;0.117542;0.87502041;4.11202957;4.76858832;13.44406614;4.95147087;423.6611881;3.06067496;1.76818035;0.612274;0.87461;0.41556828;8.85701656;1.68894072;1.20717519;3.15347585;0.2501315;1.79291549;510.5280346
1/03/1998;0.130152;2.45650803;0.119681;18.00427538;0.478937;1.4599075;3.2279455;4.3438768;0.126854;0.66613339;4.13807718;5.69215475;10.1236266;3.19038015;443.6391076;3.79726592;1.67517675;0.600603;0.801341;0.456871;7.11087503;2.82164514;0.97439429;2.69040305;0.258931;1.68756541;520.6726884
1/04/1998;0.058649;1.82350468;0.171646;19.44689992;0.432404;2.23954809;3.00434339;3.75188603;0.106684;0.7683571;3.80209379;4.79455689;10.73930927;3.44059574;415.9338649;3.37137524;1.15767543;0.195982;0.736309;0.414834;5.02930109;1.30736977;1.08678562;2.74632177;0.31368;1.24280162;488.1167783
1/05/1998;0.055721;3.20708323;0.093751;20.36002896;0.463371;1.49472336;2.46961038;4.2990079;0.103996;0.85358787;4.78545782;5.22734556;11.47719643;3.68195607;454.646763;3.71473855;1.7647682;0.063374;0.897958;0.374815;5.58806959;1.67734434;1.10165968;4.60250792;0.269426;1.52263724;534.7968981
1/06/1998;0.066049;2.82360489;0.137616;18.82267035;0.47449;1.61429862;4.403951;4.78132647;0.086875;0.85378129;4.42068518;4.93794564;11.78359661;3.98616409;444.969065;3.80834532;1.16117994;0.060368;0.938627;0.445944;6.83858058;1.36050424;1.38153417;2.31786444;0.297046;1.57776567;524.3498785
1/07/1998;0.071068;2.94638062;0.120155;18.36050828;0.397353;3.5633508;2.7462395;3.55039417;0.127732;1.06390988;5.10673859;4.88862108;16.15618973;4.69129316;404.5165886;4.0771027;1.786059;0.11755;0.93468;0.38022592;6.46461753;2.01254852;1.38804543;2.60441228;0.344445;1.60871434;490.0249232
1/08/1998;0.080002;3.6206657;0.198415;21.02653142;0.524627;2.20792698;3.2472735;4.46706429;0.130637;1.19683049;4.96686997;6.00201696;14.26546538;4.8240306;483.8556717;3.11863079;1.71798205;0.127908;1.004662;0.5219585;6.38412567;2.02820724;2.0182119;2.85036646;0.378188;1.74419356;572.5084622
1/09/1998;0.120716;3.21357406;0.127046;20.23218992;0.514858;2.2588938;2.96857922;4.61013076;0.142206;0.8225295;5.99508604;4.73286876;14.09631096;5.56084764;474.93746;4.43663182;1.72266505;0.150506;0.750114;0.453474;6.331462;1.64974325;1.82351781;3.07684475;0.680952;1.91709471;563.326302
1/10/1998;0.102985;3.06661502;0.1576;16.84577616;0.44929;3.73678003;2.9960451;3.75931351;0.129274;0.74836578;3.78278208;4.46989946;14.06658471;5.3955276;434.6736939;2.80034877;2.1037644;0.109177;0.722007;0.424865;4.92526045;1.28498022;2.22452559;3.19718287;0.644198;1.80302071;514.6198623
1/11/1998;0.081232;4.36742414;0.131806;17.54615465;0.37994221;1.91600719;3.046996;4.13177323;0.137416;0.71284285;4.60433258;4.62096795;12.24187159;6.03349622;446.3063698;2.7150973;1.34974045;0.201335;0.935162;0.465983;5.16712793;1.60212626;4.80674315;2.97156128;0.933797;1.412407;528.8197128
1/12/1998;0.132629;4.40919141;0.18787;16.11777564;0.419704;1.75370073;2.6470045;4.03300969;0.169592;1.12035589;3.47734235;4.5782685;10.73973858;4.53659763;459.1387395;3.00990194;1.99994025;0.142876;1.195529;0.433705;4.98452349;1.67678198;3.2654173;2.75247247;1.161166;1.40853735;535.4923702
1/01/1999;0.125063;3.39247631;0.21272;23.32546849;0.459249;3.94985741;3.71982911;3.81562562;0.095049;0.71681595;4.07641076;4.00923188;20.03734704;6.04913383;471.7236937;3.77427113;1.93368847;0.084877;1.372761;0.366936;7.20771848;1.51866656;1.11631443;2.8095382;0.405405;1.79787111;568.0960185
1/02/1999;0.028052;3.48504851;0.11494;18.52104217;0.395885;1.77877963;4.3312;3.85395371;0.116139;0.40346106;3.88694101;3.89782876;9.80689112;5.37418612;415.0557384;4.59604833;1.02144786;0.053483;1.130844;0.343834;6.84954798;1.8896379;0.86154721;3.41806549;0.542051;0.8629257;492.6195189
1/03/1999;0.049736;2.44677897;0.144418;21.49953281;0.345762;1.93839732;2.492296;4.15410243;0.131632;0.38654449;3.78891496;3.61718236;10.91982461;4.46293882;450.4201337;3.83691989;1.30079585;0.070891;0.936744;0.438316;8.15953091;1.34473327;0.58681448;2.62131719;0.645562;0.96105543;527.7008745
1/04/1999;0.026564;2.26370724;0.142077;20.61836556;0.390661;3.4759538;2.447442;3.24660971;0.090016;0.31227685;3.77663482;3.04064409;10.55727807;5.18737712;435.9059382;4.08828768;0.894033;0.054202;1.115314;0.394659;7.07248093;1.32115832;0.41995714;2.59692789;0.484083;0.923688;510.8463365
1/05/1999;0.034024;2.56151972;0.187386;20.01957022;0.391538;1.82275516;2.051947;3.313008;0.147065;0.39226002;3.97468047;3.47237835;8.49066522;5.12715876;425.4529964;3.47201407;0.94550953;0.047054;1.025907;0.433355;6.58607162;1.4259796;0.36634075;2.3752958;0.507814;0.614651;495.2389447
1/06/1999;0.030934;3.19976485;0.187954;17.49936777;0.402816;1.90574126;2.911585;3.11999615;0.119356;0.53399958;3.81655027;3.68738188;13.81294782;5.5593131;453.2168271;4.21672488;1.57999286;0.066474;1.034359;0.419252;8.34713072;1.56605289;0.49670795;2.73539344;0.734864;0.97670251;532.1781891
1/07/1999;0.044612;2.39485039;0.212422;24.28813001;0.367549;3.51639798;2.494509;3.38377569;0.145512;0.5009016;3.27004237;2.98292772;9.36072158;5.00816984;427.2563979;5.45568813;1.19016133;0.041804;1.029545;0.417603;7.35534779;0.97873325;0.47457075;2.95493378;0.638031;0.59945809;506.3627952
1/08/1999;0.019585;2.43686538;0.163866;15.91600234;0.3383847;1.84174254;2.357546;3.93067805;0.119899;0.39915077;5.06238769;3.68753818;9.99445674;4.70870605;462.7747166;4.54936889;1.60548407;0.06471;0.60199604;0.442485;10.26068387;1.08772991;0.50126249;2.90300432;0.254016;0.84367811;536.8659438
1/09/1999;0.0559;1.80171043;0.219799;21.83168106;0.38233537;2.11631843;2.830405;4.02720445;0.138422;0.4203724;5.04614985;3.66296802;11.21533965;5.03937011;459.5105154;4.39753918;1.82916;0.134568;0.867418;0.458455;8.15384048;1.18279037;0.67001406;3.15990838;0.283847;0.772608;540.2086397
1/10/1999;0.013073;1.38208403;0.275294;21.55776865;0.418624;3.98442246;2.820897;3.87261928;0.132195;0.55117336;4.4986286;4.95931065;10.65368008;5.17717371;451.4491999;5.32500658;0.729087;0.068192;0.776392;0.466186;10.08594617;1.83540075;0.70088935;2.45211397;0.227797;1.25181271;535.6649673
1/11/1999;0.015163;2.51661182;0.171096;19.64273334;0.39790022;2.23534038;2.695587;4.79095087;0.138032;0.50259332;4.73532982;5.29811656;13.69553766;4.99084974;539.5465508;3.8150615;0.531492;0.12436;1.031039;0.506482;9.06715792;1.57108626;0.66473022;2.70841895;0.359708;1.356261;623.1081894
1/12/1999;0.028179;7.26220969;0.175768;17.60285819;0.36911266;2.06756904;3.0876407;3.41291241;0.117419;0.36616796;5.25578179;4.82496974;10.91318868;5.45731452;513.1326349;2.90247008;0.92368875;0.110603;1.127181;0.630548;11.24300411;1.50759065;1.08316039;2.86104173;0.969622;1.5438167;598.9764527
1/01/2000;0.018698;6.50138553;0.222542;24.06560433;0.36628502;4.90554148;3.21787984;3.23462063;0.140764;0.40235853;4.67264459;5.06772996;15.78114276;4.584301;576.2236894;4.33817208;0.83061365;0.068411;1.789125;0.601023;8.67915115;1.70226975;0.45503588;3.69735678;0.247809;1.1223063;672.9364607
1/02/2000;0.011492;5.44231515;0.200134;20.70075337;0.35456503;2.08193852;3.036907;4.02780662;0.097152;0.36533574;3.9169486;4.53146931;9.78728641;5.40169183;491.0174121;3.97818436;1.54525287;0.060772;1.3579715;0.430422;11.30265612;0.8397543;0.34600694;2.86571521;0.150947;1.12209667;574.9729867
1/03/2000;0.017256;4.86665251;0.185371;17.68950358;0.47797731;1.72663152;2.918491;3.36784869;0.089024;0.42023562;4.58335144;4.77052822;11.49147688;4.78613224;489.365372;4.21628534;0.89593738;0.048695;0.659923;0.395871;11.01418533;0.86436452;0.27872539;3.37117962;0.205704;1.72998413;570.4367067
1/04/2000;0.007144;6.8480466;0.099507;19.56700385;0.43339503;4.06671397;2.951431;3.67370979;0.069018;0.31356093;3.79885045;4.86152898;10.04299474;3.07315026;470.333112;3.42407147;0.98583912;0.048066;1.133724;0.315138;11.29774072;1.35220312;0.23957485;3.029819;0.174701;1.46575016;553.6057941
1/05/2000;0.020063;5.18643355;0.258511;22.38778636;0.40863996;2.10991878;3.508849;3.67300647;0.124788;0.47254992;4.14254297;3.45180913;11.8321337;5.00302399;505.1429141;3.55030169;1.27773828;0.039661;1.177491;0.494556;10.08092467;1.37030275;0.53718403;3.18171057;0.168358;1.27806816;590.8792661
1/06/2000;0.013579;5.24044992;0.340056;19.88843447;0.35604;2.39499198;3.452566;3.69469115;0.116564;0.43124316;5.50981509;3.76896023;12.18520896;4.1859023;511.0999815;4.62577559;0.86780304;0.17944;1.014269;0.398731;11.81143526;1.20938883;0.69322602;3.8395939;0.258472;1.20327729;598.7798957
1/07/2000;0.019878;6.08491345;0.330922;25.98296534;0.249359;4.2690069;3.140578;4.19250935;0.097391;0.4103503;3.59520387;2.81321303;12.33064268;4.21851851;488.750056;3.91680773;1.35957554;0.252608;1.178979;0.450739;9.01178858;1.08508446;0.439144;4.10065436;0.169293;1.80681673;580.2569978
1/08/2000;0.011084;4.49563835;0.267029;19.82243621;0.392961;2.82762655;2.759893;4.43853513;0.080288;0.37899966;4.73710852;3.15571475;13.0943062;4.95391518;525.5203788;6.12318184;0.54564852;0.199909;0.750269;0.425396;9.17029501;0.8132248;0.474541;3.39533394;0.214325;0.90172003;609.9497585
1/09/2000;0.013678;1.46743265;0.170596;20.08922014;0.410252;2.55668876;2.69433;3.61364552;0.079266;0.35699251;3.59763448;3.63227093;12.01446263;4.85614789;492.0429005;4.97582839;0.9448908;0.015135;1.451513;0.401781;11.31523031;1.10318041;0.70450101;2.82771255;0.176695;1.05244774;572.5644333
1/10/2000;0.010052;3.16897439;0.166681;20.79625151;0.3890412;4.68122002;3.09140083;3.36868385;0.101068;0.51773254;3.09569259;4.55849885;11.76665511;5.18804284;459.065442;5.93571248;0.95314104;0.057873;1.168305;0.36565;9.87868308;1.47443609;0.60144603;3.09432465;0.181665;0.79526302;544.4719361
1/11/2000;0.020899;1.97789193;0.185382;25.33225735;0.370981;2.71342927;4.075056;3.5124238;0.082743;0.36235109;3.79816964;3.26112192;10.02741443;4.9396142;489.3380903;6.30397417;0.63315406;0.054951;0.712066;0.383283;12.55370996;1.70136481;0.63820801;3.80760259;0.24654;0.58905602;577.6217345
1/12/2000;0.013291;7.37694593;0.167932;21.23420523;0.378116;2.34479608;3.085884;2.69966223;0.095415;0.34227701;2.70728799;2.4553558;17.65710127;4.26914677;457.5529383;3.27080821;1.01661501;0.063511;1.085004;0.504532;11.98497877;1.2711012;0.349802;3.06658374;0.26034;0.68643902;545.9400695
1/01/2001;0.020466;2.474527;0.15986805;24.64985459;0.37063902;5.2914486;4.49780602;3.03975267;0.13978499;0.34518905;4.76184346;2.26366704;12.17687659;3.92995399;540.1156243;6.10104908;1.11675454;0.027602;0.91073898;0.34177602;9.61958277;1.01591038;0.62768569;5.70531224;0.37937788;0.50588046;630.5889714
1/02/2001;0.01442;2.92764897;0.12955399;20.52810183;0.356212;1.86194649;2.500117;3.11171603;0.14065099;0.21224342;3.26039763;2.29204206;6.27710335;5.59300756;469.6601744;4.56352513;0.58017446;0.10527101;1.868681;0.41217699;16.48915339;1.45180617;0.57581037;4.0546682;0.39368802;0.76097607;550.1212666
1/03/2001;0.007245;2.54374156;0.111844;19.78565393;0.288766;2.59819838;2.900132;2.88251587;0.107988;0.21179893;3.24651789;3.57109662;8.9777444;2.51938628;444.7530989;4.30884286;0.95699759;0.061805;1.052021;0.358653;12.89861871;1.2241992;0.55504372;2.02406484;0.2892438;0.46916141;518.7043789
1/04/2001;0.009806;4.23267523;0.137359;17.23131421;0.221927;4.17008479;4.389082;2.7724498;0.095403;0.17779534;5.22103819;4.79394192;9.14456446;3.62884964;481.9397321;4.51888905;0.72027719;0.017884;1.100718;0.408116;11.73818396;1.79029855;0.68112064;2.14673216;0.2881773;0.47973507;562.0561546
1/05/2001;0.014092;12.68175703;0.209627;18.64404739;0.301559;2.09940802;4.376714;3.16323249;0.087132;0.33550024;3.61739776;3.83849552;10.60044359;3.8142905;512.1053461;5.83483316;0.89421139;0.059042;1.323608;0.366737;11.30504118;2.14887677;0.53422928;2.06872405;0.26840185;0.6847543;601.3775016
1/06/2001;0.001463;7.17589516;0.134513;21.90637079;0.237731;1.7510521;4.113755;3.08976881;0.101396;0.21617406;3.48664653;3.05851661;7.37338239;7.38378226;518.2122466;5.12784808;0.63071271;0.138703;1.534744;0.3566;12.01739767;1.46479245;0.41849015;2.01919334;0.52247065;1.48498563;603.9586309
1/07/2001;0.00540248;3.81953628;0.12445542;17.73979649;0.24524472;4.48418185;4.28417485;3.18631702;0.06124791;0.38520677;2.87052343;3.70989941;11.7235015;4.31490269;529.6986289;4.5260263;1.10729082;0.063772;0.69050567;0.2825804;12.09298015;1.11030954;0.49246843;1.64727482;0.32951863;0.92588812;609.9216346
1/08/2001;0.005778;3.56769962;0.15546477;18.93247431;0.22717527;2.52568534;3.80942237;3.46604231;0.06858399;0.22329104;3.56084743;4.19462465;11.69233354;5.62119687;477.2466514;3.83581223;1.07478306;0.128358;0.90832055;0.94432938;12.21529839;1.38147102;0.57835799;1.67552958;0.33133016;0.9126;559.2834613
1/09/2001;0.00952267;2.12950346;0.12429651;23.13193131;0.22807987;2.34630759;3.15723357;3.36978302;0.07985305;0.22408269;2.11567929;4.6863345;9.58232401;3.82374311;471.1574653;5.69319844;0.77785882;0.061926;0.68559609;0.65142645;15.40600573;1.70618903;0.6288095;1.83426006;0.18017121;0.92948801;554.7210693
1/10/2001;0.014461;1.85548918;0.15856054;33.26342789;0.29604525;5.24062422;5.22618129;2.85407532;0.09306556;0.25292428;3.38573098;5.06645144;9.91105616;5.5325767;442.5142706;3.23264506;0.95889274;0.13713252;0.73198063;0.66913983;10.88460276;1.35059988;0.42468858;1.76378569;0.23421211;0.74816814;536.8007884
1/11/2001;0.01628759;1.8474931;0.14941206;24.22104532;0.35703229;2.73662532;6.58574297;3.31285632;0.09739362;0.24682561;2.85996914;3.99338333;14.12358665;5.30156348;478.3482494;4.46307764;0.89762161;0.107544;0.75908416;0.376434;13.44251376;1.82392581;0.44276289;1.99805838;0.24584947;0.65855664;569.4128945
1/12/2001;0.00852313;1.69741809;0.23596983;22.35253119;0.33175669;2.27787422;5.80893873;4.19654601;0.06622564;0.28509497;4.35817812;4.3766077;9.90653223;6.16863661;488.5967751;3.15564331;0.34738397;0.112411;0.89702241;0.30829156;8.32304256;1.80281795;0.49044566;1.92152555;0.36602589;0.64766417;569.0398823
1/01/2002;0.02574013;2.30343042;0.26491903;26.09890618;0.4367092;4.51986318;9.64727605;3.46109938;0.17550064;0.40734426;3.72877609;3.46614798;16.40971658;5.04406277;591.900029;4.82807863;0.86524852;0.075045;0.92236607;0.28300208;9.7683809;1.91858986;0.41278343;2.14073912;0.3625292;0.81359917;690.2798829
1/02/2002;0.006056;1.56204695;0.10022197;18.56664314;0.30091395;1.45210717;7.28776813;2.92351318;0.05781992;0.17712014;3.27522054;4.77135655;8.09114303;5.02807037;436.0488787;3.11710706;0.25560702;0.134107;1.38490556;0.27600408;10.61097456;1.7136643;0.52453167;2.14407249;0.3300002;0.92931822;511.0691719
1/03/2002;0.00369114;1.67980677;0.11271144;21.1763321;0.23142173;1.21498954;5.54600843;2.73335613;0.04968801;0.19822321;2.82169531;4.59426431;9.71716669;3.39648604;444.0363228;3.43376776;0.54234377;0.0789;0.7642035;0.2014927;10.72557924;1.20176995;0.6091854;2.08278082;0.18621038;1.11873914;518.4571363
1/04/2002;0.007713;2.00179169;0.1521266;22.79451958;0.31082233;3.6744068;5.95067725;2.98113814;0.0953872;0.20546279;5.35664568;3.35894333;11.88838277;4.60241299;522.5718706;3.91484973;0.23167417;0.10384088;1.14535566;0.30957203;10.93869788;1.2351625;0.52937052;1.82896227;0.2881924;1.11754695;607.5955257
1/05/2002;0.006334;4.72549236;0.26158787;24.38504517;0.23659545;1.49591302;9.32787892;3.36339134;0.07860747;0.2854608;4.74826158;4.51115395;9.74316535;3.54652553;465.66757;4.52623614;1.21972166;0.1267331;1.83006599;0.26455687;9.88830182;1.2785698;0.55256167;2.35128063;0.24404157;0.98155983;555.6466118
1/06/2002;0.005429;6.91049404;0.106357;21.86230597;0.23298191;1.08378217;5.64538202;4.1935883;0.063495;0.39949453;10.86357497;3.89693448;7.8538444;4.1313086;514.4105923;4.07536066;0.554822;0.169715;1.78417293;0.95450165;13.27707579;1.27090805;0.45649;1.80166712;0.23773304;1.210319;607.45233
1/07/2002;0.007845;8.20770358;0.160837;20.56595652;0.254361;4.2383477;6.706596;3.18066451;0.085824;0.2862154;3.33947665;3.37141859;8.16271271;4.78696;526.2193016;3.6057272;0.65750665;0.111533;2.525191;0.201117;9.76830591;1.29626134;0.52483245;1.75985876;0.323359;1.01750484;611.3654174
1/08/2002;0.009224;6.00266044;0.14854911;20.7336927;0.24706508;1.16517451;6.12672699;3.2821387;0.06381652;0.27050933;4.87314632;4.26626218;8.83104967;4.61661298;573.5630153;4.72405314;0.62961841;0.112873;1.64424203;0.17578837;7.77486356;1.65431653;0.49227203;1.78523627;0.27631039;1.15390852;654.6231261
1/09/2002;0.008838;1.5944801;0.165556;18.45393454;0.23932216;1.53137165;6.46203975;3.2812035;0.059285;0.32926322;4.3604052;4.63888318;12.2910753;4.52594298;600.8079688;4.50371422;1.648599;0.209296;0.67223852;0.19846451;8.30872369;1.71644454;0.25284;1.74762101;0.26287031;1.048064;679.3184452
1/10/2002;0.01384357;7.46708438;0.18184229;20.95331772;0.29406418;4.02321389;5.80741638;3.11894794;0.05842065;0.33299848;4.0826801;4.38578647;10.27885452;5.63621138;563.2958884;4.40093713;1.96443207;0.11739386;0.53667662;0.31057899;8.44926628;1.94991587;0.573016;1.44396298;0.24680194;1.04003029;650.9635824
1/11/2002;0.001786;1.62760109;0.138986;21.50606878;0.32287373;0.98987743;2.68997527;3.27362537;0.065321;0.30314549;12.16055425;4.97392759;8.18338931;5.09722355;597.775611;2.78983636;1.798982;0.106122;0.56691696;0.16394744;7.95939678;1.5411767;0.694734;1.74550802;0.39844093;1.171343;678.0463701
1/12/2002;0.007022;2.390753;0.203216;25.80209236;0.34021;1.06092606;3.024777;3.047954;0.120546;0.377245;3.24254083;3.88616;11.35535358;4.769993;653.4465749;4.38881604;1.873413;0.114836;0.767278;0.220385;10.64235318;1.440219;0.505024;1.47712407;0.89307;0.942095;736.339977
1/01/2003;0.132238;4.49329702;0.22015661;21.76285144;0.46161181;4.02497102;3.70929964;3.20126538;0.15529172;0.22968646;5.35605576;2.41048383;11.52451576;6.58350393;708.9875748;4.92039414;1.20217275;0.086285;0.92753283;0.16212029;10.75250563;2.42826359;0.64033456;1.80335991;0.7516031;0.673363;797.600738
1/02/2003;0.005937;2.90296723;0.16243575;20.42704653;0.260664;1.04305914;2.88208043;2.93885813;0.06959048;0.23573445;2.63055129;3.98351577;6.73566628;4.81074947;573.5174801;3.16344085;0.66961316;0.118508;0.88011337;0.25443854;6.92646909;1.80085983;0.51566416;1.58420217;0.56273768;0.62576163;639.7081446
1/03/2003;0.006402;2.30464237;0.14696;17.43054087;0.21951315;1.14359006;2.69028254;3.04951848;0.139157;0.243613;3.69230307;4.88394668;10.27261883;4.62945778;550.9412301;4.85513423;0.846344;0.038716;1.39486749;0.34013635;6.98133292;1.59925096;1.004431;1.89320095;0.33883684;0.50366237;621.5896891
1/04/2003;0.046344;1.58970764;0.14263722;17.49865452;0.26760463;4.01446782;2.37443144;3.37745328;0.06933403;0.2974458;5.70363507;4.5882593;11.2778032;4.33577889;538.7705169;4.21144556;1.114837;0.05669283;0.50174554;0.54878649;10.43177298;1.50708128;0.74522716;2.26087903;0.42403551;0.71669;616.8732671
1/05/2003;0.004004;6.0532452;0.190203;16.63554555;0.29275642;1.00264217;2.76776958;3.30251402;0.071343;0.21868999;11.27085474;4.26422845;11.04951396;4.26782362;608.180999;4.42130602;0.910552;0.0421;1.31036187;0.35481431;7.51241072;1.341222;0.82953265;2.37345507;0.24771202;0.634742;689.5503414
1/06/2003;0.007244;4.94677576;0.1848602;16.24210735;0.29874718;1.70809935;2.96385264;3.26199597;0.09611298;0.25977907;6.58730231;4.10128775;14.52407453;5.93567667;575.6057244;4.55675437;1.08992;0.022757;0.87279424;0.2862828;10.4438955;1.60176573;0.703121;2.01061646;0.41381912;0.802921;659.5282874
1/07/2003;0.009508;2.93178937;0.13493;16.56518117;0.34731312;1.44959533;2.4921382;3.52634698;0.150569;0.26215274;13.82469092;3.6974616;10.32288232;5.04889673;589.5858605;3.12323909;0.981459;0.047484;0.78944208;0.33026127;9.12352437;2.36259681;0.441762;1.81868105;0.4940123;0.624183;670.485961
1/08/2003;0.006369;2.260188;0.203398;22.15016126;0.36147;1.607759;2.657281;4.180612;0.121104;0.302431;13.978434;4.037509;12.11964851;5.804698;624.9178249;4.065474;1.273778;0.027878;0.527566;0.274431;8.15712253;1.462189;0.607678;9.303851;0.3864189;2.133765;722.9290391
1/09/2003;0.01191;1.76657561;0.16088845;15.59355916;0.31409884;1.55749591;2.81391675;3.55334516;0.134191;0.36146553;17.09207017;4.92061206;12.07943084;5.49017725;596.7364692;3.46712418;1.076087;0.068255;0.52467089;0.27167012;9.69344412;1.93119053;0.663253;2.28215326;0.59341569;1.408904;684.5663737
1/10/2003;0.01474611;1.49849479;0.21546566;17.90970098;0.3201814;2.09106137;3.2048094;3.88072452;0.1344589;0.31525851;18.30402079;4.8898155;12.69523897;4.68443985;679.8588689;3.78727005;1.127831;0.061468;0.55143201;0.45400857;10.44649967;2.31798627;0.803764;1.92433638;0.46119315;1.208835;773.1619097
1/11/2003;0.0258371;3.11045317;0.17032796;21.28849171;0.35507907;1.96159559;9.87781859;3.94112883;0.15960159;0.27141571;9.6555098;5.14130363;14.00606763;5.09909043;659.8124224;4.56704204;1.108737;0.091481;0.60548155;0.45797598;32.01495269;2.30875853;0.989389;2.9992283;0.39228926;1.575717;781.9871956
1/12/2003;0.01281932;5.8361438;0.2315695;18.60849803;0.35973574;1.62566246;31.68518507;4.0602478;0.19870949;0.29335892;9.69844903;5.67206324;14.73410811;6.47421019;670.2198204;5.14378005;1.34288;0.072411;0.72017568;0.45056513;11.71386192;2.46219242;0.84352;4.96611518;0.67031724;1.880894;799.9772938
1/01/2004;0.019331;2.91693597;0.262222;22.4145475;0.229793;1.63691271;4.341382;4.03267209;0.479478;0.72935385;14.84886434;4.55946459;12.70617864;6.22814952;764.30272;4.45839274;1.252796;0.1697;0.229369;0.175808;12.38964748;2.06470275;0.687782;2.96070689;0.23547;2.874096;867.2075121
1/02/2004;0.019278;2.70161879;0.144441;21.44138143;0.224959;1.0898754;3.144733;4.13818589;0.116413;0.55609403;5.8492887;5.23308688;8.30657042;5.92691443;691.1228407;5.74907235;0.69766;0.133;0.257695;0.198382;11.48192605;1.64948456;0.845037;2.78782131;0.13723;0.891782;774.8447469
1/03/2004;0.017967;2.94279394;0.308797;17.98557602;0.336697;1.50683748;53.242107;3.99094024;0.124869;0.21715327;6.07185089;4.35849911;15.59699094;4.46316322;589.7452317;6.87315713;1.311126;0.287341;1.050552;0.643696;14.19232152;1.49322865;0.952621;2.1082276;0.554936;1.609568;731.9862487
1/04/2004;0.024631;2.774139;0.178392;21.01725;0.360671;1.59952;50.711506;3.655018;0.276309;0.156233;5.496572;4.508001;14.407706;4.395769;631.153022;6.440425;0.97694;0.071342;1.105718;0.429794;13.275674;1.392001;1.122774;2.016622;0.363855;1.935126;769.84501
1/05/2004;0.02739017;7.79676981;0.23949336;20.67442283;0.41616921;1.63847031;47.9287771;4.12584269;0.1501326;0.1816915;7.06372226;3.08318686;15.15697648;5.17156088;639.4065355;8.435266;0.53744714;0.2319652;1.45642756;0.50465887;15.36349425;1.57103653;1.39028907;2.37630578;0.49193558;1.88009875;787.3000663
1/06/2004;0.0255501;14.58571326;0.18117022;16.52970895;0.30611821;1.59166334;64.07477258;5.03285141;0.15615159;0.2239755;9.9109212;3.60116205;12.5802714;6.24359799;638.7018675;5.89253539;0.65309804;0.2065491;2.49129263;0.62178341;16.65372232;1.62376672;0.82539516;2.63059573;0.54231049;1.62297202;807.5095163
1/07/2004;0.0100861;9.17253921;0.13781838;21.5136164;0.32271499;1.55248518;46.07817194;4.28798381;0.19641621;0.21599432;8.25898792;3.08462522;13.26808429;4.97126989;632.8530861;4.72435081;1.88817018;0.15528019;1.89904991;0.56072153;14.28559551;1.33264059;0.88546935;2.53577006;0.53341906;4.00743214;778.7317793
1/08/2004;0.03989716;8.57150889;0.21806841;14.86776758;0.38523499;2.08188938;51.44547923;4.42078882;0.20418131;0.15387061;11.70701017;3.74154019;13.10078439;4.83258931;637.360857;6.36681033;1.93077627;0.14592102;1.26306975;0.44008526;17.1097216;1.02458875;0.82325232;2.68560066;0.54092584;2.58910745;788.0513266
1/09/2004;0.02826308;4.36465194;0.23265489;17.17484335;0.37976275;1.92229598;45.60137128;4.4330275;0.27827926;0.17248556;37.88265732;4.93283253;12.96081334;4.86729394;594.0506857;6.65272427;1.24392019;0.20597387;1.00153736;0.54043933;17.61919696;1.23476351;1.6386693;2.14527856;0.60477701;2.96197085;765.1311696
1/10/2004;0.01640917;3.52238754;0.22807586;24.50863927;0.36030573;1.58618705;53.2493769;4.27841048;0.21363901;0.14066759;6.6516577;7.4631102;13.11108025;4.23551864;698.6423621;6.42761853;1.15323533;0.19858296;0.720366;0.43624853;11.93465934;1.26143257;1.43007171;2.12478608;0.49164811;2.79574037;847.1822171
1/11/2004;0.00959011;3.94109196;0.2075746;18.27566606;0.55374087;1.74538615;42.68697284;3.77163803;0.20752748;0.21227367;8.1808232;4.26274168;12.02184653;5.42562728;629.9061468;6.2524087;1.56838127;0.25561309;1.33800747;0.47306156;19.26281898;1.98189685;1.11593521;2.07467488;0.50126319;3.09620953;769.328918
1/12/2004;0.04652802;7.6192836;0.25765601;19.75134772;0.60245873;1.90025138;40.86815611;5.97098825;0.25392539;0.18807041;9.04226366;3.67231446;14.05046437;5.61877152;682.0085015;6.44573805;0.82060621;0.25671428;1.67403669;0.54280881;16.20324725;1.34069619;1.09656733;2.79026406;0.51009242;2.77408056;826.305833
1/01/2005;0.1212661;6.42090252;0.26784461;20.2913063;0.67423473;2.51146308;73.18712639;4.96945302;0.39404033;0.29680058;7.45815911;4.07072913;13.56957122;5.45063455;786.6367962;4.11908785;1.05251919;0.23998587;1.65346534;0.55691288;12.53138413;2.59334046;1.47904827;3.62347774;0.69431482;2.43708703;957.3009514
1/02/2005;0.04802708;4.70855246;0.22742838;18.42495721;0.36478552;1.54661651;69.32456672;3.64585409;0.32193452;0.1612565;4.94119811;4.6452516;15.54915772;5.69162411;657.0563649;3.2760234;0.77812213;0.27480016;1.88156345;0.61541999;16.38374816;2.0848688;0.98398873;2.23240398;0.64478029;2.61512224;818.4284167
1/03/2005;0.03144821;3.69423217;0.23115224;25.05728594;0.31681151;1.58258625;54.48069355;3.55330385;0.18069449;0.23609146;12.29011262;5.13261235;12.71831672;4.60866726;617.1418192;4.02710637;1.10415462;0.30614599;1.4802133;0.3619739;15.20411539;1.17876013;0.82114044;2.32084864;0.8469821;2.73418516;771.6414538
1/04/2005;0.0291749;3.66775899;0.20256746;25.68693419;0.37904043;1.48426627;61.57455487;3.88817186;0.13508031;0.19648547;4.06815763;3.46621836;15.15286741;4.83740717;658.9160283;6.44814041;0.93792414;0.33652416;1.47360116;2.94263683;16.74728632;1.20575806;1.13040832;1.93625379;0.65354983;2.42979598;819.9265926
1/05/2005;0.03855819;8.9743745;0.23395044;24.24746922;0.41889978;1.49843557;90.58541709;4.05069152;0.30857024;0.20003854;6.67671479;2.74170401;11.89974428;6.52680007;640.4960361;7.51402172;1.34998319;0.6056736;2.11005141;0.43804058;16.4640778;1.13160149;0.95885794;2.49899462;0.6936744;3.20962115;835.8720023
1/06/2005;0.14528617;12.63702168;0.21696827;24.27909187;0.37594698;1.62591294;49.87113016;4.28652851;0.16425535;0.16163769;6.2863677;5.00046783;13.88963436;6.06004172;670.6103971;7.41855193;4.12354219;0.19613713;1.77105908;1.93353742;16.59344964;1.36919762;0.90448417;2.28820547;0.7620926;2.54629911;835.5172447
1/07/2005;0.03272602;6.99797429;0.26431549;22.10336689;0.4194839;1.75592512;47.10658413;4.27083422;0.2159736;0.18441057;4.27690972;3.47399693;15.50562019;5.47736409;673.6110893;5.01660789;1.95392317;0.12303212;1.54673803;1.23170466;18.18992415;1.80737812;0.77793808;1.81860312;0.74409565;1.90193022;820.8084497
1/08/2005;0.05770411;6.37834695;0.23071447;21.18801469;0.52304611;2.8189447;55.75968641;4.94169761;0.32033812;0.23071661;5.75223399;4.48827471;14.90364928;7.46539587;671.14789;5.27543616;2.01595829;0.18066706;1.04974914;0.56172176;20.81040779;1.31030484;0.84117428;2.30203651;0.63700666;2.28343226;833.4745484
1/09/2005;0.02063123;3.27157524;0.27158325;25.40380965;0.59054504;2.04298931;84.89579237;5.8565126;0.28145834;0.23586146;5.04672461;5.15798372;13.33131834;6.30963114;870.9314766;5.65440129;0.91279523;0.18700813;1.12588229;0.9037707;20.20934739;2.24230193;0.87785926;2.03321817;0.81483051;2.73818695;1061.347495
1/10/2005;0.04792918;3.55586119;0.25267425;25.21089024;0.47789796;2.01613246;55.21997065;6.49511316;0.31412937;0.23720329;4.24987606;3.97977339;11.59271859;3.8542978;739.2137249;4.7266574;2.35740925;0.22524804;0.89975725;1.0240527;21.20511225;2.09743317;0.57489793;2.07596279;0.47819559;2.30333361;894.6862525
1/11/2005;0.02386207;4.16766539;0.31898541;26.68391662;0.62976216;1.86591989;83.19938059;6.03807405;0.31983843;0.22879127;3.97304593;5.45898299;16.60281171;6.18869879;722.2389727;4.37560397;1.81300731;0.19567825;0.94051394;0.54840948;19.52952926;1.96528731;0.90293733;2.67819224;0.4930675;2.19896102;913.5798956
1/12/2005;0.08043415;10.87679524;0.39089601;30.29066689;0.70125388;2.28129584;63.35934701;5.38429701;0.33253248;0.25104164;8.18060091;5.79577958;16.07697692;8.72403747;832.7425305;4.69856222;1.14358019;0.31151314;2.43115889;0.65775559;21.45454229;2.02577787;0.93561622;2.28727226;0.67924149;2.18517533;1024.278681
1/01/2006;0.07808314;4.84627851;0.43300203;35.64580088;1.35442292;3.75246471;92.46179739;7.05957299;0.36353257;0.26882127;8.4374673;5.93300979;20.59017729;8.00067505;893.0857308;4.5768135;2.45966014;0.27751125;1.69510267;0.80263421;19.41457142;1.96589576;0.73659833;3.23822468;0.93878257;6.19399169;1124.610623
1/02/2006;0.06962892;3.66042416;0.27243428;27.7293963;0.40302383;2.30563404;48.24417269;5.30470369;0.40341342;0.18196327;5.0754601;6.12839517;15.49710653;6.69743803;743.9279446;4.61846365;3.10919323;0.32313918;2.29774905;0.87588765;23.9266342;2.40533779;0.91257021;2.73069793;0.77133726;1.39424284;909.266392
1/03/2006;0.0642221;5.50240709;0.26086848;28.39273924;0.3810458;3.13250403;41.3029248;5.8638501;0.35615617;0.18905238;4.81988484;5.56153871;16.84844563;7.13889685;704.8262679;4.43884524;1.36385828;0.27786324;1.54015749;0.92648768;21.4395079;1.40753049;0.95867028;2.41973563;0.76421471;1.95878723;862.1364623
1/04/2006;0.05673119;5.02992986;0.26880342;29.73104224;0.39498782;1.95984419;39.56970818;5.9651796;0.27582642;0.17621038;4.43330008;6.22789163;17.27972816;5.80233277;793.1404612;4.96809972;0.78287825;0.23465124;1.44753335;1.28388036;22.55232354;2.00909272;1.24805996;1.7891175;0.67011959;5.7842884;953.0820217
1/05/2006;0.0794481;5.79166863;0.26256132;27.56748158;0.39500494;2.26142859;40.84790001;6.47369675;0.40167434;0.21372356;5.32550282;2.91034813;37.21325487;7.7844746;746.7038927;5.61051254;1.87726085;0.16495822;1.91448738;0.69547962;23.7816374;1.91230114;0.93583726;2.041095;0.86031651;6.20772157;930.2336685
1/06/2006;0.07371305;8.29096729;0.31095129;33.06333536;0.39833289;2.41274906;46.56848457;7.51562758;0.39772746;0.20144346;6.22287869;6.73803833;19.37426762;8.48414447;809.456573;6.71638421;0.92959166;0.35993818;2.40498486;0.82649758;27.62834182;1.60340631;1.48822058;2.29797038;0.91421427;5.10267609;999.78146
1/07/2006;0.12181609;15.90042538;0.33815937;30.45367097;0.56683215;2.44624642;44.06924879;6.68039741;0.49767242;0.17947138;7.41094774;6.09456539;20.13653879;8.76934034;797.5782173;6.94239635;1.13360803;0.22044232;2.11555404;0.89884645;29.28756941;2.50592205;1.17977184;2.98310512;0.90065058;2.15370823;991.5651243
1/08/2006;0.07766609;4.38120328;0.3239714;30.23583833;0.59825262;2.63115073;47.73558847;6.75996671;0.43295642;0.21892442;6.90449873;6.12613372;22.75254763;8.97008355;773.4707334;6.29644786;0.82508229;0.38168818;0.93761013;0.92324557;29.92591315;2.37597924;1.37316869;3.59580872;0.86351632;1.77160305;960.8895787
1/09/2006;0.06814307;6.60148254;0.31273127;26.35819641;0.56706276;2.83163127;52.19208194;6.9841403;0.39931971;0.24365996;7.23090294;6.95390815;17.20476731;7.50222262;810.0524399;5.9466417;1.20617621;0.40784189;1.06929865;0.8203288;27.60588799;2.78182519;1.45694428;3.29198739;0.85300927;1.8616118;992.8042433
1/10/2006;0.07836514;6.93326933;0.33324246;26.54097908;0.62757975;2.49036539;120.537411;6.23620709;0.44473735;0.20138352;6.69741744;5.65581639;16.33881442;8.60661594;826.2874132;4.71269896;2.02757311;0.44000069;1.04530314;0.72520377;23.68231691;1.94868866;1.35931928;3.17301484;0.81343147;1.99052099;1069.927689
1/11/2006;0.05414899;4.74714392;0.34909148;24.91191942;0.60521113;2.75767568;138.5333567;6.66416171;0.51671324;0.3181334;8.59941503;7.8696901;17.98150343;7.64096867;800.5696986;6.34178184;1.41375609;0.34877825;1.19864768;0.72562568;31.99325196;1.85702904;0.99400129;3.21743808;0.99114372;2.78400807;1073.984293
1/12/2006;0.13283925;9.07446477;0.39140007;24.63800231;0.6553778;3.37750018;109.6285389;6.08058114;0.39450246;0.31872254;7.69565248;7.38940146;18.51388398;8.59376738;871.1283355;6.32235123;1.72859225;0.38489604;1.5082461;0.77093658;24.68000761;1.78452251;0.69853226;3.31416307;0.96804497;3.21640126;1113.389664
1/01/2007;0.18580826;13.2027303;0.45368837;35.90421718;0.99782557;4.30050005;106.9657555;9.4130118;0.57803226;0.35681756;8.84595546;6.30943927;26.75783867;9.65852973;1022.543189;5.15835541;1.7397982;0.33144728;3.03110645;0.85169578;30.74025493;2.01745947;0.99193916;4.19516585;1.55897311;4.53787418;1301.627409
1/02/2007;0.09382914;4.7562258;0.32890193;19.20591472;1.21347364;1.986672;54.13182678;5.87339323;0.46213012;0.23563143;7.30252855;7.80195875;22.63684013;6.28471125;828.4404547;4.91273996;1.80582008;0.26131517;1.93916043;0.77600253;25.35479047;1.47869272;1.05630249;2.15528564;0.7380285;1.92250328;1003.155133
1/03/2007;0.07853188;4.45136182;0.27661521;21.50388108;0.53105497;2.36723714;45.42371995;5.25606893;0.40597415;0.53462963;7.14187058;7.77301885;18.90000669;5.93849105;850.0254122;5.23066347;2.0986116;0.37615421;2.02110721;0.67275968;19.70986431;1.66692596;0.95305528;2.64215983;1.31073463;2.07634426;1009.366255
1/04/2007;0.0685251;5.64567594;0.24757939;19.83739791;0.70461502;3.15238185;104.3513226;5.5091236;0.51412731;0.31242145;7.24993066;8.12281428;17.19441458;6.03544097;877.4698405;5.61168633;2.32582414;0.38427728;1.77020063;0.65104657;20.49271744;1.4247413;0.82611496;2.30935816;0.8481526;2.18079713;1095.240528
1/05/2007;0.07937881;7.33223208;0.2963283;20.99351006;0.43093767;2.57123085;47.76373036;5.33796776;0.33722243;0.53475666;9.69750954;5.73221996;16.34020222;5.86974854;875.8713034;5.68260242;2.44689912;0.25500105;11.67710984;1.09291932;23.53071365;1.59746305;0.86651218;2.87662835;0.96879662;2.542353;1052.725277
1/06/2007;0.03846113;15.97756914;0.32408543;19.86346304;0.50590257;3.25777884;105.1297301;6.1878521;0.58865231;0.25908643;10.56683728;8.29451669;17.79446038;9.09938593;955.8060923;7.59774184;3.04662514;0.22504722;2.96889946;0.65264561;26.48087265;1.72593375;1.21898842;2.51889461;1.1560225;3.42402711;1204.709572
1/07/2007;0.08735608;13.25168462;0.41172312;19.33262483;2.12813201;3.58384681;63.31700524;6.62889782;0.49298277;0.32611656;10.81099213;7.73811662;21.1892191;8.45999526;945.0241454;8.64730673;2.55687393;1.05896618;2.86398024;0.89913591;28.41400425;1.96592461;0.39844627;2.37533893;0.80604953;2.96727938;1155.736144
1/08/2007;0.08969207;9.11840685;0.87085103;24.23685432;0.53773781;4.39033785;96.84923447;7.78354236;0.4056756;0.30137947;5.46661173;6.58315051;18.25295037;7.8155983;906.7084994;4.8996491;2.65008011;0.34482813;1.44391105;1.15073156;26.40137046;2.91692086;0.57479678;2.5542792;0.82009162;3.32444741;1136.491628
1/09/2007;0.04809819;7.48109181;0.33481515;29.10898066;0.52708236;3.47560832;52.99699624;7.69604314;0.59828268;0.29171229;5.93814506;7.91456255;20.20901268;6.41400655;913.3986944;4.97813787;2.34425183;0.28069532;1.04333923;0.9036793;25.42951835;2.34417222;1.0808939;2.84570274;0.62239656;2.08907433;1100.394994
1/10/2007;0.0891021;5.84363038;0.41924534;27.91266061;0.98720052;3.11495874;68.78820728;7.45686153;0.56914632;0.28815546;8.42327528;8.86463886;20.7177628;7.19231643;938.9295295;5.66360607;2.84159316;0.42120416;1.00117753;0.7300499;29.044;2.42621762;0.90807835;2.49644193;0.51206146;2.06665314;1147.707774
1/11/2007;0.05058115;8.29659537;0.39440543;24.40868851;1.26903447;3.31304106;102.9926263;7.75367527;0.42435937;0.40069547;20.20553406;9.00971598;18.74980169;7.23893573;928.7535761;4.68726374;2.06191418;0.44939727;0.88377645;22.97994826;34.67109316;2.54507865;1.62284756;2.39332566;0.89765037;2.49835642;1208.951918
1/12/2007;0.08678012;10.86069317;0.45412707;23.89022241;0.8530878;3.14325119;83.91851849;8.26031421;0.48659204;0.3797195;7.11002268;6.05272632;21.53818951;7.57253566;933.9677302;5.37182673;2.14352711;0.4151661;2.90189615;1.24557308;37.894749;3.24093789;0.96766434;3.22370869;1.08141429;2.60853831;1169.669512
1/01/2008;0.07178014;6.93235819;0.55735034;28.60013492;1.1007697;3.5518759;119.1901675;23.58307704;0.74751524;0.62379453;10.55215252;8.08041931;22.20493285;11.33044862;1183.10196;6.57755663;3.46750413;0.43694926;2.86284261;3.84770587;34.24273737;3.15659337;1.90901497;4.53227082;1.24070751;2.86248229;1485.365101
1/02/2008;0.11154211;6.12217892;0.45751036;25.20515479;0.68354145;3.362043;66.41250395;5.33566752;0.64827785;0.31677734;5.98563697;7.2623317;17.41707496;8.49074145;985.9391281;5.44833918;1.70153346;0.27823416;1.65959965;1.0048665;31.45237643;2.90877046;1.36091315;3.60099947;0.7434484;2.74427431;1186.653466
1/03/2008;0.03745005;5.53405802;0.46765836;25.39600982;0.6539837;3.28566863;51.9357435;6.11896488;0.45824062;0.29311445;6.80365295;5.01428736;17.54367557;7.80946628;965.568659;4.62496969;1.73042721;0.33852722;1.58370724;1.26368568;32.07190019;1.80022508;1.34905223;4.66401381;0.74582621;2.11726733;1149.210235
1/04/2008;0.0421181;5.75285089;0.33243121;31.12678632;1.09904218;4.0456067;53.86010299;6.84491507;0.60618246;0.29779533;21.31762037;5.31245739;15.62097024;6.87112869;1097.943948;5.50948625;2.29790819;0.35020899;1.32783687;0.86981371;34.51293041;2.39416172;1.90131158;3.66783892;0.7660434;2.53742025;1307.208916
1/05/2008;0.07418406;6.74232055;0.5280822;25.93883037;0.65141351;2.80927671;80.38155593;6.57827236;0.57449003;0.3449064;9.31755163;6.97062853;15.83436191;6.98939852;1021.821882;6.05011855;3.4053051;0.29995998;2.27570828;0.85109849;35.60902509;1.84812197;1.61365502;3.47777603;0.76885341;2.33262935;1244.089406
1/06/2008;0.09633107;6.79910363;0.39140719;29.07572334;0.74945069;4.6778146;64.63516502;6.73267684;0.58732637;0.32397367;9.94221706;6.52948763;33.39839489;9.48423578;1073.843888;6.61873632;1.5674272;0.32486416;1.66332324;1.11485861;44.04839922;2.69177109;2.29240362;3.4084557;0.92341939;2.50537141;1314.426226
1/07/2008;0.09685206;6.75550443;0.38226039;31.38338174;0.64859405;4.76837247;56.01648229;12.93186915;0.68085228;0.41486645;10.72923673;6.58455714;20.541182;9.53871607;1152.070896;5.30156329;3.09447473;0.40119619;2.28681835;1.30197671;45.84323497;2.31786864;2.23108304;3.46705185;0.96306444;2.32718403;1383.079139
1/08/2008;0.09998605;6.8938675;0.41919647;27.82369733;0.86832168;4.17372791;61.67526204;8.47570645;0.5434764;0.46587447;12.72768452;5.26607635;22.72197797;8.41024971;1070.228295;4.73538236;1.8252371;0.48890116;1.41464836;1.08669968;51.46092399;2.49365549;2.27267894;3.65549922;0.86137551;2.10910933;1303.197511
1/09/2008;0.1034331;6.53148373;0.41667936;28.39932039;0.89359974;4.86437945;118.1650755;9.39773138;0.83911355;0.5325143;12.68760157;7.94140943;21.46839424;7.67026753;1066.193325;8.52167034;2.66231414;0.44093222;1.21300541;1.56897567;49.48953805;2.37416905;2.18051118;3.95910255;0.64826558;3.20506125;1362.367874
1/10/2008;0.10397602;6.65039074;0.37032916;31.00112447;0.85017546;5.37009593;54.45429243;9.41321949;0.84811131;0.44085154;13.99616674;8.56863705;24.99794198;11.46504999;1099.589254;4.32409075;3.09580223;0.54807502;1.57186848;1.21525461;44.10967929;2.74090504;2.17257503;2.63533831;1.15035543;3.09939731;1334.782958
1/11/2008;0.19158814;5.70640827;0.34404927;31.84985391;0.9853336;5.09465476;59.4212986;9.28921205;0.70673076;0.30914456;18.21565341;5.26117757;21.23171331;8.63592389;1093.318595;5.9904038;2.1549702;0.46027532;1.52467922;1.04731839;32.96528926;2.58548203;2.25720644;2.7442172;0.94059243;2.37899036;1315.610762
1/12/2008;0.05871307;6.5076586;0.51556738;27.45251963;0.8378967;5.96868016;111.6356106;9.02146398;0.77061319;0.43816549;14.00933466;7.64302176;26.4098506;7.98056608;1097.140187;4.1768415;2.2469651;0.59834526;1.35841462;0.99131848;26.13564033;2.55664803;2.10771138;4.04676586;1.01673505;4.31640437;1365.941639
1/01/2009;0.11270009;7.53485752;0.36042234;35.09442521;1.20554985;5.2297229;122.2328629;14.20801502;0.74549046;0.47550848;27.32170736;9.67061679;45.23131219;11.46921237;1436.934121;5.5895889;4.89890512;0.4965392;2.70835182;1.25850625;27.92149664;3.21202377;1.71780403;4.6909663;1.23637209;2.58263933;1774.139718
1/02/2009;0.09238112;4.89340994;0.24723131;28.97364929;0.83487378;3.29776385;87.48551728;8.85356653;0.71224247;0.29158445;10.15537635;4.78530214;21.54012207;10.50446747;1079.964057;5.13225671;1.5244221;0.56339952;1.49398168;0.64352267;23.49811229;3.86420087;2.25621588;3.1161284;0.88321633;2.15102809;1307.75803
1/03/2009;0.07131304;4.7874622;0.35184339;30.06691178;0.80068871;3.9546862;76.69583684;6.74585296;0.49214632;0.35732634;10.18114965;6.20821173;16.83846044;9.03314172;1059.45719;5.18377141;1.69817298;0.41813317;4.10661542;0.9500352;29.89084965;5.00291886;1.58006717;3.11654462;0.88477247;1.82717329;1280.701276
1/04/2009;0.04318601;5.00572882;0.41617345;28.79876971;0.80140453;3.056688;66.33042517;8.34198954;0.6486424;0.41376221;15.58712077;7.22754805;20.60236532;9.47782768;1149.181806;5.57606038;2.03187128;0.41547615;1.56141155;0.70277864;22.19871291;3.12236085;1.59245531;4.51507677;0.93250937;3.50174877;1362.083899
1/05/2009;0.05360902;6.13103624;0.34979642;30.81697893;0.80852785;3.77864494;85.31869299;9.16190435;0.70450117;0.26676434;10.09158809;4.8400538;26.85393244;9.34326487;1119.995712;6.50670375;2.29151487;0.37232729;2.37455934;0.55619981;28.2054134;7.54841703;1.76344616;3.43364547;0.97962149;3.4693063;1366.016162
1/06/2009;0.03312004;8.77241207;0.42443917;30.62106146;0.68182971;3.54400948;122.3074467;7.02660213;0.58752402;0.34764566;24.14919232;6.85107143;24.51499465;12.09859901;1162.917526;7.75819936;1.79729415;0.55634312;3.36277552;0.76811962;34.30145031;3.44824195;2.01470416;3.65026963;0.92878245;3.04491949;1466.508574
1/07/2009;0.03305609;5.53008246;0.43132347;28.37839288;0.75622872;4.01641894;63.82999209;7.62429853;0.56040026;0.25723451;11.61164777;6.49007691;28.8664435;10.21596272;1136.915732;5.51324256;2.47913909;0.38891705;1.49428849;0.7769582;35.3867528;4.38115712;1.80938725;4.54730499;0.90331129;2.35685632;1365.554606
1/08/2009;0.06110711;6.46784663;0.35352836;31.54827579;0.84415914;5.2757472;64.67002851;7.60380865;0.64605609;0.34903545;17.37425119;7.72794535;21.94772234;9.51492202;1235.238952;6.13971356;2.94359911;0.37642121;1.17454356;1.02511895;30.71787356;3.6613465;1.93805432;4.51103623;1.37955036;4.12971123;1467.620354
1/09/2009;0.0541521;5.18455654;0.43230341;37.25856911;0.89107485;3.96755786;71.37356391;7.82250697;0.82896647;0.37266972;19.60132276;7.64777623;26.2764539;9.68034887;1152.359053;6.05566232;2.85567322;0.43634497;1.62431567;0.80722967;30.07862108;3.94051312;1.6452684;3.65103971;2.4386086;2.38728953;1399.671442
1/10/2009;0.07289014;5.1963587;0.45770736;32.13776008;0.84878765;3.96728311;75.77349962;12.44942575;0.65331237;0.32620557;18.96258844;9.50640438;24.57932353;11.51324618;1212.544373;5.36263395;2.21171218;0.35607324;1.38990754;1.00694271;24.55012803;5.89482428;1.6247482;5.38373162;0.71183447;2.89759336;1460.379295
1/11/2009;0.10217514;5.3409965;0.42984957;30.81733876;1.05115257;3.78340509;77.25872883;18.9588959;0.59924115;0.29842141;15.79148142;7.97906121;25.6855626;9.0514426;1255.020217;5.20406058;2.75961916;0.49239721;1.42662661;0.79753583;29.35193115;4.10731183;2.8969984;4.29211252;1.45776426;2.91763428;1507.871962
1/12/2009;0.06179016;7.38864877;0.47489136;33.66062915;0.92355871;4.16860127;72.18998626;19.62518285;0.61175736;0.36528347;17.26225604;9.32395588;27.48742168;12.01187695;1295.523624;7.48050378;2.56056875;0.37979835;2.44985453;0.82443578;30.90814864;3.52277579;1.87977848;4.24390329;1.79517346;6.38238009;1563.506785
1/01/2010;0.08980206;9.46091043;0.60550635;38.10143808;1.28292513;5.82770016;100.1889267;46.62099244;0.75768739;0.4709984;26.67523862;8.62583866;33.12531993;16.2074947;1630.874901;6.98241145;3.10133412;0.50890419;2.98913272;0.85057683;38.13454711;4.70747595;1.77074923;5.00949057;1.62989971;3.11801817;1987.71822
1/02/2010;0.07279713;5.21777549;0.41015924;33.62554036;1.02064441;3.73843299;75.04109094;7.40578489;0.50677789;0.37181132;8.68262452;7.3508202;31.0630539;12.03672896;1197.363464;5.23547752;1.50143116;0.29788918;1.70580838;0.84917206;35.51144542;4.71515204;2.02723513;4.92525731;2.07498742;2.76664126;1445.518004
1/03/2010;0.07298411;5.2872033;0.34456518;30.16581485;0.77960772;3.87750525;61.0140224;5.54656524;0.74770427;0.24990053;8.17881306;8.07656379;30.00607202;10.84751927;1236.639798;7.31294851;1.89342669;0.36556028;1.95898751;0.71026592;31.20443494;3.27193516;1.90430767;3.7905417;1.25479636;2.90817615;1458.41002
1/04/2010;0.11056912;5.7187532;0.40173915;34.01731442;1.04271072;3.17253937;81.07958103;37.03247513;0.7617345;0.42675749;9.85075876;7.10601033;27.68658033;8.47427121;1390.437747;7.63362101;1.95638611;0.51098918;1.36345857;0.7754247;31.57163757;5.38003997;2.07460616;3.2506267;1.79652836;3.15296428;1666.785825
1/05/2010;0.13970114;9.91792352;0.37435138;30.92807289;0.72970298;3.65523226;65.89039208;6.6080078;0.88044936;0.46471261;8.46392543;8.28977699;33.78818327;9.09094044;1323.825133;7.00627448;3.47357405;0.31580714;1.4760807;0.58874074;38.52714436;4.91596486;1.75628418;4.17966899;1.35459647;2.12278413;1568.763426
1/06/2010;0.07006913;10.39178362;0.43447036;35.45649876;0.78059208;4.39522144;73.9113519;17.49943832;0.87941337;0.38861654;12.33194819;5.46345463;31.92687352;16.0084125;1302.898611;7.90151664;3.17187628;1.01093019;4.60244553;0.85908683;38.83002174;4.66165058;1.99611935;5.73471589;1.31876743;1.98067533;1584.904561
1/07/2010;0.10309616;8.89955692;0.43462526;33.75384321;0.84217984;4.29085018;83.69964767;10.62252714;0.56247837;0.4747495;12.45305651;6.29044749;24.24799471;15.38574551;1314.753766;10.18152809;2.8983221;0.50719316;1.88107776;0.87125971;35.8507006;6.01813701;2.09790824;3.68542483;1.61688654;1.90699343;1584.329996
1/08/2010;0.09377507;7.2751171;0.7574409;37.83140699;0.99547393;3.38342745;82.07419002;8.91562829;0.68933834;0.4641967;11.29231995;6.86690604;28.204376;10.61955969;1334.684243;7.05749872;3.24371632;0.79393518;1.6349856;0.92207368;25.80249626;4.01132716;2.62047923;4.10971494;1.40542947;2.64054039;1588.389596
1/09/2010;0.20378503;7.78890061;0.5947682;36.81780829;1.140121;3.64757021;93.83959482;12.79362348;0.81700654;0.97512784;12.08719047;8.37987389;32.30967724;13.33506884;1302.899879;6.67231298;3.60661623;0.95727608;1.47965167;1.0804118;32.15545848;3.62334614;2.32762546;4.27802638;0.85657656;1.55177227;1586.21907
1/10/2010;0.15296119;6.57503138;0.58334118;42.66109176;1.03708171;4.99845322;104.8992136;18.5206026;0.85663638;0.89012978;13.62884302;8.45682595;33.14401845;11.72415659;1418.543789;5.6102126;3.53965752;0.93463716;1.72877673;1.20035058;30.47170222;3.69807352;1.71977108;6.1079844;2.59169049;2.808744;1727.083776
1/11/2010;0.16690966;6.73774822;0.75002618;39.15925346;1.16374586;5.43063343;76.68864526;15.91937141;1.13894335;0.67060654;11.34954653;9.40320322;23.77130024;15.59964946;1411.979889;8.33129794;2.53267922;0.8508944;1.54144567;1.53972369;31.38415794;4.01977715;1.58644823;4.59426579;1.02210038;2.29176828;1679.624031
1/12/2010;0.16138229;7.61238916;0.75746231;44.3110583;1.49677578;4.18565064;85.28766199;16.49639649;0.74958438;0.8940156;14.80672326;6.71334689;45.04535378;13.46046934;1446.4218;7.38292662;4.95148314;0.84727517;2.56558559;1.23199868;30.60646932;4.2708078;1.26272421;4.48718266;0.89591462;3.95527034;1750.857708
1/01/2011;0.2007072;8.04588383;0.68341444;51.91181647;1.99837808;5.74894348;147.129338;17.30313791;1.05100646;1.26780155;14.64483009;7.36871008;34.81355688;17.63337627;1865.838814;6.02491648;3.70540127;0.69823028;2.5513337;1.30148181;35.1154772;5.81772439;2.0254908;5.32264232;2.11034069;2.85974664;2243.172501
1/02/2011;0.17999668;5.5695475;0.62146829;43.94822365;1.05472483;4.64325775;88.63592157;13.88873762;0.53109227;0.54572767;9.73717636;8.39263054;28.88099153;15.09103894;1348.505038;8.63345763;2.32142222;0.55274038;2.1073338;1.5513167;42.99484793;4.1451471;2.7298061;4.68988747;1.71991463;2.54175445;1644.213201
1/03/2011;0.14381954;6.16746954;0.49910124;37.52267907;0.68506382;4.72313026;73.96287389;12.51668118;0.50142518;0.36226244;10.26274895;6.43280347;27.06004785;12.22333099;1350.491372;7.35143275;3.30987025;0.59570332;2.94282567;1.34900262;38.24415539;5.439856;2.74992651;5.07858042;1.21415448;1.98471544;1613.815032
1/04/2011;0.12979923;5.95310132;0.44607638;34.17649613;0.80058679;4.74906039;131.0343337;7.51519521;0.87721428;0.36042539;8.8497893;6.22620403;25.74770958;12.82212124;1472.786248;7.74073576;7.29660906;0.53439321;1.06068071;0.88218789;33.85060802;4.89355004;1.84165762;4.11984441;1.05414948;1.60748342;1777.35626
1/05/2011;0.09071417;9.34439849;0.54043855;36.22855233;0.68730485;5.4385824;81.06164994;19.25033093;0.6984603;0.51064267;14.49027319;5.81933806;28.11790027;15.62485262;1404.763265;11.69338469;5.40601823;0.45464616;3.74468372;1.26324689;44.85712539;5.55359812;2.05598038;4.3213801;1.28321616;1.49341283;1704.793397
1/06/2011;0.09942012;8.15414926;0.5049276;35.7499855;0.8657017;5.17080376;77.06390496;12.7667097;0.54197034;0.48922861;11.96008485;7.063016;27.99089474;14.81144456;1481.026011;7.83843748;3.70301829;0.58063028;2.97344944;1.16326694;41.15108764;5.4542124;2.38194438;3.71095495;1.08304475;1.59255542;1755.890855
1/07/2011;0.20606412;6.98402266;0.44833431;40.71635529;0.69383397;6.02319721;76.81544554;17.01698998;0.5488304;0.44481538;12.1844346;5.30019257;27.6579576;14.1286247;1483.938816;7.7768739;5.60874175;0.69076773;3.63789125;1.38747492;35.30891684;5.42853839;2.64483851;4.11380293;1.12141362;1.51577938;1762.342953
1/08/2011;0.11214715;7.09560311;0.5081303;39.16436797;0.86084075;6.31784328;79.03781845;15.99925358;0.70317325;0.42051156;10.93549831;8.26622223;48.28837364;13.59682581;1572.774173;9.41186675;3.82939413;0.48743716;3.68994162;1.71958284;31.92933532;3.90626801;2.30525629;3.78800201;1.63838748;1.43813398;1868.224388
1/09/2011;0.20612215;7.37420242;0.62809451;44.34538973;0.79399599;8.01664645;81.96484766;16.0103483;0.80785032;0.42959249;14.96227677;9.32282375;34.31944513;13.45243198;1559.390821;8.70478152;8.84163022;0.35565828;2.10320046;1.31989293;32.63973422;6.50781264;2.93380625;4.12190726;1.39817063;1.44685309;1862.398336
1/10/2011;0.11844219;6.69008937;0.61224119;43.24347019;0.85169574;8.19462934;96.41971645;19.00487117;0.81855805;0.61956563;12.60778039;7.87968874;27.30770996;14.57273977;1598.205559;10.35324385;4.21191428;0.441877;2.77877041;1.46890305;26.79081508;5.81114679;2.70218041;3.68603591;1.4166944;1.76219633;1898.570534
1/11/2011;0.14931017;7.96002622;0.75134848;43.90105489;0.95521202;7.71335127;75.24275173;16.08158213;0.93764842;0.63611657;12.71185302;8.74790012;43.95491683;19.85179975;1615.070043;7.7134098;3.91985622;0.43845509;2.23850143;1.54463435;25.46625759;5.06730408;2.7465734;4.4003815;1.17203149;1.43635737;1910.808677
1/12/2011;0.0966351;7.28316328;0.71783014;56.49668018;1.30274883;7.20840538;122.5766322;17.0461173;0.87755752;0.80317874;12.17190801;9.89499368;30.73629008;23.76304303;1635.429358;7.48428439;6.81297613;0.48406125;3.46499979;1.17687176;25.34046132;6.4010221;3.00061725;4.35795632;1.0909307;1.25796749;1987.27669
1/01/2012;0.18868411;12.40902235;0.91987978;59.38663217;2.06335293;11.75313863;108.2322075;155.6886221;1.10027959;1.08492666;19.21721735;8.00050702;38.52006745;17.93356685;2040.64542;8.9280037;6.75180438;0.47150531;4.56524684;2.40780715;44.09081668;8.36294633;2.53664439;7.86589281;1.52906678;1.53605246;2566.189312
1/02/2012;0.13663613;7.79230568;0.61280456;45.64212734;1.77150986;7.05302989;93.34332973;12.96015939;1.07373736;0.75258579;18.51800318;10.67432001;36.39209307;16.50788852;1477.501088;6.63308117;3.64331423;0.53724228;1.78108757;2.3769427;34.31258107;7.20901305;2.99744228;4.11719201;1.00834553;1.68342449;1797.031285
1/03/2012;0.21164325;7.58020636;0.57634145;43.76300699;0.9693998;8.8871741;75.71971531;10.75556988;0.65032745;0.58521977;22.54383939;5.86522554;38.25513383;13.9440992;1530.827766;8.51319884;4.63763117;0.35707729;2.13218776;1.78949297;44.84355063;3.93227298;2.95157639;4.43008187;1.62005742;2.66059843;1839.002394
1/04/2012;0.15594221;7.23234116;0.64164461;45.16680876;0.94883714;6.22456025;90.08843117;11.36982384;0.85877134;0.58400165;11.15337769;9.21014321;39.61391691;13.5023985;1684.13339;7.45530277;1.23145727;0.44040229;1.93894694;1.5077494;40.65117614;5.11003102;3.55752922;4.5440561;1.37235965;2.36679838;1991.060198
1/05/2012;0.27037423;8.10813493;0.85611336;47.23106967;1.19292798;6.46067825;82.39383138;13.70957593;0.90613632;0.5694917;17.30102292;8.00151713;33.90226448;12.32472975;1634.988698;7.48119592;8.27198108;0.39109723;2.31931999;1.45103773;38.53881015;6.22284024;3.19750249;5.23783555;1.58511833;1.44066326;1944.353968
1/06/2012;0.21797326;8.94729085;0.85371853;48.12921341;1.24494699;6.66738971;96.56689073;14.44961583;0.91965134;0.65641967;15.56249141;6.467999;33.53904753;13.67899913;1589.320467;10.76571833;6.09682308;0.41633227;2.65940471;1.83105866;34.30098582;5.86252394;3.17630646;5.36863978;1.50795667;1.47134141;1910.679205
1/07/2012;0.25189501;11.87521542;0.9930786;47.03192237;1.55283899;7.22328599;121.0072058;16.46271274;0.94457138;0.89912968;13.37554605;9.94522625;33.23916711;18.15760095;1761.216011;9.7598408;7.3392252;0.33563124;2.39774771;1.78281095;39.28616548;5.7763273;4.04185528;4.73782696;1.94193304;1.2944543;2122.869226
1/08/2012;0.3835662;12.20797544;1.0675907;68.69101119;1.43214296;9.60814876;93.99372718;16.22827474;1.06557028;0.69662182;20.28138906;11.75874265;52.93139419;17.18734515;1595.966534;9.85771699;6.3596874;0.4068712;2.84255492;1.70026089;30.04810326;5.75305922;3.79354256;5.00588967;1.75566843;1.72939392;1972.752783
1/09/2012;0.25772021;7.94372127;1.25126587;54.25315015;1.42468588;10.30275846;113.7262717;15.65385672;0.98639937;1.16310304;15.21505418;7.28259714;32.81872609;15.3278832;1595.812683;7.63766959;6.38927525;0.55383613;2.9269221;2.13580603;38.0036368;6.36893731;4.07029552;5.22483592;1.25972966;2.08817441;1950.078995
1/10/2012;0.4729992;10.16547485;1.39910767;51.10184848;1.50097935;11.11457885;92.38584965;14.20685519;1.06827751;1.25678352;21.87640519;10.60902397;40.45890982;20.56821062;1760.065861;9.09488809;8.75333714;0.5971622;2.34932765;2.15909619;35.84644551;4.88487632;3.15305928;4.80594941;2.54648361;3.01314271;2115.454933
1/11/2012;0.33052222;10.74851432;1.15832678;69.17578216;2.00283817;12.08072364;103.8040795;15.81860824;0.63089464;1.36506057;17.74947439;7.66915761;67.28317933;18.46440771;1776.802061;7.96288593;5.38320122;0.49348327;3.21499569;4.37017475;42.3870689;5.94018887;6.10517476;4.87169636;1.55538052;1.86615141;2189.234032
1/12/2012;0.31553926;13.78325903;1.17841077;63.59903264;1.92257895;10.71086864;107.5756607;13.63321821;0.72619075;1.34483545;20.02873764;8.53312883;39.78998042;18.147437;1768.995095;9.15839314;5.56525528;0.59141923;3.21109694;2.31075324;31.4979627;7.16693649;5.18170261;4.68036011;2.55034241;2.23856852;2144.436764
1/01/2013;0.35429726;12.87796144;1.68617013;66.78854134;3.10091758;14.03567988;162.9393402;21.46798995;1.31842869;1.84370802;24.50791777;10.38128338;71.65113867;21.25698271;2205.453213;10.72204808;12.09283903;0.61557728;3.74674303;3.33489544;34.09450422;7.99933685;3.74048635;6.77366784;2.04006065;1.93254459;2706.756274
1/02/2013;0.22122815;8.10613714;1.42806983;54.69448166;2.12263906;7.52476838;111.6363839;19.4111689;1.39247037;1.51424677;16.88107796;7.56415656;37.86650547;26.38661083;1663.311422;8.34347195;6.45013727;0.49490938;3.5996237;3.28091518;41.87247185;6.05481537;4.30678138;5.4046747;1.59694545;1.50755135;2042.973665
1/03/2013;0.23316426;7.08234599;1.10774173;50.19134096;1.51635118;8.67191144;129.9332862;17.49257569;0.76604041;1.04900479;19.18994174;9.3419132;32.87206365;17.16242967;1605.111049;9.56831369;4.91690319;0.36054124;2.36207382;2.26012983;40.10637151;5.70166373;4.01926835;4.82119268;1.25218587;1.63861247;1978.728417
1/04/2013;0.49233417;7.58062837;1.52124671;53.66569973;1.53406697;7.8339327;94.96392434;16.75896183;1.05316256;0.88203371;21.10822444;9.37293165;36.69016222;19.07960466;1831.377647;8.53719416;5.63197619;0.45288721;2.06720475;2.18411061;36.92203683;5.65038531;3.55953534;4.98782955;1.33896474;2.19352234;2177.440209
1/05/2013;0.22939527;8.7263105;1.12715595;58.26798258;1.49890583;8.69626827;103.0561922;18.76382337;1.82514542;1.07842376;18.65174473;7.64641301;33.11297914;14.31971775;1914.666267;10.44624067;8.45343531;0.78538835;2.80771967;2.46584549;34.17990963;5.47208312;3.47315344;4.92488566;1.85629766;1.47183079;2268.003515
1/06/2013;0.71796301;8.83763926;1.29055529;52.79339083;1.65336496;8.4423178;125.1838518;16.7539551;0.70909945;0.98308368;26.32182473;7.21197681;35.04809333;17.81592975;1744.563128;10.61433256;5.5257048;0.39218321;2.9012378;2.00809305;35.20809295;6.55663408;4.23410643;4.9396656;1.86844947;2.41058736;2124.985261
1/07/2013;0.2176902;11.99127645;1.54653464;56.40975738;1.64215621;8.28293571;110.611308;18.4837964;0.65120964;1.24265384;22.4596714;9.21058944;40.81369008;20.18785676;1854.488396;10.27854582;8.03110164;0.40255821;3.45212594;2.327102;41.80397082;6.20575027;3.23863832;8.13787265;1.6482376;1.98722231;2245.752647
1/08/2013;0.29798514;11.20191243;1.75650061;54.23431306;2.06539987;9.09035463;112.1845608;19.84820548;0.87192049;1.54932164;19.13395415;8.66503396;39.85997566;16.88436741;1880.40851;9.31604833;3.75675519;0.50666017;3.05410901;2.54933272;36.24485304;7.40373903;3.31364433;6.12573902;1.71201457;1.67526138;2253.710472
1/09/2013;0.41678224;12.22371303;1.86898644;61.00124753;2.19509409;11.21633082;94.56393615;16.54279639;0.7448605;1.16653872;20.21978159;9.1470719;43.19161982;19.96773995;1856.44479;10.12309953;5.13825643;0.44071216;3.430559;2.45126296;38.36662107;6.63433653;4.48437631;5.71422871;1.94752554;1.75937327;2231.401641
1/10/2013;0.71604133;10.68655607;1.54176006;59.63225117;2.18492811;10.02418564;99.36306755;16.82097567;0.80960246;1.197606;29.85558863;11.12331624;44.49057183;19.53692998;1875.97256;9.11176105;1.70681822;0.72621321;3.53663186;2.50126309;35.72988468;5.85438917;3.9659503;5.47944912;1.84016801;2.55648428;2256.964954
1/11/2013;0.25156632;10.6624095;1.62283285;72.21754498;1.9218248;10.31131593;97.47461156;17.69873623;0.86326662;1.37330091;20.94681161;10.27678866;59.29281973;22.45316069;1881.935733;11.4437318;5.69782341;0.57853019;3.05431471;2.45995294;33.56168143;6.58030639;4.16757065;6.5236775;1.9382261;2.18185056;2287.490389
1/12/2013;0.46571223;13.84126844;1.55195375;53.36362098;2.47932575;10.30219077;106.3693381;58.60904823;0.84667264;1.61072077;30.07322095;11.3132968;50.1038964;23.66386038;2134.641341;10.56799312;2.36638429;0.42627517;4.40359164;3.16097316;43.56576599;8.18630632;4.71107541;7.32092835;3.1331764;2.96613234;2590.04407
1/01/2014;0.49712414;14.19593112;2.36724202;70.36498579;3.33326615;12.16893724;146.7209257;21.77749556;1.35980063;1.35980063;32.75483915;12.30620568;69.92084304;26.85311116;2482.566302;10.09621869;2.58647133;0.78450919;6.20934797;3.90673807;42.76464864;9.63921179;4.54823938;7.47615995;2.82238284;3.11903249;2992.49977
1/02/2014;0.27935728;8.85990886;1.81315179;50.81189655;2.89564397;6.90376285;101.8201056;17.70782622;1.47862152;1.47862152;22.49758437;8.86078226;43.38891094;23.19878966;1995.226367;10.97247016;7.07346935;0.49998716;4.28148737;3.47321968;40.74258188;9.8264264;4.40316643;6.71387989;2.65061773;2.42138339;2380.28002
1/03/2014;0.40311918;11.77933303;1.62729072;60.70012903;2.63263794;7.25660989;111.4478056;17.4507452;0.85390073;0.85390073;22.74531585;18.08847296;39.94471438;21.6634792;1816.91492;9.34429227;5.08668202;0.5116582;3.51116474;2.20330983;35.36827769;6.1087492;3.41814639;7.06003573;2.43993877;2.19973452;2211.614364
1/04/2014;0.34925434;9.26434949;2.03033466;52.16082287;2.28589398;6.81302747;98.85564472;17.78639931;0.69643757;0.69643757;24.31054292;11.13980013;42.4298297;19.71954957;1959.345296;10.98972117;3.13314552;0.39042624;3.24721181;2.37383854;42.41570209;6.9951905;3.96849141;5.64425464;2.61206529;2.18419323;2331.837861
1/05/2014;0.25196132;10.40980426;1.73901109;53.58978325;2.59947345;7.97057375;93.24471072;16.96715727;1.90016067;1.90016067;19.1200088;12.15692516;40.56298704;18.08203068;1922.173306;10.16207194;18.76544352;0.76321518;3.87149571;2.72323033;44.83085839;7.15199147;3.92442656;5.73340938;1.91334179;2.58903809;2305.096577
1/06/2014;0.30227928;10.0353298;2.09070873;51.50542668;2.35875545;8.00870091;99.03634862;15.96508644;0.70474561;0.70474561;19.71096929;10.97698946;47.96004672;21.07638011;1845.699281;10.96118989;3.39257322;0.47418022;3.24154328;2.63264815;43.49615663;7.52428226;4.02387638;5.09871489;2.0810736;2.47729646;2221.539328
1/07/2014;0.2912343;12.20782946;2.03076199;55.2753389;2.44223816;8.42707041;93.54099965;17.35232953;0.86875374;0.86875374;21.30891198;12.84652095;43.97910254;19.92462351;1833.606931;9.89423335;7.72374902;0.58528015;3.51079767;2.75804292;45.77315794;7.19515935;4.24060935;5.94686577;1.75364679;2.35602433;2216.708967
1/08/2014;0.29202731;9.44572309;2.63774519;55.19873937;2.65640738;9.39334509;95.7720514;18.25438899;0.86940188;0.86940188;17.73607617;13.41645086;148.6388796;22.67701353;1899.281197;12.4037885;2.76033443;0.68042728;3.27854583;2.54532473;48.62005946;7.52678413;3.92672854;6.34134984;2.30426387;2.98030952;2390.506765
1/09/2014;0.4440652;10.23395451;2.04546205;59.79870724;2.46119439;8.78863879;97.57679126;19.00338867;0.81534158;0.81534158;22.69252962;11.89035389;58.19269154;28.91248912;1928.414138;12.50374349;2.3711004;0.81176623;3.33760871;3.99698343;55.36173581;7.03725867;2.74271758;6.46534164;2.82151154;2.98282393;2352.517679
1/10/2014;0.42638116;11.43934046;2.49551104;60.49115314;2.97406529;9.67857187;98.38969605;19.55514186;1.09610575;1.09610575;27.51209031;13.82944476;53.87609543;21.72053772;2009.593782;11.34739658;10.01935659;0.92976927;3.16851593;3.24221525;40.8883785;7.63707249;4.70187653;7.15162501;2.85476796;2.75344153;2428.868438
1/11/2014;0.36242235;10.60207251;2.59204587;74.60025863;2.79032786;10.55535397;101.9158415;19.37250414;0.99688578;0.99688578;22.1705851;10.31044563;59.19656043;20.48648875;1943.666795;10.60070364;5.93265068;0.9113301;3.19356892;2.97482654;40.13894722;8.17561279;2.77003485;6.52309209;2.82236265;1.85259843;2366.511201
1/12/2014;0.39217018;10.30738168;3.00431495;69.18359813;3.09528062;10.90304711;116.5266429;20.20911279;1.39533983;1.39533983;24.77653097;12.55151919;70.1424042;21.38553551;2070.413562;11.49135996;2.73238938;0.92667518;4.54503495;3.02962795;42.73496659;8.51151157;3.0044694;7.43120062;3.0024381;5.29078945;2528.382243
1/01/2015;0.35640514;20.22823527;3.48221311;78.77061131;4.49603162;13.0395191;152.9322775;23.2249679;1.54798388;2.47868092;26.65868695;14.09436913;174.3831772;24.62055721;2677.493181;11.20963995;2.00385223;0.82159915;5.12519169;5.78158829;31.1128981;9.64634343;2.02439836;7.34225316;3.35787287;3.12311762;3299.355652
1/02/2015;0.31929123;10.18135427;2.35378497;64.78205663;2.5762822;8.24626289;164.6946774;18.70169261;0.72504564;1.4897138;17.64406229;11.25079453;44.6946342;18.97107963;1965.810777;10.87823946;2.1965043;0.62156418;4.21651181;3.71014907;24.99329472;7.15608867;4.30715994;6.67216721;2.30609083;2.53089538;2402.030175
1/03/2015;0.31572028;8.07604772;2.41310503;61.5332484;2.6627363;6.97792098;136.796077;17.23714805;0.53120259;1.00020575;18.80287024;10.17134129;91.63184518;17.0096735;1876.342706;11.40620153;2.59946138;0.77345719;2.82171596;2.09661522;29.75800774;5.20657488;3.85718451;6.97933242;2.19281813;2.42597644;2321.619194
1/04/2015;0.15152516;7.57686751;2.19257796;64.59915243;2.12254334;7.28806191;123.8256215;16.51349064;0.51571754;1.12528188;14.87833535;10.85670251;56.87523802;18.88571017;1927.818021;8.8252608;6.90940425;0.71640231;2.42648399;1.78306899;22.95382501;6.65816544;4.93655392;5.99841152;1.73014888;2.55849343;2320.721065
1/05/2015;0.30790589;12.5454815;2.02896279;60.02368125;3.02057238;6.83070407;156.0891704;18.08429745;0.50914367;1.05876082;19.17895835;8.4966581;52.85020142;18.31947668;1986.389354;12.338131;6.85731332;0.79428006;3.02907096;3.14448172;29.07406199;6.80166848;2.90829843;5.13497043;2.19329873;2.62258348;2420.631487
1/06/2015;0.24220835;17.04530848;2.47189793;76.53353793;2.70139722;8.09747864;163.2541641;17.84769085;0.56456782;1.41147853;25.64491209;11.84703367;56.35788933;16.49696299;1984.958517;12.13445497;6.61116686;0.57842523;3.46225674;2.78692395;33.47568772;5.88068578;2.70189562;7.50292949;3.02993885;2.85554472;2466.494955
1/07/2015;0.2984331;10.69630231;2.48046972;64.13976438;2.48325212;9.35250291;140.7896757;17.75055715;0.54353063;1.43656869;21.09451183;10.82290422;53.60926247;16.1504009;2041.096511;11.28187041;2.87704941;0.51545528;4.17498091;3.04800656;31.71383417;6.7817409;4.08840656;6.1357193;2.52597615;2.62449064;2468.512178
1/08/2015;0.32650932;18.11056515;2.76074636;64.37285288;4.30766607;9.8258083;112.4500986;23.89608042;0.7222219;1.79444876;22.83831544;12.68143819;55.9469678;17.48728447;2162.439184;12.83799507;6.82430712;0.62732316;5.09617378;2.91501599;35.22534284;7.30571165;3.34284464;7.52695705;2.36129687;2.85768369;2596.880839
1/09/2015;0.18804825;21.14543024;2.96569571;73.46266968;3.64161658;10.7606272;124.4141852;21.13525706;0.95933176;1.89659488;19.49920981;13.04230053;55.37650491;21.6811511;1978.82946;11.46611052;8.2634622;0.54115124;4.00375898;2.97250783;33.00207134;6.55180185;3.39997059;7.09476296;2.97702244;3.18362769;2432.454331
1/10/2015;0.20304931;10.85841987;2.7888279;64.72246597;4.16156548;11.76821198;115.140538;21.28806447;0.88093382;2.07497787;23.48552022;12.59172217;52.55479762;19.48948453;2028.260865;11.46312886;2.70527926;0.78092221;3.744644;3.18388721;30.7453932;7.80383394;3.72294058;5.83874874;2.85142988;3.39374146;2446.503393
1/11/2015;0.19565923;17.83706058;2.93312025;78.13354773;3.43563452;10.86570501;130.4207946;21.39293102;1.22195084;1.63931096;23.73362072;15.97264594;58.07868699;22.99388763;2117.406635;10.94380547;3.79251656;0.88651322;4.29132901;2.74712332;35.25993984;8.23602874;2.969033;6.03903551;2.54809976;3.67650079;2587.651117
1/12/2015;0.38992436;12.51086288;2.74766076;69.10657933;3.66321734;11.6968831;160.0776727;17.29390879;1.01125891;2.64389481;19.24756552;14.16693854;62.13827039;19.82514115;2169.52569;9.48860528;3.98231936;0.64819537;5.31046947;3.23827942;30.58228817;7.89671763;5.45401848;5.84543379;3.28695116;4.97390648;2646.752653
1/01/2016;0.34895926;18.34445777;3.40119578;80.40361449;5.97429238;13.70739723;161.4101898;21.42551861;1.3280597;2.77735379;22.19476311;15.85253002;83.1612943;27.81534519;2636.824354;12.17512056;2.96224433;0.83900328;6.14503596;4.17553529;44.87100209;9.06789164;3.05088807;6.66345928;4.10265201;4.7412972;3193.763456
1/02/2016;0.18521339;17.12424427;2.41282027;65.95885416;3.52133366;10.34729892;121.2688291;19.51266277;1.05285557;3.3937502;23.77194475;14.36893977;65.97242936;20.41426127;1983.613068;12.67208022;3.66946329;0.76971828;4.18009475;3.37834522;30.51958016;8.93655279;3.04666457;7.53870894;3.50166796;4.04122188;2435.172603
1/03/2016;0.35546236;10.32379582;2.238118;75.213604;3.04365417;9.85290873;124.7860001;15.7753336;0.6064717;1.25193111;22.82409214;14.1757911;66.43652293;20.65903462;1960.558793;10.5686;4.0908;0.8694;3.5499;2.8492;28.0291;6.8746;3.85161953;8.73603562;2.1748;3.1566;2402.852168
1/04/2016;0.31933744;10.68221252;2.34278789;71.36909359;3.15271277;9.54438325;133.5107192;17.17806104;0.6277;1.74067695;25.251;10.1848;63.1196;15.70417342;2048.5873;11.8964413;3.0381;0.6873;4.077;2.6819;22.7436;6.1427;3.285;6.4638;2.4311;3.6286;2480.390099
1/05/2016;0.43964831;21.99003057;1.99508781;76.46170285;3.16088374;9.18175989;114.4427777;17.00761801;0.65113977;1.55877027;24.89057453;12.80016221;61.87964124;19.61402383;2016.060807;13.12894284;3.43481933;0.66880832;5.01508065;3.0003361;26.05690504;7.83068365;3.81019846;5.83672726;2.45109681;3.37215251;2456.740378
1/06/2016;0.3028144;17.84389262;2.15098186;62.72556748;3.56345036;8.9746401;118.9360874;16.55790496;0.94668367;2.00776027;19.6878988;14.12679488;86.07201067;20.48977322;1971.951691;10.87626236;3.59342519;0.79202723;3.80504501;2.25226401;27.0350217;7.81171055;2.99219152;7.47436149;2.2497057;2.50318157;2417.723148
1/07/2016;0.20380838;11.63416343;1.90177094;63.29036769;3.43845443;8.88018809;116.6867043;15.83808318;1.06904484;1.48207095;23.17582241;10.90316618;56.32722027;18.89739586;2094.071471;12.46630239;6.66773123;0.71933425;3.43699435;2.79781278;21.58993122;7.40546558;2.91306779;5.46531034;1.93653984;3.55458755;2496.752809
1/08/2016;0.76143963;14.38754294;2.67987228;66.5008738;3.46569201;10.93013851;119.4481031;18.51207097;1.22996567;2.16354109;23.48963601;13.38427258;62.16649694;26.38973918;2281.696498;12.46698181;2.88699842;0.62239235;4.03935792;3.45012205;30.66904294;9.99874258;3.10077476;6.80927254;1.76017794;2.43904734;2725.448793
1/09/2016;0.28535434;9.50566395;2.12879145;64.0046732;3.47536777;11.02192454;150.1194212;18.29527654;0.90103818;2.35792184;20.56468487;13.42624497;57.58329067;21.91074214;2150.446933;9.39316961;3.82966033;0.82014637;3.35463696;3.50382296;30.67029516;7.12724173;2.36823147;7.94121306;2.12191285;3.16258071;2600.32024
1/10/2016;0.63512533;15.97152737;1.994891;85.25213991;3.5000816;9.92925436;129.9298746;16.78499322;1.45128998;2.38826022;18.86519394;15.4138457;60.95190209;16.55187946;2148.141293;11.27408379;2.78901099;0.83112023;3.425116;3.53284619;27.75131864;6.86973088;4.43098469;8.15295668;1.57872092;3.29515335;2601.692594
1/11/2016;0.83221638;11.42432328;2.45683262;74.39228791;3.5883453;10.19610304;145.6208181;16.75523129;1.30243883;2.34709072;21.79550734;12.64571729;57.77116507;16.30590877;2135.159417;11.3951651;4.20446133;1.38686925;3.49317994;3.78119102;28.38758708;6.70288732;5.56748482;6.53015565;2.34398406;4.32076172;2590.70713
1/12/2016;0.5345744;17.38577619;2.11716715;69.28163889;4.23168135;12.30227812;149.0744064;16.47260251;1.44066184;2.48102762;21.98986623;14.48518067;62.99505941;18.50972018;2159.877429;12.7484646;3.24390425;0.86176627;5.96572045;4.91876821;33.27779642;7.30710437;3.63658554;6.39713844;2.67669063;4.38723968;2638.600248
1/01/2017;0.38966635;18.02658906;3.0976072;88.02718535;5.84176888;13.06249484;167.7681765;19.69152475;1.94734901;4.34937736;29.46451963;14.14463793;61.85565297;37.73130965;2764.913601;16.83472266;3.95309828;0.9606263;6.33898795;5.25694665;43.40596412;8.96084866;4.95602759;9.97612725;2.64054191;4.3836767;3337.979029
1/02/2017;0.42946727;16.53914241;2.29586976;67.28554124;3.00032836;8.40294847;125.7104955;22.54904239;1.08028574;2.96247469;17.28029237;15.32865358;51.01157687;20.89866094;2082.902732;11.0004602;1.84190735;0.70164929;4.08294882;4.01827288;30.15785184;7.49405073;3.79508976;6.69668108;2.22470263;2.46171868;2512.152845
1/03/2017;0.33050337;12.47706446;2.06080977;71.32178915;2.83720268;6.47965769;113.2662369;15.68203595;0.47797783;2.05411958;23.4785306;11.61971011;37.10403014;11.74435475;2016.975674;10.09514827;2.03512528;0.84721119;2.94518087;2.9757349;29.69038938;7.11613601;3.25711068;6.26791334;1.45902465;2.93456407;2397.533235
1/04/2017;0.23534324;7.19964035;1.63545671;60.78479785;2.75645626;8.44508989;111.9700463;12.98385247;0.64375472;1.17300079;19.31226007;9.93012251;44.98018834;13.60876879;2049.521805;9.69418754;2.34440506;0.78697215;2.71149763;2.32279898;25.29425755;5.82583628;4.7207986;6.54755724;1.47913194;2.60054362;2409.50857
1/05/2017;0.36404027;8.23003279;2.27889593;72.02528836;3.10746895;6.108833;102.3880188;15.6969902;0.74981182;2.058144;18.3760355;14.732414;35.62947708;14.04150186;2110.468233;13.64586748;4.50334321;0.89945422;3.8163558;3.36664506;20.37131933;6.56564146;4.25322574;6.85839934;1.20293877;2.90448062;2474.642857
1/06/2017;0.29554726;10.48298545;1.83220013;65.96788826;3.71197885;6.58184879;132.8716807;16.42875039;0.77868971;1.72759075;21.50060785;12.68136305;36.18374026;14.79727704;2067.876179;10.78187383;2.30935246;0.85041837;4.21008879;5.24961014;25.06492019;5.96273173;3.6381115;6.89959608;1.49913064;2.53506064;2462.719222
1/07/2017;0.61505903;10.76648154;2.05249285;75.49912604;4.09137069;7.98411998;140.8658691;18.31268168;0.99394884;2.11901512;19.69872617;11.9077654;44.55744817;16.0567506;2271.087905;11.39875588;2.43173442;1.17279229;3.53127372;2.69681712;31.45312458;6.96562051;3.9094997;6.45496543;1.97870275;2.5808516;2701.182898
1/08/2017;0.30509422;10.75846123;2.75615907;76.82188713;4.33797098;9.92602845;175.5028605;18.63494001;1.32269781;2.56740018;21.95919559;14.87021623;58.45272021;22.86674613;2227.223051;11.59167751;2.6806166;1.08063138;4.30481506;3.76113318;29.63750618;7.98365971;4.62411168;7.73934324;2.74132083;2.30657657;2726.756821
1/09/2017;0.44542124;15.55489727;2.42445105;84.62708477;4.24883415;10.88962267;187.4571015;18.03756115;0.89944263;2.47257102;25.99547306;13.74372352;57.92745174;22.99132555;2076.802711;11.25843856;3.5548984;1.57860232;3.63634594;3.76286623;30.79662683;7.4060509;5.87747875;6.27089182;2.75884074;3.20114117;2604.619854
1/10/2017;0.29300946;27.02017587;2.23211304;80.05187115;3.9880236;10.90412837;171.1056427;18.75569503;1.29649683;2.79681142;22.82165271;14.8003255;63.19563802;23.65170154;2265.401735;11.76305194;2.57100435;1.14402052;3.27187896;3.25818821;31.86763994;7.50692136;4.84845242;6.71293636;3.07680219;3.44427704;2787.780193
1/11/2017;0.27647827;11.01387426;2.78392458;84.2365612;4.26962871;12.33685109;163.1536623;16.53214439;1.2529038;2.55588303;24.3486542;13.75421474;64.72216019;19.42805089;2344.982619;13.89188971;3.15040756;1.19083135;3.61490975;4.76600037;30.92081781;8.26084729;5.86725547;6.37361081;3.61244234;3.62820562;2850.924828
1/12/2017;0.31192132;24.92332289;2.2379209;78.67460232;4.14888532;11.17103602;182.2492695;19.0479308;1.4429325;3.01052246;29.93229232;14.07690424;62.17730287;16.5627345;2304.668001;13.6577453;4.58812128;0.75776027;3.95369811;4.89574613;37.35902471;8.66868207;5.18431793;8.82916426;3.17657005;2.72760857;2848.434018
1/01/2018;0.50464025;14.06656503;4.05632442;88.11229638;6.17756746;13.7759187;157.9582651;21.74513548;2.07442175;4.12376266;25.49100894;18.29181423;74.9559793;26.51564959;2967.184803;18.21182344;4.59902429;0.78436731;4.70223819;5.08060871;45.14491602;11.04890457;5.17520587;7.71292378;4.42475606;3.92732368;3535.846244
1/02/2018;0.38699028;24.69886931;2.78565422;78.421686;3.87501562;11.14542684;117.8009545;17.60095691;1.29233243;2.9089841;21.94141889;12.12464371;73.22186588;24.34302428;2258.838441;13.84690313;4.10622484;1.28565419;3.08156395;3.26708702;45.70816114;7.55982156;5.18857166;6.09974023;2.54772364;3.02841636;2747.106132
1/03/2018;0.38203928;11.36483955;1.9461176;69.68315557;3.38661747;9.5337771;131.5430127;14.81920155;0.85418486;1.43003186;20.32477001;14.04523612;54.16712479;18.6306875;2132.603076;11.73899094;4.93632151;1.12105878;3.94704682;4.29524381;46.63813606;6.5705907;3.34589769;6.04483459;2.84729725;4.31603834;2580.515329
1/04/2018;0.36893332;15.83682649;2.27980662;74.24875504;3.18259465;9.9055806;146.2777662;16.95904735;0.84293572;2.61755175;23.28750132;12.70135311;60.24422127;19.75649763;2379.665375;12.76308122;3.25279344;0.92303227;4.15502302;4.66385713;32.44316588;8.50343281;4.7839217;6.31283025;4.2831617;3.5204195;2853.779465
1/05/2018;0.47637527;11.29025547;2.96304445;78.32731755;3.31545993;11.21310227;136.554432;17.85853568;0.79572406;1.9797523;27.46473969;14.42340865;55.5258525;19.9355724;2467.734709;15.19419625;2.71873569;1.2179913;4.63438802;4.36489831;45.26766826;7.21691496;4.46189774;6.68483682;3.51943652;3.05942955;2948.198675
1/06/2018;0.33091131;14.52607718;2.6617462;69.40809524;3.69916366;10.82040896;140.7512496;17.47897459;0.83195063;2.17163973;26.9598089;13.0025993;52.89886865;19.56365566;2369.624291;13.86576571;3.87870643;1.22038937;4.95394662;4.1095751;46.31730077;7.0562908;4.4999355;7.9908994;2.97276198;3.39529749;2844.99031
1/07/2018;0.51946782;14.76993359;2.89309955;74.13336019;4.11893746;n.d.;136.508534;19.46898405;1.08971241;2.49105284;20.05528042;16.63487443;49.92873661;21.8323674;2573.069106;12.06391013;2.55402298;1.12992132;4.97179101;4.81972721;49.64292237;7.57640268;4.07707482;8.58921727;2.76779471;4.18445172;3039.890683
1/08/2018;0.44008942;22.23283567;2.69154368;79.18206376;4.46344466;n.d.;128.9653991;19.79168627;1.09300421;2.79283404;22.87769476;12.78989889;53.04551152;26.6449231;2290.452822;12.44817218;3.06148949;1.51695333;3.63017387;6.79620615;43.32643974;7.31871381;5.01722163;6.09914678;2.6691664;2.74421565;2762.09165
1/09/2018;0.3834733;11.05158901;3.20746656;87.6564813;4.06783192;n.d.;139.2705937;20.32829364;1.022949;2.89795687;30.89450355;15.00108865;54.6375741;24.78846887;2309.011958;13.67780753;2.70774047;1.71287029;4.15567492;4.22724428;36.48073202;7.12725854;5.5266298;6.06781;2.48310181;3.55971173;2791.94681
1/10/2018;0.67163028;25.42018559;3.44458574;84.94255328;4.10546256;12.48001871;143.9449511;20.38047732;0.85479785;3.08644784;19.20488187;15.46891304;62.38707408;19.91558427;2426.87647;13.56419837;2.2474844;1.24588028;4.33585438;4.46632102;45.08797988;8.53516946;6.3925947;6.35224561;2.85755937;3.93632547;2942.205646
1/11/2018;0.66859934;16.10257097;3.8816827;81.63779405;4.65993412;12.29932918;136.4939438;21.876563;1.2621934;3.42762047;20.72452935;14.57741635;62.52185319;18.75477765;2464.733238;13.56629419;4.38255543;1.38315127;3.51613788;4.84659615;57.22377616;9.12043101;5.89989083;5.27775177;2.87933585;4.01917494;2975.737141
1/12/2018;0.53501517;23.4632804;3.66732255;82.73585996;5.09281719;13.5051045;158.1033316;20.85968526;1.88079828;2.62262731;26.05431191;17.35761693;62.53527372;22.23210659;2509.969331;16.97101787;3.2670923;1.09059333;5.07359867;4.7459988;58.70519519;8.15169548;6.69324924;5.89389658;3.78992731;4.09211061;3069.088857
1/01/2019;0.87866739;17.44539864;4.39373222;84.65104952;6.45623952;18.00295522;155.1459085;24.63042969;1.57548674;3.96271613;35.02641047;17.6798692;76.88015214;32.1802443;3455.543852;16.30365561;3.4984942;1.3673332;9.5274975;5.95578115;53.74285408;10.4187505;6.70771171;7.06346243;3.86959513;5.30802254;4058.21627
1/02/2019;0.48202031;21.20470854;2.34052769;86.03067466;4.37388034;10.26183407;148.7286846;18.53723005;1.123108;2.47325647;20.51477958;16.06415071;59.19707957;24.26319416;2428.654454;11.92913032;1.37295132;1.27351619;4.73672854;5.84871195;50.18954782;7.494565;6.56885375;6.35580029;3.18339522;2.94808383;2946.150867
1/03/2019;n.d.;n.d.;n.d.;n.d.;n.d.;n.d.;n.d.;n.d.;n.d.;n.d.;n.d.;n.d.;n.d.;n.d.;n.d.;n.d.;n.d.;n.d.;n.d.;n.d.;n.d.;n.d.;n.d.;n.d.;n.d.;n.d.;n.d.
1/04/2019;n.d.;n.d.;n.d.;n.d.;n.d.;n.d.;n.d.;n.d.;n.d.;n.d.;n.d.;n.d.;n.d.;n.d.;n.d.;n.d.;n.d.;n.d.;n.d.;n.d.;n.d.;n.d.;n.d.;n.d.;n.d.;n.d.;n.d.
1/05/2019;n.d.;n.d.;n.d.;n.d.;n.d.;n.d.;n.d.;n.d.;n.d.;n.d.;n.d.;n.d.;n.d.;n.d.;n.d.;n.d.;n.d.;n.d.;n.d.;n.d.;n.d.;n.d.;n.d.;n.d.;n.d.;n.d.;n.d.
1/06/2019;n.d.;n.d.;n.d.;n.d.;n.d.;n.d.;n.d.;n.d.;n.d.;n.d.;n.d.;n.d.;n.d.;n.d.;n.d.;n.d.;n.d.;n.d.;n.d.;n.d.;n.d.;n.d.;n.d.;n.d.;n.d.;n.d.;n.d.
; ;;;;;;;;;;;;;;;;;;;;;;;;;;
