FECHA;Ingresos tributarios recaudados por SUNAT - impuesto a la renta según departamento - Amazonas (millones de soles);Ingresos tributarios recaudados por SUNAT - impuesto a la renta según departamento - Ancash (millones de soles);Ingresos tributarios recaudados por SUNAT - impuesto a la renta según departamento - Apurimac (millones de soles);Ingresos tributarios recaudados por SUNAT - impuesto a la renta según departamento - Arequipa (millones de soles);Ingresos tributarios recaudados por SUNAT - impuesto a la renta según departamento - Ayacucho (millones de soles);Ingresos tributarios recaudados por SUNAT - impuesto a la renta según departamento - Cajamarca (millones de soles);Ingresos tributarios recaudados por SUNAT - impuesto a la renta según departamento - Callao (millones de soles);Ingresos tributarios recaudados por SUNAT - impuesto a la renta según departamento - Cusco (millones de soles);Ingresos tributarios recaudados por SUNAT - impuesto a la renta según departamento - Huancavelica (millones de soles);Ingresos tributarios recaudados por SUNAT - impuesto a la renta según departamento - Huánuco (millones de soles);Ingresos tributarios recaudados por SUNAT - impuesto a la renta según departamento - Ica (millones de soles);Ingresos tributarios recaudados por SUNAT - impuesto a la renta según departamento - Junín (millones de soles);Ingresos tributarios recaudados por SUNAT - impuesto a la renta según departamento - La Libertad (millones de soles);Ingresos tributarios recaudados por SUNAT - impuesto a la renta según departamento - Lambayeque (millones de soles);Ingresos tributarios recaudados por SUNAT - impuesto a la renta según departamento - Lima Metropolitana (millones de soles);Ingresos tributarios recaudados por SUNAT - impuesto a la renta según departamento - Lima provincias (millones de soles);Ingresos tributarios recaudados por SUNAT - impuesto a la renta según departamento - Loreto (millones de soles);Ingresos tributarios recaudados por SUNAT - impuesto a la renta según departamento - Madre de Dios (millones de soles);Ingresos tributarios recaudados por SUNAT - impuesto a la renta según departamento - Moquegua (millones de soles);Ingresos tributarios recaudados por SUNAT - impuesto a la renta según departamento - Pasco (millones de soles);Ingresos tributarios recaudados por SUNAT - impuesto a la renta según departamento - Piura (millones de soles);Ingresos tributarios recaudados por SUNAT - impuesto a la renta según departamento - Puno (millones de soles);Ingresos tributarios recaudados por SUNAT - impuesto a la renta según departamento - San Martín (millones de soles);Ingresos tributarios recaudados por SUNAT - impuesto a la renta según departamento - Tacna (millones de soles);Ingresos tributarios recaudados por SUNAT - impuesto a la renta según departamento - Tumbes (millones de soles);Ingresos tributarios recaudados por SUNAT - impuesto a la renta según departamento - Ucayali (millones de soles);Ingresos tributarios recaudados por SUNAT - impuesto a la renta según departamento - Total (millones de soles)
1/01/1994;0.021706;1.315174;0.012327;5.161418;0.093513;0.193468;1.807769;0.557218;0.031655;0.164035;1.626722;0.697445;3.721797;1.787599;171.101924;0.757817;1.026417;0.034225;0.550182;0.136893;2.539346;0.16896;0.301645;0.502238;0.08261;0.506963;194.901066
1/02/1994;0.051043;1.540987;0.016837;5.878218;0.103071;0.215777;1.865319;0.631896;0.019378;0.135862;1.757202;0.671476;3.31044;1.732322;123.33157;0.667301;1.066513;0.033354;0.408544;0.050723;2.263766;0.224039;0.302835;3.016214;0.084223;0.308151;149.687061
1/03/1994;0.050894;1.784537;0.026478;7.340531;0.101074;0.254763;1.943454;0.922972;0.026697;0.235296;1.77709;1.013022;4.118638;2.016765;135.589288;0.944738;1.17585;0.037173;0.298553;0.064788;2.355131;0.265801;0.327409;4.383031;0.249182;0.365151;167.668306
1/04/1994;0.102083;3.303222;0.067632;13.152762;0.219081;1.528754;6.771125;2.535487;0.041067;0.369801;2.831926;2.211863;6.743938;3.587225;311.956627;2.085746;3.635024;0.094473;0.835137;0.136352;4.949742;0.669612;0.645581;3.777121;0.417623;0.718226;373.38723
1/05/1994;0.087008;1.796657;0.038572;6.601385;0.116501;0.411717;2.717655;1.049758;0.039432;0.206233;2.949012;1.282812;4.137973;1.837718;157.372395;1.328858;1.347935;0.043496;0.449076;0.071005;3.011662;0.386017;0.410932;2.340704;0.135593;0.32386;190.493966
1/06/1994;0.088544;2.047682;0.051584;6.857856;0.124545;0.414659;2.439288;1.19419;0.037279;0.211757;1.972988;1.148799;3.668477;2.934099;139.44801;1.134226;1.396246;0.073573;0.436153;0.096016;2.477204;0.360873;0.399147;2.727543;0.135853;0.371419;172.24801
1/07/1994;0.084163;2.170103;0.056294;7.275138;0.13682;0.495096;2.278432;1.273294;0.031108;0.205978;2.161099;1.253336;4.526121;2.06669;141.655448;1.037858;1.15871;0.053219;0.361123;0.097878;2.628882;0.371572;0.429044;2.701179;0.154906;0.390551;175.054042
1/08/1994;0.076579;1.904238;0.061095;8.77584;0.165942;0.545451;2.437076;1.538812;0.050092;0.232499;2.616626;1.580621;4.782963;2.248437;169.387032;1.11891;1.366211;0.06137;0.368589;0.174427;2.934484;0.511603;0.421266;4.941697;0.145988;0.486783;208.934631
1/09/1994;0.091568;1.934033;0.054861;8.359515;0.156011;0.566461;2.378583;1.612045;0.050684;0.232307;2.774463;1.819902;5.430001;2.421952;173.846146;1.168911;1.64293;0.063477;0.344243;0.123254;3.086098;0.536395;0.510101;2.892272;0.175761;0.549754;212.821728
1/10/1994;0.092672;1.411171;0.055421;8.418445;0.185296;0.552809;2.501216;1.552277;0.040083;0.28027;2.133505;1.717417;5.077306;2.384137;167.746693;1.131647;1.455419;0.073795;0.382859;0.116178;3.25508;0.603533;0.513798;2.61309;0.159911;0.665921;205.119949
1/11/1994;0.09228;2.209011;0.079613;8.015107;0.222206;0.619116;2.57939;1.629987;0.041126;0.269206;2.562373;1.821288;4.992854;2.526557;183.213688;1.191179;1.399733;0.090349;0.457394;0.143195;3.077989;0.712737;0.694252;3.233537;0.17173;0.67579;222.721687
1/12/1994;0.096907;3.251438;0.069038;9.280191;0.187775;0.596355;2.744639;1.746829;0.05472;0.555675;2.537675;1.828877;5.570161;3.097586;209.436456;1.247015;1.467553;0.092229;0.467342;0.168331;3.429819;0.708655;0.595011;2.587313;0.157729;0.712372;252.687691
1/01/1995;0.10565503;3.67994597;0.09632595;11.02354371;0.2395886;0.75833242;3.2750031;2.08081234;0.0842525;0.61077034;3.07901055;1.88625194;6.96016911;3.27714107;240.0418395;1.60394094;1.83865576;0.10883716;0.76270065;0.30983961;4.16776517;0.93708876;0.81452984;4.52161087;0.25838195;1.01399694;293.5359897
1/02/1995;0.11289516;2.50348037;0.08255257;8.53552239;0.2018408;0.55273103;2.08256025;1.52841385;0.05076065;0.53088524;2.45930792;1.66172773;5.6922633;2.53098975;174.8836872;1.37033822;1.82018833;0.1097697;0.66616963;0.11097811;3.56528208;0.61894302;0.57916288;3.27237008;0.2338628;0.90141142;216.6580945
1/03/1995;0.11451679;2.38443377;0.088223;9.0418401;0.23241402;0.63337154;3.33674614;2.50065434;0.06358495;0.64801974;2.9371857;3.14095697;6.47567392;3.33109375;238.5763935;1.51941746;2.44841964;0.1342432;0.72523641;0.19944359;4.16221603;0.90012728;0.5434867;25.96379609;0.28907284;1.36939469;311.7599622
1/04/1995;0.16655977;4.18994993;0.15801439;31.57997298;0.67825558;5.16630893;5.0887991;4.01974193;0.07600893;0.68931529;5.52036074;2.90992414;17.80617468;4.03004508;424.6279067;2.94812375;4.48794156;0.32975146;1.32195347;0.36805026;9.3366046;1.14332115;1.42021473;4.57936609;0.44170137;2.21175419;535.2961208
1/05/1995;0.09396087;1.96167912;0.13078827;9.92849794;0.23324484;0.66959459;2.1518088;2.36562093;0.06119289;0.44395305;2.49458397;1.8799414;6.2181492;2.47989429;202.5636434;1.34365002;1.88680144;0.11285471;0.57819767;0.18481563;4.70465433;0.80705146;1.07732267;4.68872963;0.42102509;1.21838646;250.7000427
1/06/1995;0.095799;2.21617795;0.11184793;9.82562594;0.23414716;0.64121066;2.32599568;2.05569138;0.0977525;0.46539755;3.23441419;1.79517152;6.50984887;2.49441997;192.3997295;1.28108466;2.13655279;0.12260305;0.64919302;0.1498337;4.38427447;0.70156699;0.9082772;3.51207664;0.36074514;1.11544932;239.8248867
1/07/1995;0.10712129;2.47368722;0.14219995;12.37879358;0.34001371;1.57500757;2.17132744;4.68814595;0.0656656;0.48802322;2.59993143;1.8290007;6.03499466;3.01719064;185.6048672;1.43369205;1.93982404;0.11390876;0.580167;0.15663681;4.37270047;0.74143084;0.668276;3.48927165;0.34996115;1.02967485;238.3915138
1/08/1995;0.112868;3.13674231;0.12535688;10.90274178;0.25762221;0.80693356;2.29805348;4.53952278;0.0705656;0.45235863;2.6363607;1.97039472;6.29660783;2.71727134;199.7904424;1.25926918;2.13764457;0.14189108;0.71057376;0.25210463;4.51841369;0.74099222;0.72643784;6.38953417;0.29868919;1.20300706;254.4923996
1/09/1995;0.1239148;2.61655796;0.12300702;10.49256575;0.25403076;0.70033342;2.78187059;5.62660206;0.1741326;0.42515223;2.79917493;1.87013065;6.74098077;3.02969146;224.3633408;1.28606621;2.02166786;0.1235879;0.49333919;0.20617023;4.00773686;0.73631365;0.70909739;3.64102204;0.4711216;1.0868067;276.9044154
1/10/1995;0.137466;2.92590694;0.10161489;11.47151572;0.33618195;1.6719891;2.73243729;4.33511555;0.0833983;0.409066;2.73094562;1.85764002;6.94329385;3.0886299;218.798526;1.51559011;1.99689695;0.150811;0.610158;0.17260317;4.57737769;0.69862538;0.71873321;4.54030057;0.418256;1.0610748;274.084154
1/11/1995;0.125644;3.70420832;0.09822063;10.67088555;0.31682345;0.73154658;2.49189128;3.30590092;0.1107041;0.39130443;2.74691951;1.86538922;6.95334177;2.99001705;225.2609717;1.37331867;2.11574854;0.175058;0.448373;0.2106118;4.67238518;0.83219892;0.67395606;4.48289878;0.27351689;1.08610699;278.1079414
1/12/1995;0.0970705;3.22159527;0.10180903;12.63663208;0.28630906;0.95361107;2.43548699;6.76025228;0.0628245;0.411028;2.68478946;1.92074592;7.3925021;3.04413162;253.5920879;1.22310477;1.986301;0.139473;0.51684006;0.16630086;4.64980705;0.76601605;0.7004268;3.86583867;0.49913434;1.18425925;311.2983776
1/01/1996;0.136972;4.38020254;0.11094732;14.2829718;0.36343432;2.1559387;3.19007865;3.32174541;0.09733;0.5397185;3.297921;2.5478314;10.6779515;3.77477254;286.2243075;1.94599029;2.4613304;0.158213;0.858767;0.50072048;5.53222838;1.09432673;0.88829894;6.43201707;0.449595;1.87908912;357.3026996
1/02/1996;0.114606;3.77500896;0.09352709;10.83652432;0.448353;0.64653282;2.63692692;2.3150138;0.0868138;0.48057073;2.96146829;2.77650144;8.46205905;3.3383004;248.8015327;1.76400882;2.2055254;0.14638231;0.637507;0.16377223;5.03945126;0.8245088;0.70700254;3.4342317;0.407585;1.13636667;304.240081
1/03/1996;0.1443415;4.5324225;0.12429944;11.79705033;0.306579;0.7000611;3.30116094;2.74415801;0.0491707;0.573689;2.54916744;3.18195911;8.53049115;3.66348245;260.4177347;1.54353208;2.75070239;0.15094198;0.489682;0.14496404;5.10708648;0.83225399;0.7037811;6.28819065;0.3830267;1.43435309;322.4442819
1/04/1996;0.251404;4.0099631;0.16794301;26.2484139;1.02880543;3.45899567;6.26121833;13.19794676;0.095629;0.64407569;5.59486752;4.40288951;14.15360113;6.76656674;822.6064162;2.6233632;5.06608432;0.35264;0.680177;0.360795;10.19127832;2.09882419;1.33302748;120.3939171;0.45687098;12.80939194;1065.255106
1/05/1996;0.17467101;3.27574019;0.13983735;12.35509281;0.400729;0.87935818;2.26718175;2.91070579;0.050347;0.4914463;2.95164723;3.19648844;7.57869973;3.50669499;274.2148201;2.42969779;2.71978464;0.17877;0.745526;0.17295802;4.35865109;0.90601458;0.71050827;9.55726515;0.302938;1.61119932;338.0867728
1/06/1996;0.16069488;3.36287083;0.14094156;9.14318016;0.422249;0.753803;2.18054833;2.78816123;0.0618503;0.50594879;3.1691943;2.95114648;8.33447846;3.53459528;282.7994883;1.62950951;2.30245752;0.20282373;0.652108;0.17696531;4.29007592;0.96467023;0.71975254;9.97783734;0.388124;1.59087298;343.204348
1/07/1996;0.20033414;3.65105421;0.12161506;9.66874596;0.43640513;2.62638801;2.12624267;2.75432612;0.0673045;0.61378901;3.08464679;3.07435901;7.72236709;3.88790804;300.8352909;1.48380797;3.2268189;0.284799;0.78523801;0.18499193;4.6258384;0.93325604;0.88240693;11.78818458;0.3235469;1.70637465;367.0960399
1/08/1996;0.161368;3.3164827;0.13428379;11.28275652;0.4301941;1.09847352;2.17046836;3.07539293;0.066136;0.63799039;3.14929069;3.18103859;8.15318466;3.84101609;302.574032;1.58495346;2.93807296;0.13925162;0.590697;0.18659799;5.06849715;0.96804812;0.95612487;4.98890746;0.355782;1.4614949;362.5105359
1/09/1996;0.188919;2.65081983;0.14781529;10.34718915;0.4454505;1.3064424;2.0518252;3.1145995;0.094223;0.51453302;3.2912655;3.27058324;7.68740509;3.25891564;300.5179572;1.4509355;2.78613348;0.19782922;0.452172;0.2207805;4.90956886;1.01117595;0.88622127;4.90252507;0.304062;1.40823641;357.4175838
1/10/1996;0.18158;3.23597864;0.14745392;11.11334132;0.367074;2.7198958;2.93394702;2.91798442;0.0667846;0.5789193;3.5265321;3.06035194;7.8909463;3.56184686;299.3146309;1.83450918;2.6044676;0.29646285;0.418831;0.17902248;4.58970832;0.97384905;0.7861687;8.77513936;0.305092;1.4763059;363.8568235
1/11/1996;0.202752;4.28755139;0.13619617;11.95664779;0.382801;0.8972085;2.75919843;3.01223949;0.0750725;0.536069;3.6795105;3.26853664;7.71435298;3.920662;311.0492704;1.49645125;2.7335609;0.17527966;0.393695;0.17835184;4.8638441;1.07842072;0.78074072;5.50565144;0.307966;1.5933365;372.9853669
1/12/1996;0.194761;6.27258172;0.14562605;12.0331418;0.42618465;1.01537217;2.98370084;3.3285655;0.083072;0.59622826;4.37964967;3.35654822;10.90315802;3.23123292;351.6648898;2.0409633;4.28862769;0.26264088;0.810642;0.2479077;5.59268338;1.1284991;0.82297137;8.62558984;0.3970607;1.53300166;426.3653003
1/01/1997;0.22384;6.41989392;0.19160197;13.72372657;0.477767;2.68858439;3.19216996;3.88391329;0.10811963;0.6640214;5.02136034;3.39663824;8.69951376;3.17546409;403.5785633;2.1545653;3.71796251;0.21599822;0.910479;0.22027101;6.84956661;1.2473145;1.02810073;16.00135656;0.4728567;1.57872565;489.8423747
1/02/1997;0.152323;4.18350655;0.17772009;11.03109061;0.394408;0.86064728;2.76315825;2.985556;0.072845;0.5879491;3.81543895;2.85839686;8.78698798;3.54705897;334.4097817;1.64749255;3.37009252;0.21617297;0.788473;0.18496605;5.65265865;1.08547397;0.73246943;14.81680349;0.443286;1.8293865;407.3941435
1/03/1997;0.149121;4.27506792;0.141356;11.53821464;0.4875975;0.86368199;3.3008361;3.1629201;0.142954;0.6459242;4.5805466;2.92266829;8.56858223;3.29319021;363.3426745;1.56106135;3.20389357;0.218495;0.72414931;0.2296848;6.970877;0.93581118;1.06975221;7.65755054;0.3878818;1.40937079;431.7838628
1/04/1997;0.48308483;8.20276551;0.2749034;19.29092745;0.710792;3.02235932;7.11850673;10.86944168;0.108299;0.83781776;6.0160605;3.58906733;16.74993782;5.05650546;692.1139652;2.86329265;4.9335366;0.395435;1.722138;0.62056991;8.21408498;2.16034605;2.08035397;6.42325149;0.71447;1.9031268;806.4750395
1/05/1997;0.190165;5.598367;0.1406999;7.99138184;0.487022;0.9561872;2.90785166;4.3729174;0.097564;0.608955;3.687929;2.96929244;6.01255711;2.72064343;345.7470947;1.93128873;3.234589;0.206166;1.140851;0.21856947;6.0864779;1.12003198;1.04241427;4.54377907;0.472656;1.10599261;405.5914437
1/06/1997;0.232633;8.28398816;0.1711796;11.84056328;0.52037726;1.11403366;3.66410332;5.6243706;0.119558;0.66027878;4.39777075;4.35960303;7.9648682;3.87129326;462.3455248;2.11916694;3.75696022;0.309755;1.46392;0.26510321;6.89564503;1.42372617;1.00151104;4.62415231;0.469075;1.49370264;538.9928632
1/07/1997;0.309958;5.48506202;0.161993;9.90988785;0.48610968;3.16960616;2.65331615;7.0596126;0.094342;0.7001086;3.92018825;3.79573465;6.14378504;3.2416446;377.7654712;2.40442579;4.251583;0.27311636;1.021757;0.265156;6.77572482;1.30698937;0.96817106;4.84113922;0.397663;1.70492539;449.1074708
1/08/1997;0.189352;3.50063315;0.179265;8.38391727;0.507488;1.00677093;2.45144597;4.25867754;0.103378;0.742408;3.13841496;3.5208371;5.7586352;3.13566472;332.1976878;2.077592;4.11454299;0.267944;1.130326;0.26360043;5.3463238;1.03276488;1.55270859;5.5065332;0.479393;1.451544;392.2978485
1/09/1997;0.4370816;3.58115809;0.19510696;9.41428934;0.584641;1.15276506;2.13789474;4.37659352;0.072089;0.637241;3.40362346;3.8240316;8.58513521;4.05226079;360.2416218;2.00227506;3.91513631;0.287198;0.75027;0.258872;5.794268;1.20696053;1.20472471;4.8816054;0.40908151;2.3269317;425.7328564
1/10/1997;0.227897;3.32984666;0.1617018;9.74550729;0.527641;3.09649409;2.15255834;4.42013678;0.099775;0.642507;3.64817955;3.89406028;9.81658776;3.58223417;355.7908093;1.8590919;4.55932651;0.303972;0.828824;0.340626;5.93453566;1.1241377;1.13228676;5.4387042;0.3839776;2.218182;425.2596003
1/11/1997;0.206488;3.72892819;0.174642;10.65067235;0.503766;1.20472854;2.17369935;4.4014373;0.109509;0.6574696;3.92929005;3.85858662;9.73186734;3.44250391;386.0633053;1.9092686;4.17825978;0.287234;0.844451;0.498563;6.94626052;1.1930372;1.08856348;5.639175;0.427647;2.25599;456.1053432
1/12/1997;0.25705;3.4756775;0.1776855;10.59604562;0.527173;1.1209089;2.33524593;4.1907615;0.092583;0.69817;3.7941274;4.10388332;9.34436629;3.78093573;412.9375592;2.1311343;4.39667807;0.247755;0.9582323;0.2983767;5.45726543;1.21275038;1.21392781;5.690997;0.4103255;1.56631275;481.0159281
1/01/1998;0.268117;3.77702291;0.2369415;11.84717296;0.597858;3.42071412;2.2847515;6.30727591;0.117107;2.340767;3.5441908;4.03812906;10.38303648;3.9003774;416.9669272;2.5432735;4.0107719;0.325128;1.055317;0.367806;7.12727882;1.33053345;1.26210075;6.42339303;0.412189;2.0543514;496.9425317
1/02/1998;0.292028;2.1426214;0.2132312;11.17049346;0.528784;1.01569305;1.99919019;3.386164;0.072762;0.727494;3.57310731;3.40652109;8.40639102;2.9980672;352.7663439;1.780708;3.98170488;0.244952;0.756663;0.2361675;5.8575118;1.45693411;1.20250215;10.94004697;0.18445172;1.634315;420.9748489
1/03/1998;0.255366;2.36392007;0.222077;11.42833478;0.6149644;1.12230487;2.91908077;3.667821;0.085579;0.9814861;2.915349;4.18077105;8.64684799;3.91213854;467.7639298;2.4207352;5.90696548;0.230103;0.729885;0.3512732;6.39433886;1.38842923;1.41086414;9.39965339;0.370707;2.08238924;541.7653141
1/04/1998;0.36828629;5.31990148;0.310889;22.24837988;0.900338;3.553893;3.9031653;6.3085825;0.1617367;3.01808697;6.81821499;6.74959834;17.25461177;4.22877314;724.7459738;3.719736;9.69932165;0.353556;1.28515485;0.487851;6.5698591;2.376155;1.87640884;10.5691672;0.845496;6.75178961;850.4249264
1/05/1998;0.279164;3.5580156;0.1718598;13.07910396;0.447717;1.1457004;2.2262248;4.89325022;0.09536854;0.86765996;2.9789494;5.01676281;6.46891574;3.14087753;348.5352537;1.984164;4.9636222;0.180975;1.01125;0.221322;5.27588117;1.30494172;1.42169993;6.543054;0.2819418;2.20234856;418.2960238
1/06/1998;0.233143;4.417007;0.176402;9.73784361;0.509594;1.183141;1.92987392;5.816044;0.0964096;0.8184154;3.01402149;3.89026585;6.60269396;2.90214565;362.7209114;2.146675;4.390599;0.196748;0.79882;0.2921357;4.9118751;1.2216005;1.36396003;5.882758;0.334754;2.336706;427.9245432
1/07/1998;0.263958;2.97990587;0.212391;11.18678764;0.505447;3.4458748;2.09625491;4.269951;0.10665358;1.0424108;3.31129688;4.14354762;7.3022491;3.02177052;343.8176892;2.36026011;4.36850334;0.271864;0.8427895;0.324512;5.73633635;1.198715;1.44139701;5.7415541;0.343349;2.47598861;412.8114569
1/08/1998;0.24616;3.49068621;0.219356;11.21464321;0.57113319;1.44505851;2.1614475;3.8115737;0.106527;0.85831;3.21854702;4.2375938;8.18695438;3.2192735;372.0482995;2.27962;6.33647536;0.248471;0.955914;0.27979285;6.32012213;1.35973653;1.61797572;6.81630344;0.4173105;2.538048;444.2053331
1/09/1998;0.267052;3.24835636;0.214078;11.11993949;0.566683;1.33779833;1.9751265;3.984884;0.1188598;0.762939;3.19231522;4.1977659;8.18996694;3.1568772;412.3906577;2.553466;3.66451207;0.243738;0.768728;0.25998756;6.4133859;1.62021748;1.5780043;6.69966512;0.367344;2.3913215;481.2836694
1/10/1998;0.387732;3.3558883;0.184779;10.84035622;0.56288016;4.06756688;2.3395481;3.80194048;0.11519;0.731445;3.31617781;4.18685232;8.14662279;3.40232036;375.4615291;2.57902462;3.4433421;0.239656;0.694887;0.30610991;6.31652728;1.6021906;1.6164053;6.771918;0.3690736;2.0863685;446.9263314
1/11/1998;0.264563;2.9089185;0.230004;10.51414285;0.5181061;1.13986298;2.234731;3.920775;0.113506;0.6831482;2.90921969;4.2958432;8.42618123;2.981631;379.9629565;2.599259;3.124409;0.2378305;0.688014;0.271794;6.27627941;1.38651537;1.53854661;6.745598;0.362488;2.086332;446.4206552
1/12/1998;0.286964;2.72114;0.205325;10.35910335;0.53637014;1.14191493;2.4568107;3.79652;0.091861;0.669547;3.55854874;4.1220247;8.58145809;3.434909;407.3055843;2.115849;3.36045107;0.189551;0.845376;0.262109;5.3921905;1.4023494;1.836778;6.23367468;0.426675;2.0106605;473.3437451
1/01/1999;0.26960502;3.34262831;0.231689;11.17843968;0.598453;4.30239355;2.73920031;4.5751956;0.117074;0.755744;3.3967407;4.46852693;7.50676374;3.1226889;426.1674424;2.024066;3.21654196;0.193132;1.005819;0.26037689;6.1646608;1.45382392;1.4398189;6.825306;0.405243;1.966581;497.7279546
1/02/1999;0.188496;2.42515207;0.185216;10.53645655;0.460097;1.139254;3.1231386;3.646245;0.09877;0.64727;3.1077247;3.6345416;6.18330218;2.769795;402.6491021;1.8403045;3.289106;0.194872;0.755864;0.237849;5.9678374;1.0506086;1.07993;6.3650903;0.467851;1.44473166;463.4886052
1/03/1999;0.35652;2.442746;0.184367;11.8001209;0.536307;1.34538749;2.528371;4.344592;0.100349;0.789877;3.0549204;3.8459322;7.40786441;3.0660977;393.5762344;1.971241;3.69202481;0.203299;0.814858;0.323788;6.49045452;1.29463244;1.273367;6.78816597;0.451105;1.934822;460.6174442
1/04/1999;0.313659;3.1278062;0.291437;22.82522224;0.734687;4.27557727;4.29175795;13.0052014;0.131934;2.303751;4.36860488;4.33589885;11.17905291;4.2475558;580.0223488;2.666956;5.16674316;0.267116;0.932853;0.476797;7.6667595;5.15521996;3.8486314;11.19894988;0.721821;4.803275;698.3596162
1/05/1999;0.200689;3.00293137;0.205866;8.80088115;0.536983;1.05734861;1.57478603;3.9732959;0.140193;0.8258645;2.88308586;4.780428;5.91557557;3.2749348;314.8270187;1.931627;2.60291838;0.201016;0.720406;0.288791;4.21426712;1.3712618;1.334265;6.06209194;0.375091;1.741603;372.8432197
1/06/1999;0.218369;2.38131024;0.212763;8.68268734;0.558369;1.15132322;1.7066195;4.023356;0.091506;0.945161;2.58583049;3.7342715;6.06883433;2.63712176;280.857041;2.114005;2.2777978;0.222617;0.593042;0.291474;5.01384753;1.667438;1.3720315;6.73757479;0.382488;1.695761;338.22264
1/07/1999;0.237123;2.0324616;0.225286;8.73229611;0.527602;3.92927659;1.8346767;4.455058;0.110576;0.847818;2.36502289;4.0694584;6.27644705;2.911428;293.5178244;1.776236;2.59238013;0.216108;0.702622;0.322349;5.2800755;1.331794;1.39024982;6.83515094;0.40707;1.797998;354.7243881
1/08/1999;0.236269;1.88345608;0.231745;9.32759716;0.531636;1.22333838;1.835782;3.971501;0.117969;0.80382251;2.689288;4.2597167;6.14348637;2.6735079;293.1185219;1.962528;2.92362322;0.2343;0.577067;0.308058;5.484353;1.38618;1.6536485;6.27154928;0.392923;1.885976;352.127843
1/09/1999;0.4133048;2.29623264;0.321183;9.12878742;0.663426;1.17680968;1.878053;4.142949;0.104589;0.856772;2.514809;4.204344;6.73975445;3.1913432;300.1161402;2.107611;2.35035878;0.311152;0.622477;0.3487865;5.19603606;1.59059162;1.68030179;7.37407229;0.447067;1.8978646;361.674816
1/10/1999;0.275429;2.04172721;0.295188;11.10247048;0.666856;4.465469;1.967663;4.0742072;0.09268;1.22226;2.75803496;4.1369625;6.11730238;2.916349;320.4497697;2.128499;2.80618825;0.320368;0.700976;0.319823;5.293365;1.665103;1.606655;7.22232135;0.56799;2.065028;387.278685
1/11/1999;0.257819;2.53092566;0.238824;10.41668623;0.694584;1.457824;2.210816;4.226637;0.106544;0.835526;2.743879;4.5938505;6.49514894;3.3159732;311.1997782;2.042209;2.791366;0.298283;0.720116;0.403565;5.38069697;1.84694498;1.663848;7.90555101;0.393347;2.087941;376.8586837
1/12/1999;0.265444;3.36644821;0.257995;11.04211731;0.7288268;1.45814927;2.2601576;4.089068;0.130071;0.909845;3.075806;4.456815;6.58080927;2.962032;340.3992299;2.46430844;2.95114761;0.319218;0.919315;0.432989;5.012839;1.803429;1.580284;8.2767324;0.429458;2.124073;408.2966078
1/01/2000;0.253556;3.16473506;0.301536;12.15092945;0.834581;6.526816;2.488206;4.9149461;0.1206;0.967071;3.21714987;5.1977409;8.1769785;3.194018;401.2687232;2.051557;3.05305195;0.279063;1.085567;0.373032;6.20688645;2.054506;1.84288602;9.04788351;0.344654;2.593363;481.710037
1/02/2000;0.182508;3.00661766;0.207906;16.3539058;0.652397;1.283439;2.11322499;3.84997902;0.089195;0.786198;2.76727746;5.34908201;6.24858638;2.9669618;306.526064;2.362049;3.097094;0.255749;0.852901;0.31747;5.96059755;1.616945;1.318714;6.28341123;0.238813;1.98835;376.6754359
1/03/2000;0.188891;3.3639684;0.208276;10.78908983;0.60339985;1.3294541;2.5192905;4.026242;0.109846;0.891688;2.7807172;4.4856195;6.71967301;3.168672;345.5492142;1.9324288;3.1657079;0.238575;0.807118;0.364829;6.59130126;1.539301;1.67907201;5.889006;0.265699;2.17164901;411.3787286
1/04/2000;0.244059;4.84834932;0.2446235;26.64166278;0.76092241;5.56634011;4.367363;4.80177202;0.119131;1.0582989;3.2556015;5.525132;12.12661051;3.92317501;692.2960695;2.43799601;4.917685;0.370981;0.816606;0.424699;12.76945691;1.6555665;2.089115;8.074981;0.323966;4.04295701;803.70312
1/05/2000;0.197333;3.2771704;0.257177;11.66123489;0.616842;1.51832;2.45075272;3.888017;0.102915;1.0106895;2.594041;3.607283;5.6461241;2.720823;318.0814236;1.671468;2.59249701;0.260589;1.08136;0.353188;5.823634;1.018534;1.45432;3.43553053;0.237552;2.18596;377.7447788
1/06/2000;0.179615;3.527951;0.232032;9.38750806;0.530414;1.40531187;2.84756198;3.850889;0.106945;0.80310451;2.40409102;3.199841;5.40839137;2.5107115;315.5279142;1.813131;2.64167933;0.222668;0.635806;0.419272;5.68974453;1.2066987;1.509102;3.55518873;0.2710128;2.143701;372.0302856
1/07/2000;0.235465;3.3590618;0.225637;9.40949642;0.524301;4.85526165;2.18255;4.229056;0.107888;0.79823;2.2415305;2.424865;5.50821424;2.526407;313.6130871;1.924708;2.75139441;0.273811;0.652525;0.489114;6.430849;0.98367;1.65311451;3.91526301;0.247996;2.235855;373.7993507
1/08/2000;0.176812;3.17024023;0.25571;9.42237384;0.604279;1.48772;2.299037;4.82830992;0.094321;0.7886618;2.45589368;2.625335;5.387306;2.5889398;332.1464627;1.948028;2.91734117;0.275812;0.568425;0.422736;6.3500613;0.9464003;1.44078345;3.69971002;0.261554;2.081786;389.2440392
1/09/2000;0.400782;2.131036;0.250048;9.55529809;0.58827;1.47941905;2.234435;3.74056102;0.094701;0.87693;2.3055705;2.757372;5.20439;2.5626566;310.6487404;1.502542;2.91202725;0.24932;0.685146;0.402218;6.58651937;1.06524822;1.500802;3.80082631;0.247061;2.221362;366.0032818
1/10/2000;0.192661;3.0821016;0.251667;9.32919496;0.631129;5.3056071;2.266049;4.056982;0.082159;0.941769;2.2805081;2.634895;5.581038;2.707719;324.8192726;2.258171;2.76135351;0.251511;0.681674;0.418405;6.31640859;1.022755;1.397777;3.56210551;0.256018;2.1424041;385.2313351
1/11/2000;0.229054;2.444708;0.231458;9.82249634;0.594535;1.8942947;2.859654;4.4835165;0.092463;0.875983;2.70437607;2.5225865;5.804393;2.629045;332.2882983;2.01031235;2.978211;0.287459;0.570936;0.385808;7.0330925;1.084056;1.41177;3.88552013;0.262251;2.656888;392.0431654
1/12/2000;0.153521;2.911031;0.224006;9.13721948;0.644221;1.634194;2.402322;4.03997951;0.085587;0.847598;2.2935094;2.545801;5.94777256;2.809705;343.6870416;1.878138;3.33166421;0.265125;0.698349;0.298557;6.04606204;1.290142;1.389543;3.29903646;0.281086;1.827875;399.9690862
1/01/2001;0.18099101;3.37222601;0.303869;11.95537685;0.70138143;6.1272208;2.61783703;5.53296507;0.10500001;1.10935003;3.24050757;3.13204156;7.69006527;2.86157906;418.7033085;2.53474608;3.72607206;0.25855701;0.681315;0.541609;10.09761996;1.75052361;1.57347503;4.07962516;0.33324901;2.27114705;495.4816582
1/02/2001;0.197517;2.28932167;0.241513;10.54033581;0.5048595;1.40403611;2.28431656;3.73547847;0.086655;0.79633308;2.48132845;3.01466366;6.51618826;2.6159971;331.6211807;1.96129418;3.33041022;0.227296;0.58191;0.350912;8.03761333;1.33342604;1.55970855;3.97232409;0.281954;2.03183112;391.9984039
1/03/2001;0.222246;2.42583158;0.282372;10.30565354;0.595484;1.60927944;2.352223;3.79451817;0.178928;0.90536178;2.59121639;2.79449814;6.06730984;2.8050941;425.1061726;2.50474118;3.11926521;0.224824;0.610364;0.438709;7.78086827;1.38762409;1.41980218;3.26271982;0.358342;2.33777405;485.4812224
1/04/2001;0.291134;3.81901811;0.264414;60.50016257;0.659445;5.91044911;4.956912;4.59054517;0.139914;0.93404618;9.59154084;2.5293571;10.58001257;4.3108772;886.1450569;2.48340761;7.93279218;0.250882;0.535283;0.56493;11.69808729;1.41077428;1.76343607;3.62482152;0.428811;2.69977912;1028.615889
1/05/2001;0.210562;2.71990409;0.267907;10.1938526;0.589298;1.4311503;2.395808;3.78104502;0.142464;0.78578108;2.44492064;3.1522911;5.65947506;2.24432913;345.494615;1.88518138;3.85406627;0.233094;0.42588;0.482337;6.9792634;0.9567226;1.37656303;2.75020483;0.386905;2.02955607;402.8731766
1/06/2001;0.193721;2.53845105;0.267061;11.92374388;0.517677;1.43362457;2.722361;4.1555191;0.132178;0.71702906;2.32812617;2.08875111;5.28058455;2.34233164;353.5964856;1.79171311;3.37845714;0.284755;0.467838;0.258608;5.66319686;0.99084707;1.39778802;2.54619819;0.32955;1.73598107;409.0825772
1/07/2001;0.236446;2.8829631;0.288258;11.93397452;0.506809;4.84924206;2.376501;4.25295714;0.130818;0.75094514;2.30760688;2.11384417;5.18235562;2.48016891;349.1719947;1.61340309;3.55578315;0.308905;0.358377;0.313005;6.56112605;1.1202531;1.38346702;2.07581909;0.308574;1.99337815;409.0569749
1/08/2001;0.240473;2.48565805;0.260697;13.60237907;0.5101142;1.80291707;2.817653;4.09125116;0.130457;0.76787006;2.65724508;2.2502921;5.68325897;2.54235115;335.933761;1.74229614;3.33544009;0.313127;0.365057;0.55527;6.11176549;1.27691936;1.41187641;2.59425809;0.287454;2.28218015;396.0520216
1/09/2001;0.228789;2.24765394;0.221641;12.4639113;0.52708;1.781481;2.61034301;4.14882;0.090425;0.6796767;2.371839;2.191675;5.53916151;2.54303002;357.9838965;1.5764148;3.297139;0.276577;0.357489;0.385968;5.75101302;1.197082;1.359931;2.57429114;0.257656;2.090755;414.753739
1/10/2001;0.27714;1.897729;0.224749;12.09080312;0.525899;6.11957639;3.67825662;3.90224274;0.08331;0.714684;2.43388545;2.260745;5.47388114;2.5401816;335.6483246;1.544767;4.652488;0.304022;0.356849;0.440982;6.483253;1.371435;1.50057;2.5761785;0.307701;2.281733;399.6913862
1/11/2001;0.227767;2.5002301;0.251461;12.644683;0.509021;1.5007612;3.9991643;4.304437;0.080681;0.730831;2.6011284;2.885046;6.37695294;2.551137;336.2616742;1.831768;3.539509;0.298231;0.414849;0.4728245;6.207225;1.24380626;1.485528;2.3965869;0.323502;2.272702;397.9115068
1/12/2001;0.227874;1.954392;0.252241;12.13371351;0.498272;1.515686;4.41433972;4.6426663;0.076424;0.740669;2.4035908;2.245167;6.23486356;2.53904;341.2718828;1.60415201;3.477788;0.29972;0.412182;0.448098;4.57769692;1.177597;1.436546;2.455867;0.320282;1.974235;399.3349856
1/01/2002;0.276855;2.04184856;0.311262;16.67955079;0.625626;6.14942752;5.984061;4.9067525;0.100683;0.931101;3.30575276;2.981426;7.3123048;3.054793;433.6000621;2.075326;4.236308;0.354611;0.604815;0.570388;6.80833541;1.4181622;2.26291;3.09564575;0.4447066;2.8876855;513.0203995
1/02/2002;0.222154;1.949132;0.224653;13.70553368;0.477121;1.64424556;3.59880244;4.1237157;0.073997;0.723929;2.61401163;3.0504898;5.9661939;2.551434;332.047054;1.869196;2.9862195;0.29743;0.506403;0.501728;6.8798739;1.34209156;1.641621;2.90101926;0.408795;2.337808;394.644652
1/03/2002;0.255762;1.86074838;0.281797;12.03977707;0.581374;1.364319;3.77317;4.08572159;0.175203;0.765292;2.46552921;3.074479;6.4978572;2.548407;348.066246;1.6415206;3.47699633;0.297799;0.422112;0.383211;6.823507;1.24471716;1.639002;2.63912067;0.28661447;2.550694;409.2409767
1/04/2002;0.31594;5.442771;0.326411;58.73226529;0.701198;6.181371;9.7124245;5.572157;0.160174;1.053524;5.4311893;6.710888;15.17231143;4.21064324;803.6968776;2.701477;6.502461;0.515937;0.709014;0.466295;13.827703;3.765349;2.2693344;3.90362815;0.5178768;4.92646;963.5256807
1/05/2002;0.257695;2.8425325;0.305833;15.79315515;0.544058;1.436779;6.64122276;4.026394;0.132249;0.80351;2.982659;3.341473;7.915222;2.878607;354.8210783;2.076058;3.84262538;0.349753;0.578182;0.355778;6.1861639;1.5177875;1.546659;2.50884508;0.31739;3.237876;427.2395855
1/06/2002;0.244118;2.93471317;0.244759;15.18246092;0.523377;1.217766;4.4432711;4.3485008;0.13159;0.694606;2.997117;3.057792;6.841395;3.123743;381.614865;2.039893;3.599442;0.351202;0.538789;0.577612;5.26702955;1.4851322;1.399876;2.18751198;0.253835;2.785589;448.0859857
1/07/2002;0.22856;2.948316;0.297781;13.92032037;0.492622;5.607881;3.6479545;4.37804818;0.1094758;0.683297;2.459379;2.967675;6.9787655;2.642451;346.4884791;1.55937844;3.353028;0.341733;0.648572;0.450495;5.92570358;1.29064139;1.372474;2.40520706;0.283356;2.514613;413.9962069
1/08/2002;0.187154;3.7873931;0.256639;13.88930023;0.546549;1.522333;4.232865;5.4731945;0.16523;0.717243;3.696409;3.243263;7.0318204;2.696679;462.5172647;1.866717;3.43809644;0.386719;0.6667145;0.384555;6.48919164;1.33485586;1.45332;2.63847404;0.286769;2.775503;531.6842524
1/09/2002;0.197753;2.1913394;0.256465;14.56356886;0.505309;1.73688;3.811249;4.372625;0.114497;0.817502;3.625106;3.280911;8.5249833;4.370032;411.7013042;1.7798554;5.196888;0.403927;0.644585;0.312756;6.34304567;1.3944365;1.533155;2.79802556;0.343559;3.0322465;483.8520044
1/10/2002;0.221514;2.436912;0.246848;16.4300189;0.520613;7.38658205;3.979221;4.750799;0.136015;0.766001;3.30729812;3.35251;7.4852687;2.934976;383.7164343;1.712472;3.95831984;0.385036;0.536586;0.405953;6.1478748;1.53248;1.6926562;2.83233296;0.321789;2.54535556;459.7418664
1/11/2002;0.20036;2.970155;0.287652;16.6285915;0.521719;1.590364;2.69948534;4.327899;0.093204;0.78396365;5.0888215;3.3669755;7.31605331;2.8770021;391.3632557;1.718912;4.248692;0.40587;0.489996;0.328833;5.72168932;1.422293;1.524945;2.86295004;0.302151;2.819393;461.961226
1/12/2002;0.202648;4.245912;0.290574;16.56563934;0.58669;1.793106;2.83360047;4.121645;0.116748;0.8093133;3.027016;3.2850035;7.50688973;3.26499;433.0465657;1.96086972;4.0115525;0.352011;0.778965;0.407629;6.18992368;1.397031;1.6215925;2.9669113;0.347577;2.6137435;504.3441472
1/01/2003;0.240123;4.247278;0.307371;18.963552;0.630257;8.692448;3.272254;5.548647;0.146243;0.922047;3.913977;3.819377;9.025722;3.422241;502.543884;2.237684;4.623046;0.419429;1.091907;0.5271;7.752896;1.74385;2.13308;3.757127;0.421769;4.219679;594.622988
1/02/2003;0.17638;2.304978;0.242494;15.89934361;0.539608;1.4417383;2.92436966;4.3209122;0.126498;0.78808708;3.214941;3.698812;6.96811556;3.354962;472.8793818;1.806256;3.281952;0.336462;0.611723;0.354398;6.5107769;1.409601;1.4659957;3.16582;0.40090119;2.572873;540.79738
1/03/2003;0.2292554;2.710161;0.287916;17.95504597;0.654477;1.948934;4.041228;4.536046;0.196776;0.85417766;4.253089;6.522811;8.34652092;3.600445;726.8954443;2.167716;3.862291;0.377405;0.719705;0.61037;6.29449363;1.524638;1.7790024;3.99113582;0.391899;2.712606;807.4635891
1/04/2003;0.2547084;6.623594;0.37136138;31.51578986;0.689609;8.8185;5.473023;4.455064;0.168144;1.059877;4.446405;5.628761;15.5692965;15.813252;1041.421543;2.158268;4.9186814;0.508497;2.156605;0.421853;11.8244302;4.604205;2.45467398;4.64639;0.465386;4.295823;1180.763741
1/05/2003;0.2085602;6.45557;0.307337;15.09242;0.623793;1.712522;3.04916476;5.619955;0.148129;0.8304115;6.217477;3.796508;9.163693;3.698946;591.9578365;2.16560577;4.140383;0.386955;1.172345;0.555872;7.22262;3.0938434;1.7402665;3.56702185;0.40292381;2.853826;676.1839853
1/06/2003;0.208403;5.765089;0.286574;13.36940329;0.547729;1.79867184;3.079121;5.182;0.157405;0.757876;4.518528;3.654456;9.3575827;3.497779;509.7412628;2.20083891;3.830107;0.427061;0.84902;0.524543;7.68384732;2.645979;1.495198;2.98258701;0.408887;2.964207;587.9341559
1/07/2003;0.220347;4.326576;0.334907;15.2792219;0.580237;1.80631866;2.9308635;7.364469;0.161312;0.710773;6.190175;3.74719;9.886865;3.597016;552.068163;1.972978;3.726228;0.427953;0.754142;0.554713;8.02710044;2.587112;1.667482;3.129214;0.339153;2.916353;635.3068625
1/08/2003;0.225433;4.582194;0.28699;14.4156403;0.564941;2.0831557;3.0962445;5.6231061;0.140472;0.832003;6.795951;3.915591;11.92175204;3.858401;514.0636805;1.931042;3.47878;0.434023;0.6170265;0.597642;8.12435825;2.843972;1.754879;3.34136384;0.381642;3.117075;599.0273587
1/09/2003;0.235576;2.906379;0.276126;16.2046584;0.550623;1.89263118;2.9276835;5.077486;0.126139;0.842755;6.568576;3.853902;9.00919333;3.342598;493.4471148;1.7050422;3.36868575;0.479477;0.613572;0.518974;7.70235898;2.65794;1.56658612;3.405418;0.303612;3.017935;572.6010423
1/10/2003;0.2497756;2.701053;0.292763;13.30075201;0.556438;2.029122;3.21578723;5.162681;0.11504;0.833072;5.8080933;4.10076;9.30132273;3.353753;513.2542983;1.60086;3.9733205;0.543615;0.608287;0.64702;7.82722375;1.877427;1.72717;3.647223;0.321983;2.934479;589.9833194
1/11/2003;0.229871;3.639362;0.2669;13.28184378;0.573021;2.127472;3.318843;5.286067;0.162357;0.900234;4.707636;4.124915;8.7287854;3.801553;517.169949;2.04336;3.63368125;0.435644;0.460858;0.55677;9.3006659;2.102991;1.649604;3.344451;0.345133;3.08893;595.2808973
1/12/2003;0.255547;3.660828;0.329325;14.51536162;0.616103;2.793192;3.173607;5.6881155;0.145473;0.9037357;5.778233;4.03589;8.672013;4.02217;511.3279148;2.065809;3.577001;0.488993;0.57884;0.62881;7.21665563;1.966833;1.636755;4.212832;0.381688;3.213054;591.8847793
1/01/2004;0.277305;2.744534;0.349863;16.940512;0.4639;2.124414;3.621477;8.863843;0.16616;1.49164;6.886789;4.410919;12.128781;4.164381;696.573477;2.269383;4.866259;0.356892;0.287063;0.202672;9.408736;2.47857;2.029124;4.855167;0.205195;4.338915;792.505971
1/02/2004;0.226694;3.028457;0.307961;15.785612;0.34409;1.909609;3.51652;4.232217;0.183839;1.29682;4.300794;4.249758;8.450944;3.582774;484.241664;2.164936;3.251966;0.305489;0.185866;0.255352;8.567293;1.938596;1.482724;4.200861;0.180189;3.248052;561.439077
1/03/2004;0.566647;3.716558;0.439645;26.778304;0.720955;2.536157;28.933645;5.926201;0.236885;1.118445;6.601453;9.114641;19.641914;4.186099;745.917483;2.522311;7.372746;0.683398;0.937164;0.648086;9.601416;1.918379;2.031538;4.545676;0.466393;5.670447;892.832586
1/04/2004;0.419369;3.412594;0.436574;21.014949;0.822622;2.941612;26.913569;5.270554;0.310567;0.991003;6.117802;7.714634;15.968259;4.296795;1040.622665;2.73527;4.813918;0.742;0.68503;0.544631;12.373608;1.715489;3.066823;4.382647;0.575604;9.808552;1178.69714
1/05/2004;0.40942971;4.56722079;0.51269545;16.57036826;0.66335318;2.36083561;27.74682285;5.80872449;0.25481745;0.95837413;5.77799375;4.64848839;10.93106348;3.72477048;606.4921575;2.73341037;3.90326708;0.52388368;0.67147521;0.51276169;8.31980741;2.63940065;2.11560471;3.20675554;0.49385825;3.92159697;720.468937
1/06/2004;0.3634007;5.05119579;0.43929135;16.15426951;0.66053345;1.98102198;27.71450042;5.83089163;0.2483664;0.92376041;5.89279116;4.69042557;10.84168688;3.71101944;534.9752321;2.35561669;3.77722231;0.65061104;0.8768864;0.59742887;9.40005697;2.37364111;1.85657188;3.1037184;0.43072983;4.03276581;648.9336361
1/07/2004;0.40094051;5.07099728;0.40395151;18.66473278;0.6386608;2.1288307;33.978665;9.05604932;0.24294319;0.85026591;5.52980315;4.63727859;10.15626159;3.27346012;609.8817311;2.23489107;4.36338785;0.61376833;0.86319234;0.52797279;8.48728645;2.43289207;1.97505055;3.10603257;0.46195961;3.79620768;733.7772129
1/08/2004;0.52917766;4.77365106;0.40909919;17.27036007;0.59054457;2.30003339;28.88420687;5.79587989;0.1887292;0.91255358;6.71133079;4.69998155;11.36035434;3.62986457;553.7215932;2.21227543;4.69645157;0.65801804;0.72931356;0.57469721;10.43235142;1.50462126;2.10906151;2.99067182;0.75439321;4.9186217;673.3578367
1/09/2004;0.56825744;4.2295905;0.41801476;17.79335393;0.6202794;2.18253488;30.14485667;5.76479745;0.21577832;0.90819468;14.31177008;5.01018891;10.77714669;3.59270426;577.3728259;4.71938662;4.6851619;0.65592125;0.6928806;0.5994629;8.66526717;3.42799759;2.35871243;3.34583166;0.54246268;4.05182163;707.6552003
1/10/2004;1.01508379;4.12337117;0.35708521;17.77323355;0.62419419;2.31218867;27.6800388;6.20029048;0.19120314;0.87624994;5.67872279;5.79429012;10.82157059;3.3326599;590.8277567;2.57888455;4.48663669;0.66231207;0.57897027;0.55833192;9.47945761;1.50223133;2.22184685;3.41068423;0.53341244;4.21050713;707.8312142
1/11/2004;0.47555065;4.52597786;0.44368164;21.04751326;0.66024041;2.63206039;27.18250943;5.13675794;0.19338527;0.9471305;6.26871075;5.07569926;9.79857423;3.68269867;565.615548;2.26039077;3.90813259;0.68829379;0.81375158;0.58208157;8.50326584;1.45298193;2.44011032;3.06138712;0.47542799;4.1699678;682.0418296
1/12/2004;0.55244968;4.40154203;0.40549625;17.33365011;0.65792444;2.65480486;26.31325816;5.27587816;0.21372533;1.06025707;5.97249758;5.0067012;10.0582142;3.9176134;613.0399395;2.56962928;4.14730088;0.73726734;0.61561562;0.5230979;8.89516565;1.62355369;2.65134941;3.48296526;0.54696512;3.91400629;726.5708684
1/01/2005;1.11354428;6.21609181;0.61489463;20.86342133;0.80051377;3.10092478;33.65574587;8.55250563;0.29495652;1.15868993;6.69086189;5.74526901;14.336918;4.14702269;680.1226682;2.89616832;4.88080583;0.77860453;1.35633627;0.63155921;11.9334577;1.95709602;2.68685389;4.03230445;0.70607514;5.18153761;824.4548274
1/02/2005;0.61360868;3.47972542;0.62408844;17.78906279;0.64368069;2.48416201;31.02330311;4.69749116;0.24271935;0.8842344;4.90923705;5.48398309;10.15024874;3.99199063;546.1177185;2.33487247;4.26277381;0.71445153;1.71944527;0.62854295;9.78787379;1.56844992;2.45832177;2.9326211;0.54009502;4.48427072;664.5669724
1/03/2005;0.9254128;3.77986529;0.70713462;140.5905046;0.76625489;3.19969951;49.68543258;49.86404027;0.24410434;1.13813671;6.75637449;19.29008289;15.79415756;4.87081788;883.0783281;3.44392641;11.55633274;0.82055087;1.00152341;0.58644767;13.14203116;1.95292526;3.33991707;4.43388429;0.84409353;4.77034334;1226.582322
1/04/2005;0.90175771;9.29792076;1.02787431;37.78581309;0.89680251;4.24203488;58.43808635;16.56872163;0.32288919;1.18954519;25.95551765;8.6900251;22.18070705;8.51452882;1919.605786;6.62295914;7.98628382;0.97806165;3.2890192;0.59785736;24.27383731;2.40512786;3.56010779;5.47139253;0.71041846;14.25501214;2185.768087
1/05/2005;0.56194768;5.34071974;0.66020633;18.08443649;0.65363277;2.43223575;34.31495957;11.30999639;0.24926638;1.03768995;6.9960596;5.55827745;11.70502169;4.62347422;599.6676109;3.03226698;5.2405882;0.724527;2.42797048;0.52953605;9.71208432;2.19458625;2.2279039;3.94932517;0.52213559;5.14963213;738.906091
1/06/2005;0.77024058;7.23871222;0.6136491;16.57208507;0.71236891;2.74037774;32.99338273;9.56416763;0.2869382;0.97310518;5.00662796;5.17180031;10.77995043;4.37661189;620.8311305;2.77977293;5.48236431;0.85394695;1.36359369;0.48359996;10.74090583;1.86676227;2.13794606;3.19560999;0.47083845;5.32819549;753.3346844
1/07/2005;0.49901999;5.23909736;0.68239397;33.62037331;0.72159379;2.74016338;33.54011097;11.65971656;0.27048337;0.89536285;4.45333673;5.74485418;10.63704259;3.97349333;606.8113077;2.64094384;4.96271759;0.76991278;1.22454654;0.48187374;11.57650775;2.04904333;2.45347666;3.0010299;0.46733081;4.9108097;756.0265427
1/08/2005;0.54027779;4.46297467;0.67930927;16.01345399;0.68529585;3.01861969;32.1609331;7.05264382;0.25521026;1.0115659;4.21326569;5.63082921;11.05319291;4.42996509;607.9490782;2.57148954;5.76927077;0.88110848;0.82114864;0.55897819;11.00782501;2.12779103;2.45797083;2.95239366;0.52867039;5.47212822;734.3053902
1/09/2005;0.93622299;3.44360001;0.80129445;18.07972003;0.75534099;3.20792919;32.69703107;11.45092402;0.21351333;1.05807322;4.45717573;6.38254242;11.09056198;4.27801838;632.982615;2.60433162;6.19433916;0.92465775;0.85038798;0.54019483;10.57549183;2.31145032;2.23820138;3.11967462;0.54165494;5.09647077;766.831418
1/10/2005;0.6845328;3.12125172;0.61384266;17.26564147;0.67965668;2.95932843;32.89055137;13.60706069;0.21030822;1.01019822;4.58384415;6.06234308;11.34475278;3.97047321;665.6694415;2.6698946;5.73545702;0.95963479;0.6975087;0.47467103;9.20013332;2.08747064;2.19427284;2.92497794;0.49802302;4.97575048;797.0910213
1/11/2005;0.64839652;3.48185005;0.79988708;20.16373109;0.69321978;3.63226296;37.67984792;11.49711873;0.24460449;1.07920986;5.05437179;6.86900947;11.49358659;4.29865091;706.6512248;2.64859669;5.31053434;1.09365545;0.75038567;0.50078747;10.40816748;2.19930776;2.07742177;3.00538125;0.55595545;5.82635483;848.6635202
1/12/2005;0.81695753;7.70063463;0.75399943;17.75279183;0.77078033;2.97593001;37.27359374;10.52170809;0.2595765;1.08349215;6.09058275;6.53673966;13.34041646;5.63252305;740.5044257;3.23744877;6.14682712;0.98410598;1.73946863;0.56060781;12.3898914;2.1379798;2.15168806;3.54231924;0.62726408;5.4683423;891.0000951
1/01/2006;0.6904825;5.26736176;1.02230675;23.12955369;0.90273559;3.98261365;51.367494;24.70638404;0.33656194;1.35731875;5.87402607;8.09833191;17.65813553;5.7800021;1208.857373;3.82857813;8.02062821;1.04039485;1.7971943;0.63523476;15.95783489;3.10571239;3.06639019;4.64621759;0.71660913;7.61255235;1409.458029
1/02/2006;0.58133567;5.3495823;0.8358734;21.65035915;0.69443363;2.83807568;42.99192875;15.7795079;0.23057341;0.99165489;5.04940641;7.37188133;14.08827233;4.947552;796.6935986;2.9374866;6.39607769;0.78778979;1.99595708;0.568058;12.40975827;2.71394404;2.62288738;4.10831054;0.62682926;5.00666291;960.267797
1/03/2006;0.75171688;8.06051295;0.91751484;31.1050664;0.98614581;4.80424912;66.4812797;130.2343435;0.35269141;1.34888893;9.96553988;11.20374901;16.62692431;6.48887386;1150.199842;4.17571555;11.98634581;1.176643;1.59335676;0.7821819;13.61355383;3.13168844;2.90431712;4.93209764;0.85126912;7.26261829;1491.937126
1/04/2006;0.83473877;7.46775592;0.96572894;57.41079383;1.1163727;4.44015325;124.1870036;40.74647148;0.44770336;1.28888225;7.49529038;10.33446236;25.42785545;6.664271;3438.199538;5.29793956;10.76025879;1.29755777;1.84801216;0.64919614;23.35529489;3.19313218;2.44250897;7.6732972;1.00485678;7.88343577;3792.432512
1/05/2006;0.73896288;5.22047383;0.7194079;24.3528176;0.96525602;3.47204654;53.74132512;47.59251029;0.41368258;1.23061717;5.20034995;6.87169201;22.86472179;5.25374921;1070.681551;2.74238379;6.73390303;1.07580744;1.37819521;0.57386674;12.3031495;3.0363972;2.03855667;3.53819908;0.77617578;6.22861997;1289.744418
1/06/2006;0.69139386;4.9275186;0.86097545;20.88895822;0.87964293;3.9526878;38.70939915;66.39197787;0.40674342;1.21366425;5.28230424;7.22939136;15.30341239;5.01020143;1068.07304;2.95530869;6.6622665;1.12410104;2.23769701;0.58016826;14.02673024;2.87991879;2.10751136;3.74001067;0.76597198;4.92340576;1281.824402
1/07/2006;0.8412996;5.95751709;0.58536597;24.95144072;0.88844353;3.64366952;49.45976077;35.98854103;0.44432334;1.09639406;6.19126398;6.72295666;13.01032955;5.23735432;1447.165591;3.13598548;6.18675889;1.32738241;1.51500775;0.57906366;13.76235989;3.10053158;2.10071244;3.65707037;0.71458026;5.17402188;1643.437725
1/08/2006;0.78696182;4.24373155;0.79907915;23.2390481;0.91962454;3.6421731;50.49981921;51.22081919;0.32825331;1.26239389;5.21025492;6.84813264;13.90033741;4.82535307;1112.799827;3.03030304;6.69498653;1.49626065;1.03585067;0.75974587;13.94092633;2.70842475;2.22986163;3.19593679;0.7498083;5.21356305;1321.581476
1/09/2006;0.79180877;5.27958997;0.86421044;20.73083774;0.83561591;3.52441025;45.66972653;39.59422558;0.30331822;1.31617504;4.73154993;7.34994235;15.45998671;4.9740534;1081.573242;2.95103201;6.48651814;1.30579895;1.00484961;0.67121753;14.00921994;2.64280844;2.27325418;3.69906472;0.77753683;4.56113139;1273.381125
1/10/2006;0.74406785;4.51665144;0.7659421;23.5847158;0.87710852;3.88845727;45.93770805;42.35063642;0.28776362;1.23756571;5.95747205;7.66098042;17.20391795;5.0854484;1119.527563;2.82702635;6.98361432;1.30120422;1.11363218;0.69862928;13.12416599;2.69772191;2.2508244;3.63235107;0.79510717;5.1231085;1320.173384
1/11/2006;1.10473293;5.02073974;0.89609368;25.37095214;0.94098122;4.17052037;51.56346033;38.51077439;0.31860029;1.24468354;5.98107656;7.80041278;14.61940606;5.82650929;1096.249292;2.90227697;7.1386865;1.23910918;1.12486543;0.71837479;13.86906375;2.49521151;2.41456092;3.77445586;0.7366732;5.74877032;1301.780284
1/12/2006;0.70615686;7.30696621;0.88144022;23.39624245;0.91440408;4.10985704;53.09768012;27.8716023;0.29012085;1.27473206;5.67412541;7.70864378;15.77964524;6.03616575;1128.087011;5.1076936;6.76454303;1.35488673;1.78964699;0.73843449;14.52371162;2.53154132;2.13856483;4.15987737;1.04659222;4.86544255;1328.155728
1/01/2007;0.87097416;10.53930053;1.05680454;31.86872302;1.19512563;4.76121509;58.08788044;55.51176125;0.36589558;1.60180634;7.30799095;9.7915866;17.90098288;7.62940327;1414.617024;4.86463782;8.47823908;1.37170555;2.22167144;0.8765198;20.02463155;3.44923643;2.55626563;5.73450554;1.1644824;6.10855408;1679.956924
1/02/2007;0.6751295;5.08763404;1.02817281;22.96175146;0.74763784;3.49393939;42.78503238;22.13047561;0.29727039;1.20104001;5.92713386;8.54350344;17.59135827;5.71978458;1003.339206;3.69345474;6.77827525;1.09202802;1.30963034;0.71906266;16.22580633;2.70704172;2.18438051;4.13021834;0.8256426;5.6807137;1186.875324
1/03/2007;0.80998165;9.19054831;0.90013749;68.61437416;0.95989937;4.7121286;53.89809603;22.7659097;0.28153471;1.40007354;6.76997966;9.83002949;26.24707646;7.74836187;1542.879587;4.85741072;8.82921868;1.26867791;1.68687094;0.73353499;124.6296173;3.39420868;2.57620203;5.16973249;0.88409671;6.3571244;1917.394413
1/04/2007;1.12902178;32.23312906;1.84498888;56.7807875;1.04959398;5.1649402;73.80112919;206.8987497;0.38641897;1.57294561;15.59755121;19.52563801;38.58082413;8.19275377;4283.238491;5.7097309;15.07412988;2.03362382;2.95290961;1.27021051;41.27504833;3.49872271;2.82402148;7.48533515;1.22338182;7.79380788;4837.137885
1/05/2007;0.91530768;8.58470081;0.63576889;42.51525854;0.75405667;3.7822203;39.01539728;42.94357416;0.26265164;1.20008099;6.41613224;7.36828435;16.37866731;6.83126227;1273.692646;4.67305726;7.88952502;1.49546927;1.96913926;0.75603172;25.15076918;2.87144125;1.93709138;3.74644182;0.7882672;4.27459706;1506.84784
1/06/2007;1.13058445;12.21292038;0.48005269;38.67313162;0.75025849;4.23735352;37.88889187;26.20303931;0.22326397;1.24191381;7.15637706;7.86886332;20.87845043;6.77370005;1334.163258;3.42329372;7.78588722;1.2267108;2.11522821;0.68308089;27.05927464;2.18826618;2.03546325;4.00835149;0.80340343;5.3068656;1556.517884
1/07/2007;1.17056276;11.18784259;0.65117076;71.10148482;0.85709793;4.36401685;41.49857058;32.69284302;0.24699101;1.30412876;6.3613662;8.02460228;17.65374077;6.60130102;1393.267039;3.74191219;7.99062728;1.48524091;1.73242531;0.74669441;28.67570768;2.49086;2.15722789;3.73663162;1.24712593;5.57972034;1656.566932
1/08/2007;1.1675415;7.59426849;0.73591633;69.22017246;0.86520397;5.11500696;53.15584711;33.51674059;0.33406476;1.34285878;6.0919755;8.47945824;17.58212036;6.09369929;1464.111051;3.42168608;8.52299531;1.79521651;1.28720508;0.97206712;25.80665502;2.89974742;2.3396854;3.90502696;0.94115961;6.14460821;1733.441978
1/09/2007;1.12909342;8.96594747;0.75355005;46.70290862;0.91090054;4.74045498;44.4261049;68.55203751;0.26352876;1.41686938;4.90312026;8.99087882;19.1679271;5.81316485;1323.708881;3.04176199;8.18966669;1.47417442;1.19359837;0.77077014;26.18414274;2.83118388;2.37361938;4.18879277;0.85281449;5.71706046;1597.262953
1/10/2007;0.75472493;9.13532723;0.6538332;63.04949163;1.03880522;4.74629645;46.80950413;33.85710947;0.27869645;1.41992504;8.33769472;10.8670368;18.24268197;6.0940312;1463.832443;3.43481489;7.67941043;1.78832744;1.20352637;0.88385453;30.1992466;3.1243933;2.50765544;4.78782913;0.86178315;5.39166523;1730.980108
1/11/2007;0.83050904;11.14479949;0.74774539;40.72397461;1.10541683;4.96951281;48.20791848;84.85972626;0.26708797;1.47505555;8.3756775;9.46348768;17.88883988;6.36419732;1420.896827;3.65294977;8.15500443;1.55755273;1.13478934;0.9566538;28.85773202;3.1469869;2.55087237;4.46105025;0.93744258;5.3247769;1718.056587
1/12/2007;1.61435902;11.587992;0.82603656;116.3278704;1.07943003;4.95260042;51.53755658;45.57532854;0.34738565;1.64540332;8.10722289;9.87517604;18.45325603;7.13570568;1383.585989;3.91697032;8.53708771;1.42012069;1.5677073;0.97001802;29.64277663;3.07939675;2.66107317;4.90938788;0.94104755;5.9625778;1726.259476
1/01/2008;1.02264256;12.3485201;1.04708528;47.33117959;1.49317608;5.51064862;62.52286286;62.99077736;0.49854739;1.94672325;11.19999581;11.48737161;25.14903085;8.50633441;1675.60968;4.71725682;10.68169471;1.67798644;2.29356047;1.10766983;35.8039067;4.03272424;3.32481204;6.47386505;1.25187608;8.30848263;2008.33841
1/02/2008;1.19106049;8.76192383;0.71440619;43.02693851;1.00867871;4.52967981;60.00802841;25.38947472;0.33607538;1.55339122;7.94528154;10.12885065;22.01197482;7.25342866;1371.660966;4.04394447;10.18111282;1.45226498;1.35473158;0.81179997;29.38340114;3.77209105;2.86647108;4.94933692;1.11026412;6.16337226;1631.608949
1/03/2008;1.0619018;12.33743521;0.63893874;79.65092583;1.23811801;6.19264753;78.28713641;45.4904593;0.3944335;1.91973959;10.02930128;14.42851728;33.33844255;12.02416819;1845.993578;4.79293341;11.73082178;1.96923195;1.72468786;1.01341484;64.09712312;4.0853341;3.64848483;6.45119916;1.06128858;6.88315866;2250.483421
1/04/2008;0.77143049;17.88249983;0.78643764;484.5713205;1.75081834;7.4676998;184.1684547;91.10212925;0.42122606;2.04832274;23.78109432;21.03336807;32.0058277;9.53979599;2814.102926;5.87205008;14.80466732;1.95233814;2.788789;7.18403962;51.71247949;4.28364828;8.5485985;8.48111568;1.01078998;5.16497578;3803.236844
1/05/2008;0.65062947;9.55089109;0.74961932;95.43418378;1.1165738;4.49810859;63.72944711;11.06396792;0.31330823;1.50100459;8.85261728;9.79992027;17.73778164;9.1070218;1550.572204;4.07817026;8.86780253;1.43126337;2.72239273;0.91174463;35.13307781;3.16732939;3.28902334;4.21706438;1.00558245;3.93597776;1853.436707
1/06/2008;0.71421496;10.32740929;0.65134073;185.2486828;1.13576705;5.1721268;72.18402696;15.26653071;0.27697937;1.53818231;10.54104183;9.95862542;23.32228548;9.01993693;1501.486356;4.73024143;8.75110852;1.74542953;2.39471195;0.88684082;34.46706154;2.94354129;3.45658176;4.39196998;0.86989765;4.06204456;1915.542936
1/07/2008;0.8618816;10.70385704;0.73651477;115.865739;1.18607817;5.28989697;62.88876277;46.95345599;0.30939548;1.8043257;12.11675249;10.12273836;21.36482268;8.88865955;1581.53104;4.48055112;8.02932612;1.70930784;1.46624842;1.06505501;38.46430194;3.05556752;3.69553203;4.70379763;0.94859218;3.80829979;1952.0505
1/08/2008;0.9284729;11.22991921;0.73365697;97.68859662;1.18771402;5.20085324;75.16874503;35.91177823;0.32235163;1.88491881;12.68985294;10.94254028;22.71547957;8.21059661;1482.120904;4.3121569;8.73096031;1.88086342;1.38930392;1.02638863;36.95818731;3.50741108;3.86746049;4.63106462;1.15866628;4.05414668;1838.452989
1/09/2008;0.81375369;11.04357141;0.71277455;108.4149157;1.38492294;6.30994422;79.09524706;38.99989419;0.40991715;1.99559687;11.07037205;10.88095483;21.66504425;8.93087716;1443.804036;5.09764569;9.50354253;2.09442289;1.48168168;1.20960112;38.7016578;3.27104155;3.91737293;4.35403311;1.17382863;4.35758431;1820.694234
1/10/2008;1.0069661;11.60011734;0.72494764;132.5382863;1.33197908;5.94556714;68.67433985;48.68992535;0.40157765;1.91270116;11.91354078;11.19312684;23.51053546;9.15496355;1512.841244;3.7196275;9.89959144;1.96816279;1.45845669;1.06848064;32.34564817;3.50288985;3.89471482;4.58738151;1.2666765;4.43634567;1909.587794
1/11/2008;0.88409463;9.82328757;0.70556267;34.29630842;1.36710174;5.6078985;73.36481753;25.14448475;0.42265627;1.83966511;14.79337257;11.30467583;22.55387794;9.17509162;1278.136224;3.55371058;9.60537479;1.94170025;1.33860016;1.05036776;29.68549906;3.96352009;3.83343253;4.48143911;0.97896927;4.50501475;1554.356747
1/12/2008;0.84005258;9.52202032;0.84306363;40.85551028;1.36318403;5.97678101;64.35725377;20.34926101;0.46221055;2.09832818;10.70825474;11.15577505;22.18104995;9.94717243;1342.222173;5.03747399;9.47979996;1.98443878;1.69547189;1.1271325;28.10784075;3.82829268;3.77194648;5.10620135;1.12114384;4.10635742;1608.24819
1/01/2009;1.0499259;12.55275257;0.90068255;51.30726224;1.73778815;7.03378422;82.20674381;16.50664126;0.69064916;2.27787481;13.61484643;13.60976271;29.51155162;11.42067131;1607.303748;5.9407894;11.19840777;2.36690089;2.21940815;1.41115182;34.48082323;5.37726144;4.43058386;6.39700897;1.28590588;5.62673617;1932.459662
1/02/2009;0.7686365;8.66547527;0.64025467;38.9746409;1.21985771;4.54644235;61.08416025;11.22383731;0.42174635;1.77363323;13.25012119;10.94505211;22.95626618;9.08753076;1134.144093;4.38570884;8.20979636;2.02034793;1.34712878;0.89446269;30.76547111;4.04845731;3.46547106;4.9435412;1.0261999;5.45671684;1386.26505
1/03/2009;1.2863825;9.87777715;0.78240305;44.1174987;1.49751556;6.23187169;103.5914476;13.91596927;0.68740631;2.26113294;12.30304299;11.40509721;27.41074357;12.42061648;1754.340352;4.86831045;11.07346184;2.11311228;2.33277716;1.1275094;34.75748799;4.74945524;5.95967855;6.02292802;1.38485494;5.68085665;2082.19969
1/04/2009;1.40520858;7.48934216;0.93981675;396.8012172;1.5718611;8.18135739;146.8231202;50.69597563;0.55516755;1.98038106;22.93045655;15.67140702;31.46273029;11.93069265;2323.980928;11.52720366;22.70683451;2.13853031;1.60400805;1.39791874;42.92419461;16.33552309;6.88836604;8.76939524;1.2232967;5.92247161;3143.857405
1/05/2009;0.84121268;6.16109169;0.78236272;40.31611874;1.12361329;6.00015084;50.8133236;13.20928398;0.45963536;1.72875788;9.92413028;6.63631356;17.50097167;8.41881695;1122.398213;6.28758822;7.45484462;2.02657849;1.20177525;0.88515246;23.97648376;5.02651561;3.39093911;4.67059422;0.91714487;3.11825186;1345.269865
1/06/2009;0.8331197;5.6822683;0.72052248;47.79144589;1.16254908;4.81398454;51.08092224;11.91265737;0.39884034;1.75804876;18.14797269;7.84505502;24.0542988;9.5389535;1048.957656;3.46034991;8.16520914;1.68591205;1.33677161;0.97301879;27.51551897;5.58543035;3.3956726;4.50593851;0.81816604;3.91797913;1296.058262
1/07/2009;0.900027;4.8529573;0.7488864;91.31273537;1.13796449;5.76880553;51.44734532;11.24339006;0.46492365;1.6970363;13.41208941;10.10423741;21.26372349;8.55222401;1112.939537;6.0306062;9.42649613;1.73941406;1.29425272;0.84478654;28.93376171;4.92613628;3.81039262;4.59316007;1.0548425;4.60206904;1403.101801
1/08/2009;1.01342219;5.82270915;0.95545462;28.87095562;1.40858597;5.30793277;48.27856679;12.57847801;0.45901217;1.81585235;14.80338008;10.88802469;18.35388826;8.58603784;1189.080006;6.19942843;8.13391135;1.93083602;1.34129387;1.02636182;28.43713817;4.87199158;4.09646317;4.7394793;1.1435637;5.53645778;1415.679231
1/09/2009;0.95774442;5.70760914;0.89377968;44.20994612;1.5573974;5.16538091;47.54611151;12.34355903;0.57420605;2.08410474;15.53496067;11.3595445;19.12320627;8.30971284;1218.979058;6.1735725;8.58382873;2.09468807;1.38128068;1.01397279;29.00922391;5.11357984;4.0754771;4.8899106;1.054048;4.91834757;1462.654251
1/10/2009;0.8994577;5.39188791;1.00755564;31.80698499;1.3227627;5.02659088;53.91293262;23.83306962;0.47322336;1.94702251;16.10276632;10.54009065;19.65731166;7.92243893;1345.901318;7.42868235;8.23545949;1.97270119;1.27271389;1.10188369;26.61987996;6.21168222;4.18719899;5.20761111;1.04884058;5.27360498;1594.305672
1/11/2009;1.15894709;9.53562597;0.81576817;61.64729777;1.47793673;5.19035725;53.41829478;25.14459439;0.55966322;1.94791801;17.45451705;10.59615458;22.08792045;8.55032581;1273.903291;6.6005136;9.24852342;2.01816306;1.15331168;0.9996748;27.60149596;5.40660449;4.66176592;5.1293133;1.10979662;5.52825304;1562.946028
1/12/2009;1.15313317;9.26484142;0.92809418;67.07560926;1.58642382;5.47514036;58.2125528;32.62239498;0.54623022;1.95342459;14.82773229;11.53735791;22.3641913;9.68367664;1408.074199;7.86586375;9.31644234;2.14637443;1.5850548;1.03722395;30.87361547;5.57917936;5.14238895;5.69422375;1.42052538;5.57612865;1721.542023
1/01/2010;1.21790757;9.2036966;1.15770772;49.8877113;2.03465924;8.24122176;72.55811582;39.65337078;0.75867074;2.56075037;20.422567;13.75109313;30.62629577;11.58793108;1959.091705;7.41335895;11.23296816;2.2853792;2.56066803;1.42577865;40.01725511;7.25802371;5.2148166;7.32643668;1.44026861;6.41993986;2315.348297
1/02/2010;0.85987361;7.69616537;0.83161905;43.60198855;1.51154133;4.97829416;67.8467792;35.70394928;0.48634316;2.10927172;10.96535519;11.31425285;28.62901612;9.4839803;1556.135178;4.75388985;9.28652931;1.94389758;1.3277109;0.88900266;31.95723998;5.34682181;4.35738426;5.47579423;1.40098654;5.69227005;1854.585135
1/03/2010;1.04324373;9.9879003;1.02802557;55.80739561;1.60292859;5.80557871;106.051705;44.75519512;0.53955661;2.28599056;10.98881295;13.00873792;46.60269468;11.82200361;2183.650246;6.9555445;39.67373088;2.07239489;3.72322616;1.26661594;68.86360285;5.71659514;4.96828557;6.86164974;1.52900467;5.97686404;2642.587529
1/04/2010;2.63748813;12.36667786;0.93372386;330.7022741;1.78045415;7.40457152;158.656733;63.68412286;0.62467346;2.36423355;15.70009695;10.51258803;38.96488467;14.4378746;3191.842741;9.36071761;17.61279625;2.6201633;2.05864879;1.35346255;60.44962785;16.03521312;6.33351695;10.31094731;1.62514237;10.15279407;3990.526168
1/05/2010;1.4113874;6.5698447;0.90461043;92.08854644;1.13456433;4.48085859;62.09846537;26.70559879;0.53427342;1.8652489;8.60714538;6.95148498;21.47590855;8.53953415;1535.557797;6.134982;8.35507746;1.86671043;1.46493646;0.90378054;30.17003876;6.44425195;4.09323128;4.53130768;1.11499404;5.72298891;1849.727568
1/06/2010;1.90518097;7.35086716;0.84919045;58.60590102;1.25351714;4.75805523;74.53678029;23.39290198;0.57422733;2.11711662;10.02441824;8.82476356;22.97144475;10.73304781;1431.171298;7.55711284;8.20304359;2.06386856;3.19418692;1.16570927;38.69888142;6.25724724;4.38946471;4.42834262;1.07722365;5.92465499;1742.028447
1/07/2010;2.54219274;7.28336742;0.91487935;134.1423143;1.29176084;5.52717271;74.79729203;23.85697332;0.53241033;1.95409923;9.14652347;9.0738795;26.28496465;10.15620533;1533.594623;6.58939633;8.60201641;2.12107705;1.3645458;1.04788498;31.18696165;5.88519839;4.43311473;4.45754036;1.21252816;6.3392141;1914.338136
1/08/2010;1.65273354;7.16708227;0.9597866;82.66943739;1.53760166;5.64060005;63.33426959;24.09627872;0.57947918;2.21535214;9.01598884;9.98312392;23.22336143;9.14250069;1433.17722;8.85661477;10.43221456;2.48145382;1.37906316;1.01433548;31.31994518;7.08175235;4.97270929;4.96949782;1.23605532;6.34711728;1754.485575
1/09/2010;2.18616416;6.46160541;1.37004406;74.61278635;1.78200908;6.09255615;63.95747207;27.74779254;0.54750643;2.42000636;9.60101603;12.82677801;26.129627;9.74647598;1430.343922;6.47063314;9.59364462;2.22636312;1.34123491;1.1685469;31.62469517;7.17017405;5.351263;4.97073569;1.4741545;6.11619657;1753.333404
1/10/2010;1.17625864;6.73964252;1.02812136;93.05699016;1.57604898;6.76542578;71.01447334;12.24478866;0.67476115;2.4364318;10.27259396;11.67198304;26.98667187;9.83475473;1626.600942;5.19849355;10.42193887;2.49431805;1.72536409;1.3612607;27.91034408;6.7931385;4.66697178;5.34659742;1.23147438;6.77318296;1956.002973
1/11/2010;1.26683742;7.13702617;1.21355475;98.90631364;1.8267249;6.68834661;67.79048555;13.00611289;0.64494356;2.6269153;11.32406063;11.56773035;26.71632298;9.9795642;1582.229799;7.05868126;9.95236795;2.50031829;1.43230326;1.29563102;30.0040927;7.95297579;4.81761447;6.14959965;1.15665468;7.54456904;1922.789546
1/12/2010;1.31342458;8.84802035;1.43363793;177.6846765;2.06231099;7.15104347;69.86191941;19.26739403;0.70029442;2.84700116;10.66751638;12.12760198;26.72682785;10.47893735;1673.058492;6.46680396;9.87174698;2.57074953;2.10525093;2.09799413;31.31077226;7.70679623;4.95541578;5.87384633;1.53901886;7.23617761;2105.963671
1/01/2011;1.59909498;11.02273182;1.81361089;118.4559931;2.77269228;7.84715983;95.47139522;37.33202497;0.9850915;3.26372087;15.93978928;15.14402134;34.94495301;12.70575133;2277.489348;6.9584241;12.25310123;2.84285493;2.1071149;1.7566;43.08667427;10.72854871;6.46277588;8.16254278;1.8031734;9.38615485;2742.335344
1/02/2011;0.95122849;7.27091043;1.33312186;131.8182885;1.59468107;6.02093362;87.24248159;21.3982378;0.63292228;2.2384016;11.97663256;13.21092177;29.99802382;11.27434225;1747.312442;6.0741075;9.47170181;2.19786205;1.36365765;1.15367791;38.4020065;7.51696308;4.00573114;6.08328691;1.44295384;6.5132132;2158.498731
1/03/2011;0.86717676;9.4889821;1.33225512;153.9884102;1.69793715;7.73746939;137.8610313;24.4194379;0.58617138;3.03671643;34.33275361;15.4963342;70.40147915;15.49994388;3146.845995;10.2894665;31.64368573;2.64321257;3.72703424;1.53043413;68.87841032;9.51051492;5.6482657;8.97983744;1.86233791;7.96441996;3776.269713
1/04/2011;1.20346435;9.6684496;1.00013183;607.1577556;1.6498293;7.77717775;151.4665027;138.8836108;0.55766646;2.66159551;16.26645685;21.51050207;92.26555199;15.66383867;3869.26594;6.85048463;19.01131153;2.53610402;1.98335972;1.26222136;33.76186565;11.08779871;7.65925723;9.34207091;1.89492899;9.22075606;5041.608633
1/05/2011;0.74250414;9.09161208;1.00098964;136.0119924;1.35719176;6.0300757;95.99569897;30.7457598;0.49088427;2.59977227;14.7097924;10.64361035;35.90639165;13.61115333;1933.228804;6.14960311;10.95343113;2.53823634;3.47026556;1.08256388;37.76743496;6.70577823;4.93102565;6.02955235;1.31784491;6.20995874;2379.321928
1/06/2011;0.71305362;8.21125216;1.10800075;154.0097062;1.63935314;5.93915065;101.1617201;29.63773425;0.47810252;2.39151701;12.68654061;12.46024368;35.68167095;11.91087892;1938.673076;5.68191213;12.36879833;2.35078645;2.37246067;1.14394195;39.49345829;6.55423812;5.06762766;5.14581995;1.38294442;6.64167675;2404.905665
1/07/2011;0.91378697;8.10967144;0.98266872;181.3057476;1.86881841;6.63797551;102.7347618;31.6103327;0.44130747;2.47979991;11.30504801;11.52431877;34.76745989;11.29940706;2059.229412;5.58697386;10.55586733;2.5848798;2.41689544;1.18658982;37.21368288;6.95050813;5.29655141;5.38129109;1.50136799;7.63806133;2551.523185
1/08/2011;0.8778596;7.55441539;1.20075879;144.6796281;1.76950815;7.10995947;98.80663897;17.54698367;0.52767615;2.57129381;11.30675446;13.64473585;35.16195863;11.56566413;2195.796253;6.42749189;10.73137704;2.79241378;3.16165579;1.34053964;38.37924473;7.4514678;5.20809623;5.75538266;1.55344996;6.89127762;2639.812485
1/09/2011;1.00087515;7.62984292;1.20474645;140.6189143;2.04537339;8.22099628;88.30544812;18.60462889;0.66983344;2.87708662;14.55702112;13.88466697;36.43426704;12.75665387;2114.207739;5.41017558;11.66847839;2.98689216;1.88127202;1.4675351;37.30583558;8.05621287;6.34137244;5.96347077;1.51034969;7.14614805;2552.755836
1/10/2011;0.996746;7.60495113;1.20154879;159.0455516;1.89789112;7.65459341;109.9119209;16.64870053;0.61397164;2.91448821;12.92183832;13.40634744;34.83414656;10.93008049;2173.107805;5.71504252;12.94909128;2.86267118;1.99464856;1.25035305;35.22300406;7.68911663;6.06259141;5.66135008;1.81428191;7.58515834;2642.49789
1/11/2011;1.1134701;7.96736651;1.24907309;107.7706985;2.04614323;7.68072495;89.39524834;17.66959257;0.60285547;3.01205952;12.80339053;14.02796797;40.37356411;12.90717107;1899.418452;5.64260781;12.05935047;2.83347088;1.75203383;1.52064879;34.41874975;8.70279402;6.25577548;6.9753616;1.73186126;7.49462551;2307.425058
1/12/2011;1.07521553;8.77886015;1.55014932;124.6727925;2.07092515;8.13590952;90.69069908;18.44871856;0.73192931;3.04521166;12.07622569;14.6753167;37.37203146;23.31306394;1989.822768;6.92663568;13.64231536;2.53339956;2.16227574;1.50239195;36.74708356;8.32113284;6.77066221;6.61086471;1.58541097;7.71447722;2430.976466
1/01/2012;1.586748;12.9554176;2.08979797;161.1676954;3.30844533;9.68087712;114.8000688;39.36533571;0.99013936;4.12987518;19.92817107;18.41962738;46.80526851;17.12460334;2729.954364;7.92945352;18.52458879;2.86900909;3.75905467;2.32640205;52.05655868;11.45235833;8.14606709;9.07364727;2.02130373;10.07677125;3310.541649
1/02/2012;1.00049173;10.23637988;1.25781798;100.1601046;2.26225579;8.14149171;115.4425865;23.08592959;0.60820432;3.14926916;13.72291595;16.24433472;38.51301074;12.8242355;2137.303473;6.05460268;13.52110777;2.91923521;1.651681;1.473535;40.16493242;8.75988966;6.64434253;6.55064002;1.66034265;7.3556291;2580.708439
1/03/2012;1.35988336;12.44701956;1.25817349;133.1004893;2.54585473;9.92170586;148.7399692;96.60578702;0.70652079;3.5669366;17.81317036;20.72426271;80.03661789;17.45324843;3673.275746;9.46089531;30.33128841;3.50283326;6.24564493;1.63248232;99.27462095;13.19552211;7.6217938;9.33179665;2.93004277;13.37279237;4416.455098
1/04/2012;1.07272822;11.17057955;1.29083788;285.1399594;2.3018895;11.74759558;179.2507843;80.5052299;0.85365556;3.41256231;22.42720082;14.95162739;65.19902772;15.77641899;4691.837166;10.16236188;17.65745565;3.03379379;3.96435028;1.68747227;61.10147986;9.20346682;8.36419083;14.22873601;1.95150559;10.58645862;5528.878535
1/05/2012;1.3200411;8.32465177;1.31387992;95.77943483;1.95253119;8.71199091;112.3880564;17.50479606;0.59178411;3.0488062;12.83573315;10.09530683;39.46192026;11.79999718;2192.964082;6.0945511;14.26555536;2.86055175;2.35978822;1.50177273;32.57928562;7.14587696;5.48848256;5.78402583;1.74021336;8.31987527;2606.232991
1/06/2012;1.21017223;9.35388865;1.30948367;145.3531452;1.94036634;10.60172734;105.5545156;17.27352434;0.66397565;3.26866999;15.03342073;9.77287279;41.68561506;14.9128514;2005.512898;8.16781057;14.7032583;3.16954263;2.8326091;1.41028785;47.0220839;6.42410236;5.5232869;5.12085889;1.57473877;9.03857185;2488.434278
1/07/2012;1.13746126;10.25793018;1.45384799;109.1148314;2.27082922;8.79342126;104.2654504;18.09646348;0.71217904;3.56861086;13.71510737;12.3409909;46.64456685;14.77915751;2416.305451;7.35688014;14.94190513;3.73962982;2.70209804;1.44448022;39.33451935;11.92463003;5.70084133;6.42609158;2.12986196;8.43681377;2867.59405
1/08/2012;1.10472731;9.86513954;1.66612318;83.56654419;2.1162923;9.98267692;97.94411136;20.62267707;0.8470526;3.47157397;14.09975675;16.40650048;36.8673676;15.50551351;2118.750924;7.05502711;16.15182347;3.7257664;3.01619118;1.71690995;40.37927033;9.9695933;5.67723351;5.74871837;1.92504071;8.85729675;2537.039852
1/09/2012;1.37039304;9.54744659;1.79915931;96.78105605;2.45994419;11.2193776;95.49049731;20.58774884;0.93168159;3.88150396;12.86947579;15.02957996;40.34985659;15.13168343;2108.861998;6.74774779;16.34644708;3.8955805;3.10612143;1.48716691;45.86733739;10.55152508;6.40457049;6.53709473;1.74973849;9.16699227;2548.171724
1/10/2012;1.53022801;10.19991567;2.18629818;120.5881319;2.67084546;12.1589713;99.42048335;19.74504142;0.86913752;4.15188065;14.09554156;16.27958546;42.29903932;17.02732643;2274.309779;7.40788579;16.92564002;3.88969787;2.32324198;1.83390863;41.29904682;10.6839842;7.26319209;6.6516638;2.72722889;10.06220711;2748.599902
1/11/2012;1.45675785;9.53841534;2.04895378;101.7677962;2.78664325;12.33724708;99.80841262;21.38190205;0.84564578;4.1043658;16.70599501;13.30915675;42.76263299;17.21788945;2295.825607;6.97616455;17.71335704;4.08418747;3.22991116;2.03796234;46.66040583;11.00858728;7.78718261;6.85501671;2.31961796;10.55046777;2761.120282
1/12/2012;1.60094686;18.81290089;2.02134379;83.48099653;2.80943195;11.42082381;110.5207601;20.90601245;0.84311143;3.94864979;15.53949893;12.26767337;45.60636808;16.85779331;2423.184618;7.00108883;16.89554798;3.73227747;2.49140594;1.77128416;43.98939683;10.94048192;7.76444861;6.8713376;2.23118234;10.74921866;2884.2586
1/01/2013;1.98467831;13.7330909;2.6732581;116.0674426;4.54494566;14.00524794;140.9003802;39.94473711;1.1895455;5.69210052;23.22928834;17.46795665;50.02184305;24.2717191;2836.548426;9.29167683;21.66211435;3.894897;3.26312085;2.80549396;54.35262418;15.20996063;9.69515903;9.32332076;2.51180652;12.59061819;3436.875453
1/02/2013;1.64504684;9.01454982;1.88317009;106.9880689;2.75953768;10.27854266;125.233;25.25456716;0.89297424;4.17532462;21.73958974;15.3824338;43.68964247;17.17697762;2368.817378;7.59788668;17.36102136;3.73626315;2.43180687;1.79519185;42.76740269;13.13204114;7.32100392;7.50858324;2.1127227;10.0654719;2870.760199
1/03/2013;2.10665915;12.72001171;1.89962165;106.9548758;2.85505464;12.70440775;175.730935;26.65518312;0.81681824;4.78121391;26.68493355;15.7043313;59.50324792;21.33489613;3181.768207;12.58548933;20.20543451;4.56653861;3.05019044;2.18480107;56.44812506;14.07505843;8.70578898;8.99956413;2.5065597;17.54325744;3803.091204
1/04/2013;2.204997;11.87052326;2.309784;92.3343218;3.36433776;18.98364092;183.5057703;39.34785497;1.04202055;5.94916354;23.79480764;22.72030921;57.93022379;22.17491079;4018.362463;9.73870556;22.66406778;5.32883653;3.1459762;3.02723128;45.44395929;21.42218881;8.39660359;9.85149709;2.65348658;13.5753281;4651.143009
1/05/2013;1.77370409;9.3980573;2.38300282;59.5123338;2.40863465;11.64753882;84.06351153;24.60394577;0.91151421;4.45468083;15.24678118;13.21320385;37.11189795;23.72395594;2218.666011;8.54394306;17.14542964;4.13960029;2.36199555;1.93631037;28.35933258;11.90685096;6.06377646;6.77000794;1.97455577;11.3177202;2609.638297
1/06/2013;1.5670627;9.7735869;2.66250633;48.05588713;2.40330312;9.92899053;100.8084833;26.06154595;0.97929966;4.06692783;17.69101006;13.14514458;43.89220497;16.4332025;2072.037814;7.63554368;13.33962546;3.81436737;2.387316;1.96487766;33.40486923;9.64895198;5.64445918;7.34494;2.18390987;10.86526607;2467.741096
1/07/2013;1.57863872;10.17983242;2.38766907;59.48600816;2.78161568;10.9303916;107.8765556;26.11453259;0.85311367;4.31842439;17.55665058;13.06343671;36.65520519;17.62031627;2263.405942;7.561001;14.58915138;3.52562663;2.3588781;1.89643001;41.14494725;9.89990788;6.30630361;6.93666475;2.13330986;11.2023098;2682.362863
1/08/2013;1.74897573;10.06531688;2.50808499;56.74344675;3.11021204;10.64395102;106.1522132;24.93822527;1.02598472;4.70487363;19.41668251;15.40542513;37.95329091;17.75488743;2205.945492;7.2192708;15.18048198;3.87355052;2.21992507;2.19945977;36.71256757;9.70361151;6.37144496;7.06791456;2.54308479;11.63525618;2622.84363
1/09/2013;1.79697063;10.71919397;2.49293414;99.53715913;3.25107177;11.32419494;106.1291358;26.01405099;0.83221657;4.41322837;16.76192267;13.58937708;40.6636992;15.31374719;2317.576894;7.32866912;16.0055552;3.61526843;2.35540918;2.14808245;59.052257;10.46048825;6.31750364;6.61752344;2.20761385;11.55344348;2798.077611
1/10/2013;1.88606596;9.9173365;2.49095719;53.36627539;3.6524853;11.20682969;108.8161503;26.05982076;1.08716945;4.61994863;18.52780651;15.47158457;47.39287169;15.76491608;2358.931473;7.12183089;16.03557532;3.30218803;2.26824595;2.08001669;37.26108618;10.35066404;6.63110547;7.04917319;2.64164986;12.29098287;2786.22421
1/11/2013;2.15916954;10.64339998;2.54574991;65.6207778;3.38700437;10.74970945;104.2979899;25.55563717;1.09680656;4.73511536;21.14083185;15.04570856;40.25775579;17.91373004;2380.082388;7.57408159;17.74549324;3.22367816;2.16401927;2.0550651;40.41971667;11.40382958;11.18198114;7.93464728;2.00277985;13.30371491;2824.240781
1/12/2013;2.0553837;11.56012312;2.51107932;62.09053471;3.68638197;11.14285795;112.0532319;28.15383775;1.09625252;4.72527336;21.53461391;15.14849523;43.37152074;18.9374744;2499.931664;8.27329362;18.56798398;3.33782145;2.77639001;2.31591983;43.91090425;11.18408152;8.53594506;7.77064473;2.60146461;12.1357179;2959.408891
1/01/2014;2.89364681;14.64601195;3.28117227;143.6808697;5.63731798;13.41733692;130.8636466;36.79440234;1.57150839;6.2189144;29.29176091;19.24579918;54.13729625;23.20495178;2872.225392;10.36258931;19.53328833;3.45548192;4.03331842;3.11534035;49.02184398;13.93068312;9.26084071;9.62830024;2.9529677;16.02385062;3498.428532
1/02/2014;1.87678886;11.88804793;2.53531437;66.78198873;4.16014839;9.85254954;117.7903655;25.10676095;0.92229514;4.62024793;22.42985166;15.05439495;42.25561306;20.41293048;2421.158774;7.91920109;16.85844058;2.72264972;2.49900703;1.71740608;50.42037432;10.66968164;7.68745465;8.38474265;2.85253568;11.72990004;2890.307465
1/03/2014;1.90618598;16.11427338;2.81676832;101.3959963;4.49143514;13.94484809;143.6141789;32.28028666;1.05307968;5.57577393;33.78324012;18.71572868;58.34410635;25.99107873;4322.857659;13.80233576;21.41471437;3.06548142;3.16108208;2.63465113;97.82939964;14.12962362;11.11004752;11.62366072;3.38151011;21.03462707;4986.071773
1/04/2014;2.21469442;14.54208499;5.01276434;97.29085494;4.81227064;13.93351866;152.30714;53.36954136;1.12903948;5.9864334;38.11201141;19.42042159;56.13376471;29.30843199;4209.061498;10.24871305;20.61279557;2.51455842;5.33025232;2.63804922;55.27162329;17.30716384;14.15739004;10.72557767;4.09244319;15.23729969;4860.770336
1/05/2014;2.07151328;13.23957547;2.5870342;55.37152466;3.61250529;10.07308219;75.75275882;29.26386985;1.32506566;5.00475267;24.45161185;13.22844693;37.13800724;18.72003287;2125.649595;8.36330803;13.79477296;2.1377787;3.81023506;1.89765619;37.06091908;13.51689329;8.13529514;7.31283313;2.41918509;11.37046375;2527.308716
1/06/2014;2.23916279;10.28813208;2.47004291;66.43685814;3.46270747;9.42324256;84.01686111;24.68034058;0.88386709;4.68017228;21.3724837;10.70318885;34.96890896;16.5507549;2015.824944;9.38583282;13.16492204;1.7704117;3.11274633;1.93961071;38.88016019;10.49543573;7.80868074;6.30917135;2.48290065;12.63895062;2415.990491
1/07/2014;1.94179007;9.82812734;2.69497421;53.85097828;3.48244738;8.48165348;83.43133666;27.0510624;0.99817332;4.68039537;21.52589976;13.34506963;38.62590232;16.22092079;2180.946053;8.39937509;14.09793128;2.03883246;2.93424618;1.77040506;42.56583006;12.17472927;7.97889671;6.95802473;2.13174296;13.38579428;2581.540592
1/08/2014;2.09345232;10.75781421;2.5772811;59.91368071;4.30374643;9.28065939;91.08338713;26.98174272;1.04339756;4.52483616;20.91186733;17.11205532;40.31523378;17.20791572;3569.060566;9.83814807;13.46091935;2.29059456;2.54484686;1.93323511;34.15883302;13.81574956;10.390138;6.81380311;3.88832891;12.07000841;3988.372241
1/09/2014;2.07193482;10.25247041;2.49320709;56.66837836;4.58063843;10.32242817;92.69847492;34.81103617;1.04725741;4.67227663;20.33864791;16.85611891;39.54531654;18.35754105;2272.460039;11.97997005;14.5766023;2.75167796;2.92566148;2.01352591;36.80002529;13.6126865;8.57233426;7.76997732;2.98048167;12.73025786;2703.888966
1/10/2014;2.17694001;10.89593265;3.27077971;63.6297486;4.56774711;11.21830115;88.14789111;28.76870437;1.04696868;5.74054311;21.54355305;17.35275285;45.02480732;18.39879823;2294.70066;8.38461831;15.09570069;2.78935818;3.21436635;2.01337748;35.56596565;15.34890687;9.98706172;8.01638859;3.23602172;14.24170799;2734.377602
1/11/2014;2.24575172;10.64807794;3.42623216;280.2881547;4.66405074;11.06132846;98.69012848;30.12673744;1.13040142;5.13632947;21.11599524;16.27035456;45.52426741;18.01256061;3473.382571;8.90456613;14.38701713;2.63563067;3.17688837;2.11636098;34.59673841;12.64952166;9.78194413;6.93681185;3.56076204;13.97152218;4134.440705
1/12/2014;3.2229415;11.06383198;3.51040222;86.79812244;4.97860461;12.81298081;106.1511534;30.18303902;1.45678477;5.76971963;21.99320198;17.32686036;48.56709155;22.74757429;2338.856237;10.35406888;16.65736555;2.76962613;4.30696505;2.9250195;35.868288;11.9525969;9.58770861;7.62149116;3.42904271;14.70094247;2835.611661
1/01/2015;3.32453717;12.95411743;4.31981601;89.17334455;6.65599285;15.49248154;140.8341764;36.11162992;2.8114006;7.12376591;30.80646951;21.68191868;65.51174073;21.09348971;3081.157527;11.34960838;18.50265726;3.19726259;4.83636827;3.1910021;41.37944494;17.89879789;12.98634613;9.95146618;3.97888365;17.60008239;3683.924328
1/02/2015;1.76712486;8.70460799;2.78778343;76.9854922;3.48677222;9.59100789;99.02470099;26.25906663;0.8605244;4.49589739;19.43866755;15.66131635;49.60542056;16.33544781;2388.09057;8.87870042;14.93743128;2.42190537;2.72923227;2.07886096;30.28788299;14.09996627;9.53157061;7.70978845;2.53073508;12.46049795;2830.760972
1/03/2015;2.11498943;12.77862873;3.32957334;105.9679207;4.70752189;11.8725081;150.2207866;32.69471227;0.96100386;5.98989466;103.4995603;19.44805561;75.56093642;26.80370087;3453.506146;12.01240203;18.82245036;3.22060757;3.68472255;2.8854972;53.53814488;18.20476513;10.73997265;9.81116906;4.83005422;16.77160004;4163.977324
1/04/2015;2.20229618;13.40960951;3.8937847;127.1569583;4.63896451;13.11563218;153.7247871;98.01728262;1.12259875;5.43377725;30.12812782;29.3103791;125.4536997;25.18929181;3574.870555;9.80691234;24.31646108;3.03458295;3.59901325;2.44295814;43.26187511;14.39024143;10.85550823;9.5048865;4.46253915;16.31655213;4349.659275
1/05/2015;1.96984408;8.57870538;3.15890141;63.82300288;3.54458437;7.99402907;72.00053896;24.75731634;1.01469651;4.09553985;19.83080073;14.64705678;48.50066271;15.34271072;1811.008996;9.24316899;12.6782405;2.88355566;3.05614896;1.53183507;29.58762972;11.74279545;7.75056707;6.3298306;2.8741338;10.43469034;2198.379982
1/06/2015;1.84430615;10.62096317;3.31574762;55.95596771;4.02528244;9.52329431;79.19888409;24.59023714;0.90987072;4.88769919;17.14561285;13.40715515;57.84059907;15.6986064;1845.486141;8.32557453;13.92593898;3.18284542;2.51972874;1.61051007;32.51608569;12.01451843;7.64769893;6.31369604;3.18510494;11.25013022;2246.942199
1/07/2015;1.93241522;9.20446872;3.14183679;64.54674519;3.86286686;8.91610628;79.78678557;23.96262435;1.2560155;4.87338086;18.60898033;16.87203024;52.50006043;13.51422835;2012.893929;8.63794311;14.4186588;3.10907786;2.41933719;1.82867815;28.90703999;12.1540361;7.93825042;7.22391776;3.20950257;12.39605309;2418.114969
1/08/2015;1.77863604;9.66024324;3.37256419;66.03329522;4.55658851;10.83840007;81.20542813;26.09818592;1.19913963;5.55351501;19.93965281;18.85311163;51.58112936;15.80194238;2258.200598;9.29785613;14.82023422;2.75018647;3.15543426;1.96210101;29.40698058;13.738939;8.85974203;6.7326849;2.96079332;12.81833028;2681.175712
1/09/2015;1.74217163;10.53021905;3.34601454;71.13385858;4.75121431;12.53194658;86.21344197;26.92893378;1.23804582;5.22630358;21.1082914;19.32855582;53.13404068;15.53360066;2014.893825;9.30495776;15.87573282;2.87538086;2.74733121;2.15508549;29.5173426;13.03451019;8.90299158;7.33918624;4.09955629;12.80456977;2456.297108
1/10/2015;2.22399226;9.82907716;3.53375415;69.90835211;4.48551342;12.20205494;86.75663816;26.07131288;1.44314065;5.37378567;18.31599089;19.01717407;67.45634402;15.5665877;2103.985858;8.4895863;16.24789035;3.14116701;2.82382927;2.35655387;28.63510074;13.04254526;9.31349894;6.88918256;3.62865272;12.78822113;2553.525804
1/11/2015;2.14601463;10.00886755;3.72493796;69.25891718;4.33220298;11.98232344;96.68488334;29.11483392;1.38888739;5.87789502;19.77032817;19.87217406;66.11973616;17.00388294;2038.203924;8.85696977;14.61537921;2.94686433;3.12214195;3.48846305;31.99057229;13.65064901;9.73285457;6.82018331;3.37475783;14.68102115;2508.769665
1/12/2015;2.55166244;11.4468891;3.60487966;73.01242382;4.6373978;12.54970956;100.132434;30.06375164;1.4058914;6.47281539;20.99574885;21.22967824;61.9136945;19.57385013;2164.505519;10.40412785;16.18448546;2.85565149;3.64556715;3.24053316;34.38542651;13.44027361;11.32386967;6.76197509;3.48287264;14.09101775;2653.912146
1/01/2016;3.11003407;12.50196445;4.2862971;84.0011903;6.6369782;14.76572258;120.2072911;33.63840987;1.93721632;6.6917398;27.04488624;23.44890231;80.96176966;20.66391174;2948.946785;10.98582154;19.50075727;3.91087024;4.46281086;2.78944534;48.19869336;16.27981677;12.41060361;9.53805162;3.99365806;17.37158983;3538.285217
1/02/2016;2.45454844;9.61398935;3.15846464;77.93079037;3.71456899;11.12338014;94.12046659;36.06968123;1.29555142;5.00218411;21.00699515;22.17291973;65.59252233;19.01836195;2441.58744;9.28787239;15.77458334;2.97419637;2.80087754;2.37059308;38.5779103;16.19279589;10.35318222;8.31390827;3.18803517;13.57170356;2937.267523
1/03/2016;3.17664508;12.56928062;3.84070442;101.7178443;5.40149691;13.3575602;173.0241045;37.40804569;1.01612491;6.22734522;38.19845095;25.06328864;104.8260708;24.13166794;4061.246033;13.6664;27.5439;3.8494;3.4521;3.2671;53.0122;20.3629;15.8620106;10.68676207;3.9286;18.1501;4784.986136
1/04/2016;3.21734743;12.56979417;4.57634374;131.843661;5.90008995;16.00942503;177.5365432;39.06877903;1.3191;7.86705788;35.6209;26.0933;104.9331;32.89473337;4297.2181;16.22032596;25.4963;5.6724;6.8704;3.7072;54.0193;22.3698;14.6462;18.0626;4.3117;13.0514;5081.095901
1/05/2016;2.53622503;9.58906928;3.42624938;68.58112701;4.31628796;10.19208619;98.14932789;23.25266352;1.16217201;5.69723772;23.14314535;16.65838098;93.69807092;18.12021029;2014.485197;9.63253442;15.63129088;4.50196279;3.68024432;2.79314876;29.5361156;14.9737224;9.15201539;7.81854689;2.94118978;33.04220073;2526.710423
1/06/2016;2.42768669;9.06680944;3.44369153;58.1356593;4.30667519;9.48295557;84.34613203;24.28027567;1.10288055;6.08213819;22.67862296;19.25274969;58.16405878;15.84817083;2079.209688;8.30806838;14.64749138;3.35345356;2.54776426;1.82540463;26.52634658;13.9295518;8.67246345;6.98452447;3.08878388;13.4814557;2501.193503
1/07/2016;2.15237408;8.91434562;2.9971027;66.32160656;4.18085047;9.12185386;78.66863223;24.598786;1.19103873;5.18247269;19.44937509;19.66831984;44.22678479;16.41275296;2010.820607;9.1804315;16.94953649;3.83290752;2.62642898;1.88938195;23.83245992;14.43106939;9.08459231;6.30342491;2.45095524;14.11774822;2418.605839
1/08/2016;2.49277257;9.77711221;3.7402758;71.74862795;4.61159877;10.78455224;91.48537356;26.53512001;1.10804869;5.97967955;25.53609389;19.64608118;42.90228671;17.3895898;2039.559216;10.34432119;15.89797141;4.76362599;3.05270667;2.63473842;29.28515237;16.10683683;10.54004879;8.00006546;2.38506084;15.01193655;2491.318894
1/09/2016;2.57438302;9.04687261;3.27805546;68.59856091;4.52319707;10.94044483;89.11463336;30.29441236;1.22416984;5.73590129;23.89596867;21.05371537;50.29289768;17.23596521;1927.213255;8.86118331;15.50706994;4.0769604;2.94403353;2.18447424;29.19117746;14.43833347;10.79233933;8.14288016;2.50943722;14.5564957;2378.226817
1/10/2016;2.45714024;9.0996456;3.44017403;71.35305087;4.46340573;10.93250996;91.2206975;25.86542965;1.1865226;5.71622739;21.87984672;19.563486;47.85172142;15.92155848;2007.834747;8.70165312;15.20185599;4.2246875;2.7746741;2.25473302;29.16853448;12.85326336;9.83583242;7.1262592;2.20767405;14.32192379;2447.457254
1/11/2016;2.62116163;9.84013125;3.64427224;70.82551951;4.55766488;10.87789346;99.51844531;26.78066701;1.36729735;5.81692569;21.49209093;20.26682274;51.02526504;17.37133298;2000.561388;9.11896162;15.88479266;4.02163715;2.94286805;2.4908148;29.96699902;12.93215391;10.53887068;7.93376147;3.0169458;15.12007789;2460.534761
1/12/2016;2.76486803;10.89924309;4.05614827;71.47368963;5.92541947;11.07394678;98.41651445;28.48131229;1.4333107;6.37423617;23.92309186;21.77367223;48.12720785;18.83889809;3172.753159;10.91300508;17.22232539;3.86303402;4.41236972;2.66759723;32.96687395;13.45178953;10.74546896;7.80475061;3.00888139;14.71469697;3648.085511
1/01/2017;3.38100407;12.20968556;3.89276271;90.396902;6.89868287;13.77083878;133.4517362;193.752183;2.04777082;7.94300809;28.25218218;25.58551109;57.02843218;22.48720495;2942.2805;12.5120808;20.20288823;4.06898165;4.39210621;3.37595821;46.21023818;17.49034335;13.81024451;9.97577884;3.50441644;17.58935658;3696.510798
1/02/2017;2.14337623;8.80139548;3.47335028;73.50584558;3.98680807;8.84083502;94.75948779;37.3091421;1.18915763;5.3024644;20.20356526;20.48978765;44.37916348;15.07568309;2388.504817;9.02564971;15.34435882;3.55089905;2.7125198;2.15834851;37.07737919;15.76233693;10.0057149;8.34692533;2.13647249;13.38918561;2847.47467
1/03/2017;2.67223409;8.46890766;3.38400894;173.8504877;5.14913165;9.30831475;156.4560602;39.88818555;1.54786699;5.99020412;36.07312977;23.21997462;56.04129143;15.30978265;3479.014009;11.87802424;23.59691421;4.03028443;3.88271037;2.56110117;36.33607087;20.83219253;14.5741035;11.13379923;2.3635394;17.19774141;4164.760071
1/04/2017;2.09846155;9.74389339;3.41164109;112.9025379;4.24304628;9.32524255;196.6800242;89.75215412;1.29137686;5.26872005;44.4864223;20.85046034;43.50770731;16.4150738;3783.827606;10.55111134;20.32887297;5.34310451;3.36882453;2.89426299;34.25087463;13.95080806;12.81533381;8.38114176;2.06521246;12.60689046;4470.360805
1/05/2017;2.3977318;8.17794517;3.22061232;65.19746756;4.28103232;8.99698227;116.8629223;23.58766016;1.27814;5.95123557;17.97009026;13.02300548;43.25903605;13.61101746;1958.428624;8.1128124;13.57666725;4.15312218;2.54388355;2.5452489;21.77329968;18.29248961;8.95897401;5.67845804;2.47341037;11.8991663;2386.251035
1/06/2017;1.81755602;7.74026382;2.77311903;62.95317021;4.55851737;7.44507933;101.8636915;21.7044975;1.17100693;4.89668402;15.75353178;13.79682895;36.8882312;14.7723101;1875.56813;8.54068324;14.90520458;3.6235777;2.46189623;1.96060628;24.44141593;10.83990272;9.15415746;5.05837474;2.29232209;13.233121;2270.21388
1/07/2017;1.99154156;9.31596606;3.23554862;64.74730272;4.47187671;8.85689518;112.4065482;22.39105433;1.15176252;5.10514307;22.50362456;14.23143636;69.55464569;18.9873962;2000.005783;7.6805117;14.42275565;3.67221409;2.49447046;1.7166299;31.72037386;10.84354919;9.11269397;5.6358661;2.16065695;13.46216246;2461.878409
1/08/2017;2.41537211;9.67019017;3.06452636;68.70070307;4.18825002;10.42232866;112.2496876;27.87701407;1.35921672;5.34090703;29.01459134;16.29644691;51.61480951;17.99167129;2009.661014;8.46591929;14.31631901;4.13940829;3.00441032;2.36475491;35.32139183;10.99275871;10.53260985;6.9881934;2.38878358;14.58653672;2482.967814
1/09/2017;2.17754238;9.84253424;3.43149494;69.31274737;4.39882569;10.94829202;114.2651668;23.93313802;1.32379189;5.72445072;29.28919116;17.92832875;47.54236946;18.57925256;1964.970941;8.52000655;14.76101133;4.43665408;2.58341749;1.92222994;35.10739606;12.4547344;9.99080879;10.70690898;2.68256888;13.28626022;2440.120064
1/10/2017;2.52215129;9.74869542;3.36324077;74.60569918;4.58975528;11.72088703;114.0247782;24.76850081;1.30816507;5.70851013;25.82158504;17.74666676;57.69479817;17.57367113;2256.976753;9.17228057;14.87369387;4.43411273;2.5626951;2.21717412;33.32162425;11.88685438;11.02780506;7.36111108;2.51929776;13.68780049;2741.238307
1/11/2017;2.49190352;10.35464197;3.66807042;78.63000193;4.50127826;11.22065354;115.3433071;28.68418564;1.27472921;5.86798961;26.0491092;19.79893009;69.65595678;19.8703725;2355.735514;9.93142719;15.51198869;4.56150801;2.76916428;2.2242603;42.33442458;11.27505458;10.50642953;7.36338281;2.82310628;12.52755624;2874.974946
1/12/2017;2.59443567;10.62295355;3.02711981;308.0830743;4.66707119;12.43895599;118.6669584;28.48844107;1.32730325;6.31638453;26.94475367;18.70215621;54.88641835;18.46159709;3185.869622;10.07110421;15.68993372;4.18966007;3.32099269;2.38779777;34.9804209;11.50002637;11.11729024;7.69202382;2.70184561;13.9136972;3918.662038
1/01/2018;3.35855018;12.03023712;4.71426448;90.11658353;6.59833402;15.20284091;150.0657028;34.68664;2.07580813;7.41949978;35.31754249;25.77217749;66.56205361;21.96481277;3293.370795;13.50083263;22.45800253;4.8580028;3.87636614;3.13202115;49.90709177;15.75272893;14.23272213;10.66854589;3.59677443;17.80409679;3929.043027
1/02/2018;2.42190415;10.42787767;3.45290921;76.270303;5.14773168;10.72860678;115.4853475;29.37014944;1.50510713;5.86696542;27.19681241;21.09497448;57.37264344;19.49362046;2640.791437;10.38532975;17.29518638;4.10436952;3.2515881;2.50070995;44.0243221;15.38971287;11.04346705;8.24338111;2.78625057;14.33146438;3159.982171
1/03/2018;2.87631223;12.12613508;3.57372293;106.5227664;5.82082113;14.19719793;151.1781641;35.86766408;1.94010569;5.92622608;46.667495;24.67371057;69.10741662;24.01617965;4028.189192;16.81161883;27.01935026;4.9664559;3.42756254;2.37468276;51.48242987;20.01866716;12.7060112;10.15257385;3.88205992;37.48214425;4723.006666
1/04/2018;2.69953416;15.74543675;4.71569127;610.6239625;6.83160636;14.86272905;253.4736645;208.6317115;1.7423641;7.78260257;42.01167787;22.66181102;67.14573928;26.66577171;5398.16242;14.99295541;20.36731191;5.45638758;4.58101599;3.66222292;52.3857097;19.04553483;14.35823049;16.43856797;4.46433776;20.31842704;6859.827424
1/05/2018;2.51105498;10.66421396;4.13206182;77.78675271;5.16296706;11.13624902;108.1270498;31.65237024;1.6100833;5.3607695;25.54627293;18.257939;33.86923773;17.31288109;2299.76615;10.03458282;14.09957857;4.13030756;2.72766778;1.88021851;30.77818796;11.72794792;10.36900682;8.63150203;2.26476955;16.37180509;2765.911628
1/06/2018;2.02856472;9.44393364;3.31580454;60.15664883;4.2667122;9.79379614;133.0295919;20.08861883;1.46958542;5.29832946;23.0627503;16.90786745;35.10448667;13.71077031;2282.138965;8.43997892;12.20409737;3.61162638;2.94168281;2.84611452;34.54226188;11.88812974;8.71750304;6.89330424;2.0642825;15.71479559;2729.680202
1/07/2018;2.53685436;10.00903041;4.27161334;71.49603122;4.84385429;10.0467771;117.9575773;41.84379976;1.64398344;6.06806844;20.31149122;17.45612878;37.94414984;15.64773492;2390.973229;10.21213398;14.68315019;3.89747538;2.90111011;2.11981367;36.58191276;12.56352472;9.7595893;7.62472782;2.52735184;17.73678973;2873.657903
1/08/2018;2.59631752;9.75659313;3.24912773;80.92237142;5.11824327;11.53335593;120.8236145;27.3062209;1.68009338;6.5732867;28.85629903;21.30504482;43.1495754;15.15021875;2268.752338;9.54662089;12.98180778;4.03984745;3.00556886;2.11519008;31.92475796;12.27571629;10.58076293;8.09678821;2.33968304;15.60022649;2759.279671
1/09/2018;2.35594081;9.96727238;4.19865891;122.0736904;5.2028259;11.45527442;115.9523443;22.06219625;1.40939376;6.12881749;26.28264841;18.8851987;40.98373948;13.95519269;2228.775753;10.44720457;13.56576;3.71000187;2.70346137;2.06911177;31.73490579;11.4044135;11.00371115;7.44556695;2.22151247;12.33588852;2738.330485
1/10/2018;2.80204496;10.87407552;4.10359031;75.83523094;5.21175398;13.14348504;118.3346657;25.72950447;1.96270966;6.76398165;25.85589428;20.4440091;41.9118303;15.98031913;2397.091144;9.27293543;14.1126172;3.85158022;2.87136112;2.5096004;32.03108667;11.61615396;11.56859879;8.19575944;2.6713617;16.52535839;2881.270653
1/11/2018;3.15749031;11.23907079;3.50795787;91.16647387;5.40986529;13.35911202;116.8644025;26.75942912;1.72361922;6.70871966;21.22375863;21.81464431;44.83804665;17.07555376;2368.943688;9.79072554;14.28001532;4.17942352;3.15382267;2.39883366;34.73227692;13.012231;11.64002799;7.9943495;3.00322838;14.26558244;2872.242349
1/12/2018;2.71057334;12.76514259;4.29191983;161.0906664;6.3155442;13.48599213;125.0428956;28.13332204;2.01760723;6.82978346;28.53398891;21.42306949;48.11580079;21.20553033;2697.484941;11.01977534;15.49579052;3.63817273;3.70958949;2.24517935;40.626327;12.9707213;11.9438011;7.7903419;2.92628842;14.10803191;3305.920797
1/01/2019;3.50445501;14.16874017;5.08169562;95.85060502;7.6423917;16.14180915;164.7921423;33.7143578;2.18710854;7.8190404;28.40868641;27.88124658;66.39739286;20.52624151;3479.104348;13.16204044;17.40241943;4.65571471;5.91335249;2.91800511;45.3283562;16.21888045;13.14519374;10.43891105;4.19839526;13.01252461;4119.614055
1/02/2019;2.42070365;11.28439543;3.18296702;84.8654306;4.62972734;10.68219953;139.6338815;55.34528252;1.26861472;6.25087009;25.19448862;21.43845897;52.16177392;17.69729418;2575.634666;9.89151376;15.86260799;3.98792527;3.10907087;2.08887441;40.12572307;12.24775943;11.46735472;10.11741272;3.06321652;10.68059637;3134.332809
1/03/2019;n.d.;n.d.;n.d.;n.d.;n.d.;n.d.;n.d.;n.d.;n.d.;n.d.;n.d.;n.d.;n.d.;n.d.;n.d.;n.d.;n.d.;n.d.;n.d.;n.d.;n.d.;n.d.;n.d.;n.d.;n.d.;n.d.;n.d.
1/04/2019;n.d.;n.d.;n.d.;n.d.;n.d.;n.d.;n.d.;n.d.;n.d.;n.d.;n.d.;n.d.;n.d.;n.d.;n.d.;n.d.;n.d.;n.d.;n.d.;n.d.;n.d.;n.d.;n.d.;n.d.;n.d.;n.d.;n.d.
1/05/2019;n.d.;n.d.;n.d.;n.d.;n.d.;n.d.;n.d.;n.d.;n.d.;n.d.;n.d.;n.d.;n.d.;n.d.;n.d.;n.d.;n.d.;n.d.;n.d.;n.d.;n.d.;n.d.;n.d.;n.d.;n.d.;n.d.;n.d.
1/06/2019;n.d.;n.d.;n.d.;n.d.;n.d.;n.d.;n.d.;n.d.;n.d.;n.d.;n.d.;n.d.;n.d.;n.d.;n.d.;n.d.;n.d.;n.d.;n.d.;n.d.;n.d.;n.d.;n.d.;n.d.;n.d.;n.d.;n.d.
; ;;;;;;;;;;;;;;;;;;;;;;;;;;
