;Ingresos tributarios recaudados por SUNAT - tributos internos según departamento - Amazonas (millones de soles);Ingresos tributarios recaudados por SUNAT - tributos internos según departamento - Ancash (millones de soles);Ingresos tributarios recaudados por SUNAT - tributos internos según departamento - Apurimac (millones de soles);Ingresos tributarios recaudados por SUNAT - tributos internos según departamento - Arequipa (millones de soles);Ingresos tributarios recaudados por SUNAT - tributos internos según departamento - Ayacucho (millones de soles);Ingresos tributarios recaudados por SUNAT - tributos internos según departamento - Cajamarca (millones de soles);Ingresos tributarios recaudados por SUNAT - tributos internos según departamento - Callao (millones de soles);Ingresos tributarios recaudados por SUNAT - tributos internos según departamento - Cusco (millones de soles);Ingresos tributarios recaudados por SUNAT - tributos internos según departamento - Huancavelica (millones de soles);Ingresos tributarios recaudados por SUNAT - tributos internos según departamento - Huánuco (millones de soles);Ingresos tributarios recaudados por SUNAT - tributos internos según departamento - Ica (millones de soles);Ingresos tributarios recaudados por SUNAT - tributos internos según departamento - Junín (millones de soles);Ingresos tributarios recaudados por SUNAT - tributos internos según departamento - La Libertad (millones de soles);Ingresos tributarios recaudados por SUNAT - tributos internos según departamento - Lambayeque (millones de soles);Ingresos tributarios recaudados por SUNAT - tributos internos según departamento - Lima Metropolitana (millones de soles);Ingresos tributarios recaudados por SUNAT - tributos internos según departamento - Lima provincias (millones de soles);Ingresos tributarios recaudados por SUNAT - tributos internos según departamento - Loreto (millones de soles);Ingresos tributarios recaudados por SUNAT - tributos internos según departamento - Madre de Dios (millones de soles);Ingresos tributarios recaudados por SUNAT - tributos internos según departamento - Moquegua (millones de soles);Ingresos tributarios recaudados por SUNAT - tributos internos según departamento - Pasco (millones de soles);Ingresos tributarios recaudados por SUNAT - tributos internos según departamento - Piura (millones de soles);Ingresos tributarios recaudados por SUNAT - tributos internos según departamento - Puno (millones de soles);Ingresos tributarios recaudados por SUNAT - tributos internos según departamento - San Martín (millones de soles);Ingresos tributarios recaudados por SUNAT - tributos internos según departamento - Tacna (millones de soles);Ingresos tributarios recaudados por SUNAT - tributos internos según departamento - Tumbes (millones de soles);Ingresos tributarios recaudados por SUNAT - tributos internos según departamento - Ucayali (millones de soles);Ingresos tributarios recaudados por SUNAT - tributos internos según departamento - Total (millones de soles)
1/01/1994;0.048656;2.962619;0.035916;33.239988;0.17145;1.086572;7.416201;2.193534;0.094765;0.385272;6.01672;2.751234;13.240259;10.218999;563.175193;2.540564;2.752564;0.079161;0.88481;0.308986;5.917001;0.55521;0.543108;2.2059;0.246804;1.23845;660.309936
1/02/1994;0.087547;4.190753;0.047726;18.917806;0.232118;1.064957;6.769606;2.478616;0.107448;0.420047;4.961562;1.911322;11.945052;6.480308;488.767353;2.576452;2.962143;0.090383;0.739492;0.213663;6.098867;0.636933;0.664531;4.462069;0.271407;0.977892;568.076053
1/03/1994;0.098144;5.105156;0.073677;23.818429;0.253923;1.04429;5.951771;2.855011;0.119258;0.502035;4.858141;4.275514;17.740585;11.304614;493.591844;2.783109;3.146581;0.082572;0.879827;0.236901;5.559342;0.93526;0.594497;6.424263;0.423324;1.309621;593.967689
1/04/1994;0.160192;6.721122;0.114128;30.435338;0.404286;2.375888;11.187499;4.150454;0.139599;0.827875;6.976137;4.036898;17.922331;9.516237;708.574742;3.844435;4.950247;0.127974;2.034773;0.324505;8.267456;1.16034;0.950075;5.919131;0.671608;1.245039;833.038309
1/05/1994;0.147265;5.45884;0.088017;30.655565;0.316707;1.217799;6.71074;3.09573;0.148488;0.541809;8.12548;4.030154;16.253184;8.128194;521.420977;3.489206;2.128704;0.086663;0.894403;0.293033;6.781915;1.001981;0.806044;3.647755;0.27599;0.982206;626.726849
1/06/1994;0.152043;4.965068;0.119888;24.819243;0.319696;1.425;7.180813;2.828718;0.157642;0.540956;5.769814;4.047568;14.264339;9.03109;500.555825;3.784951;2.66806;0.134801;1.04007;0.32204;6.631731;0.828132;1.048053;4.648941;0.322177;0.983204;598.589863
1/07/1994;0.146618;5.425873;0.123238;28.733865;0.444976;1.695877;6.871071;3.99631;0.151135;0.538045;6.454171;4.172809;18.794232;9.568835;510.798904;3.675949;2.308051;0.10631;0.75692;0.379977;6.650165;1.004149;0.645647;4.575058;0.300705;1.018205;619.337095
1/08/1994;0.135708;4.674585;0.142089;34.802753;0.436737;1.507709;6.984583;4.598653;0.19519;0.553384;6.560566;6.04449;20.529824;12.490856;633.206499;3.761931;2.348956;0.111458;1.008125;0.430801;7.544983;1.329966;0.820997;7.033617;0.374785;1.307389;758.936634
1/09/1994;0.154111;6.218355;0.131207;31.644749;0.452094;1.755347;6.796041;4.468265;0.213227;0.535372;7.438356;6.154949;17.830861;11.196807;592.580921;3.766383;3.097594;0.201548;1.472507;0.333523;8.258282;1.732043;0.820244;5.729757;0.492652;1.50297;714.978165
1/10/1994;0.15817;5.77092;0.144158;35.867836;0.498047;1.739594;7.110295;4.5473;0.17916;0.623894;6.999189;5.978445;19.806339;11.100249;598.013807;3.111613;2.822885;0.178365;1.147062;0.387738;10.33272;1.870313;0.844464;4.537052;0.553405;1.880399;726.203419
1/11/1994;0.168201;6.437577;0.155177;23.917987;0.601375;1.333871;7.263454;4.813378;0.178965;0.704467;7.838014;6.426714;18.619423;12.093992;618.794238;3.484296;2.59098;0.197627;1.505154;0.338945;8.877638;2.119327;1.366516;9.468193;0.430842;2.442083;742.168434
1/12/1994;0.189967;6.299054;0.165101;39.451786;0.487456;1.463617;7.607468;4.745354;0.227308;0.911972;8.161306;6.153755;22.033064;13.152293;676.052546;3.347283;3.127653;0.200677;1.528642;0.411862;8.604061;2.030354;1.310895;5.771589;0.551411;1.869061;815.855535
1/01/1995;0.20040703;7.09143253;0.20387095;33.50317399;0.54536543;2.40048723;9.97688406;5.27243881;0.2615968;1.11640127;9.53570055;6.55841734;28.58139748;14.32798407;772.104642;3.85248394;3.42634806;0.21628226;2.20496865;0.60767934;10.25868471;2.03760866;3.17194649;9.21698608;0.64426095;2.86163683;930.1790855
1/02/1995;0.19356316;6.60792796;0.16384615;26.39537362;0.49745772;1.59185451;9.97688406;5.04127732;0.22792165;0.99154124;7.21927782;5.37023104;16.92105222;10.66685616;592.8055333;3.62657391;3.39233983;0.2596192;1.50016463;0.36315852;10.21685718;1.60009632;2.33242433;6.61849908;0.5051028;2.51369542;717.5991291
1/03/1995;0.19901979;4.59361295;0.17707566;36.53079695;0.55093309;1.62525394;5.83285322;7.10946441;0.22961395;1.10717152;7.6949997;6.35678067;18.08670587;12.40071139;677.6411629;3.9991391;3.58256814;0.2752492;1.56090441;0.42326327;8.76598684;1.64864328;0.90511973;29.23558656;0.57306584;2.67197778;833.7776601
1/04/1995;0.24839277;6.62446902;0.24311939;56.32674788;0.96343858;6.75206293;6.54504596;6.83171474;0.22488093;1.15754153;10.66636974;6.31983864;40.77292783;13.66517141;819.7443965;5.32885971;5.83067908;0.42839306;1.96203047;0.60241176;16.48527959;2.13055068;1.97957753;7.44486195;0.70545937;4.074742;1024.058963
1/05/1995;0.20379587;6.24672424;0.21049227;36.53255854;0.52514384;1.71268774;8.36776742;6.13922039;0.22417439;0.9070614;7.53553719;5.7809944;30.62985431;11.65172197;680.7591507;3.67579232;3.20944444;0.22482871;1.63602467;0.40625259;12.62128447;1.77578966;2.01789666;8.43585163;0.75190309;3.20880654;835.3907595
1/06/1995;0.209767;5.48752047;0.20397793;34.72100755;0.55158116;1.87870166;5.48258145;5.93294828;0.2408455;0.94810193;9.04454919;4.58129102;26.44686703;10.07940304;645.6410154;3.70477266;3.50830507;0.25844205;1.60617394;0.4226699;11.25389488;1.50873445;1.62976588;7.25441446;0.71936764;2.678768;785.9954676
1/07/1995;0.18282229;6.34110546;0.22426295;44.67140759;0.58601597;3.31821677;6.20183835;7.81718544;0.2032396;0.92670022;8.1524947;5.84255805;19.43109291;14.05493752;646.7644908;4.03857505;3.08050804;0.22266926;1.144447;0.465901;11.62560835;1.70688352;1.36954279;6.60375922;0.59599215;2.37324362;797.9454987
1/08/1995;0.223432;6.02490664;0.20643288;38.38281269;0.58680321;2.10774316;5.97471972;8.30814612;0.2309036;0.97721863;7.7095667;6.23674373;17.66578403;15.1774552;637.048254;3.32290057;3.66996493;0.28324608;1.30197876;0.56285979;10.70101783;1.74658482;1.40895034;10.41186012;0.68472919;2.8076446;783.7626594
1/09/1995;0.2173488;4.68923356;0.23703273;38.05279447;0.61222726;1.9721318;5.92947529;9.58900234;0.4114456;0.84702423;7.37156593;5.60914415;17.26748987;12.48831846;667.4538067;3.75459493;3.70199086;0.2124438;1.07830119;0.4720335;10.38805365;1.63391746;1.26728476;6.92468889;0.82652366;2.35573238;805.3636063
1/10/1995;0.270932;5.98021521;0.2160893;38.67499701;0.66047995;3.49907514;7.02004996;8.46336495;0.3286728;0.892907;8.10553262;6.29297263;21.66044261;12.33699644;704.5309114;4.16678561;4.56908795;0.243691;1.1671067;0.55510411;12.41300721;1.72174693;1.32318945;7.39401489;0.95487167;2.60486331;856.0471078
1/11/1995;0.261715;8.90763882;0.21319896;39.10924465;0.70262895;1.88649258;7.32377553;8.37923357;0.34583097;0.88353134;7.63586851;6.11132052;21.85283876;11.08934138;657.3891366;3.72767644;4.42752577;0.34835404;1.010672;0.54677204;12.04279854;2.34692103;1.62908836;7.83767089;0.62884889;2.50059659;809.1387207
1/12/1995;0.2062275;6.48026877;0.20251402;43.13784016;0.66911553;1.79873107;6.81066963;10.76729706;0.26576868;0.869461;6.36479146;4.98333033;18.80699149;9.94588982;1006.10733;3.18361577;3.484097;0.253788;1.00798106;0.411972;11.15511624;2.22794925;1.4281416;7.05808798;0.84868434;2.28211425;1150.757774
1/01/1996;0.231857;8.32106554;0.23325732;48.70395776;0.72662132;4.6923095;6.52376506;8.14027815;0.302287;1.17558306;10.2139531;6.98047784;33.24912847;14.99255277;826.4051062;5.18170731;4.24334193;0.366018;1.625072;0.79427017;12.71170684;2.53186835;1.75583994;10.51839097;0.980281;4.50703678;1016.107733
1/02/1996;0.240291;8.5551844;0.19559437;36.29645311;0.754881;1.98137982;6.8454614;5.6891242;0.29877619;1.23163844;8.23301429;7.8276469;23.78278565;9.9083572;731.5836514;5.11402742;4.3060854;0.28638531;2.12146;0.54820598;14.29292201;2.74035075;1.74025986;7.58358785;0.824605;2.9188637;885.9009926
1/03/1996;0.29205499;8.17717513;0.24238844;41.10302048;0.6123715;1.96362094;7.72672002;5.67123047;0.2251597;1.1483435;6.77426644;7.59464047;22.35020274;8.22307053;762.2181146;4.28182965;4.61383539;0.29718844;1.419115;0.43654457;12.10371086;2.6941911;1.55605407;9.22403531;0.8463897;3.87840602;915.67368
1/04/1996;0.492792;7.60956853;0.27712544;52.98431299;1.39367843;5.78077567;6.8454614;17.35431476;0.26952;1.12368669;10.95203572;9.09302895;30.75106413;12.61089536;1346.866201;7.4309212;7.57155982;0.4486;1.474373;0.695477;16.24306507;4.17487474;2.41288048;123.4730228;0.93533598;16.37553292;1685.640104
1/05/1996;0.36470301;8.58442569;0.30572647;47.06346916;0.81266;2.1213751;7.51331105;7.30406279;0.246066;1.1895483;9.23570923;7.81891692;22.85962873;8.8681375;808.4945055;5.9382484;5.00128664;0.364106;1.889769;0.55902708;10.26240109;2.77372121;1.4111963;13.20829531;0.671311;5.63524076;980.4968482
1/06/1996;0.36071488;9.76264196;0.30717992;35.07428953;0.819907;2.046644;10.78719814;6.55016902;0.2896517;1.29737689;7.7770613;6.9004418;24.23152997;8.68674878;795.0228594;4.97635194;4.86503244;0.34655173;1.790849;0.64701398;10.04337388;3.13234946;1.99425054;12.47717996;0.7462235;5.70607598;956.6396667
1/07/1996;0.45074814;11.52112007;0.31886702;37.13649671;0.89481313;5.40049301;5.89202399;6.89994412;0.2752635;1.93759901;8.63462158;7.69915643;21.97927555;10.62360063;819.3572259;3.99710697;5.1065071;0.522136;1.75830901;0.72059439;10.63352963;2.52777369;1.74857893;14.1620239;0.6563819;5.52461365;986.378804
1/08/1996;0.332225;9.52870381;0.33272579;38.0653237;0.901351;2.89902402;6.00632523;7.93431243;0.307249;1.55276239;8.34100769;8.18566932;22.8219562;10.60427501;804.0174024;4.00824266;5.16644896;0.30485556;1.288588;0.65050284;11.00083685;3.07484349;1.98314787;9.15156546;0.74888001;5.8205729;965.0287976
1/09/1996;0.353277;7.93241431;0.31927579;43.08251163;0.9268335;2.77859638;6.41574496;7.74550085;0.238609;1.11462302;8.6315325;8.70351149;21.6911972;8.44731264;792.1137952;4.7118522;4.93130437;0.42913641;1.11133;0.61355239;10.044283;3.12504795;3.93791527;7.84731497;0.698929;5.60382271;953.5492237
1/10/1996;0.337076;8.81417374;0.28330432;46.87374502;0.779682;5.0357736;7.02259704;6.65340197;0.2071806;1.2742153;7.4468361;7.48756854;22.7424383;9.41011436;762.3993071;4.71478334;4.13135696;0.41731485;0.963313;0.53699916;9.73683661;2.67884905;1.64888748;11.65736086;0.600008;5.6282409;929.4813642
1/11/1996;0.330583;6.77579097;0.25488917;47.3911452;1.095603;2.1891265;5.82852316;7.27489012;0.1922355;1.22262;10.0619555;8.83126294;21.26224438;10.17509145;770.9719352;4.35745365;4.8997394;0.33859566;0.8864;0.43153601;13.8108006;3.04827362;1.90053272;8.8991344;0.640445;5.87171674;938.9425239
1/12/1996;0.308095;14.89082346;0.32154805;56.23169499;1.01502065;2.51851467;6.14479294;9.64290632;0.259861;1.33424926;13.34967967;8.70201272;30.74568502;8.27936964;941.6033513;5.5875717;7.05289186;0.48692188;1.57503;0.69012714;13.0452608;3.16873723;2.23570537;12.6930167;0.8451357;6.24451815;1148.972521
1/01/1997;0.338963;12.29238774;0.37117597;58.60945697;1.0010914;5.28395939;6.55204041;10.81786329;0.26129198;1.3785494;13.76781034;8.48119684;21.56430826;8.2155536;985.31466;6.1629568;5.47175951;0.32362362;1.961023;0.61894598;16.13624761;3.31643998;2.35838681;20.54162444;0.8938727;7.18638365;1199.221573
1/02/1997;0.254385;12.48167068;0.33175809;43.47978941;0.8094455;2.35470544;8.37477943;9.15055641;0.226047;1.4205121;10.58091495;7.24119836;23.34195915;8.94999102;944.4045576;5.17202498;6.10174352;0.38439297;1.801911;0.57558053;16.42151505;2.94444357;1.39346743;18.29390949;0.881042;6.0621255;1133.434426
1/03/1997;0.308683;11.13736942;0.326221;51.71622055;1.10188373;1.87934999;9.42080953;9.3118311;0.428848;1.5991942;11.2960566;7.83608457;27.6160489;8.57003103;1006.329789;6.10936245;6.52427337;0.41330346;1.83548831;0.83095322;19.26096672;3.40311898;7.93184321;10.28530554;0.8674828;5.46303529;1211.803553
1/04/1997;0.67416683;13.57075166;0.5069084;54.38843379;1.32125051;6.07578932;7.56410316;15.96405668;0.305291;1.78315676;11.9763715;9.52609433;29.49120162;10.7570869;1364.335959;7.31883955;7.50608541;0.62852661;2.791117;1.26224781;24.4231346;4.2034149;3.52432497;10.54579695;1.411371;7.97237941;1599.82786
1/05/1997;0.391184;14.61339841;0.3719169;45.17912188;1.13934817;2.6718522;7.42561078;11.76232369;0.31008;1.526097;9.7974894;8.83212289;17.45363988;7.9740536;1055.587268;5.44511073;5.458954;0.441863;2.128873;0.71146288;16.856204;3.36797558;2.37156127;8.23267868;1.02422985;7.39392811;1238.468348
1/06/1997;0.418042;14.38118416;0.3637646;51.0498697;1.12214625;2.88053685;9.42080953;11.6335196;0.316908;1.54253078;10.97852151;11.19203668;19.85528388;9.68614613;1169.563357;6.50435644;5.51328522;0.506494;3.142986;0.7335829;18.41606903;3.46294957;2.25781404;8.19578781;0.931143;6.75903314;1370.828158
1/07/1997;0.526836;12.07863887;0.382679;47.7212134;1.06906623;6.49019226;13.02802101;14.5256826;0.287846;1.6027016;11.18594539;9.06417125;15.9834185;9.61935084;1007.123304;6.88176869;6.83708231;0.47701936;2.445283;0.794742;17.56927262;3.72595282;2.62264406;8.07088772;1.005152;7.46621505;1208.585086
1/08/1997;0.367891;8.22920802;0.3992198;48.37722187;1.185756;2.97025293;8.07767772;9.87954394;0.249474;1.786987;9.94282936;9.0460956;19.3896887;9.20904628;923.3111759;6.877642;6.47485355;0.533272;2.340549;0.76601743;17.0238853;2.79231728;3.02837159;11.0132222;1.110918;8.00742239;1112.390539
1/09/1997;0.6234921;7.82181873;0.42074096;48.61235778;1.33951;3.28037578;9.0746683;10.66802152;0.213615;1.8732365;9.07311956;10.594635;25.61908444;12.74227029;991.1242006;7.03649406;6.73072042;0.508871;1.574467;0.811415;17.64764052;3.78561047;2.60616171;9.5415384;0.95235351;9.9858977;1194.262316
1/10/1997;0.42676;7.98223063;0.3760228;45.30073782;1.255778;6.57245709;7.64902241;11.19865084;0.274479;1.65047069;10.4513296;10.85884428;28.41564473;10.70587778;999.4982752;7.50341112;7.55220815;0.592193;1.875435;1.090142;15.64023298;3.80163848;2.89456762;10.64387081;0.9226606;8.48918795;1203.622129
1/11/1997;0.41925;7.69905254;0.346169;53.41913241;1.18516;3.24472529;6.40371097;10.77165092;0.273319;1.89112715;9.6372299;11.40197938;24.91768178;10.12899024;1084.68575;6.74691087;6.97173905;0.563585;2.063437;1.1021711;17.18120262;3.61753908;2.60668;10.60653103;0.892597;8.8118811;1287.589202
1/12/1997;0.477981;7.0692711;0.40335;45.26761993;1.266246;3.66810021;5.88573207;10.39902501;0.294252;2.29547826;11.31556897;12.1096273;23.91969977;10.69640654;1151.16597;6.78056667;7.6512396;0.512506;1.8943313;0.9290494;16.41497754;3.25767973;3.21382211;10.82622445;0.976107;8.27898076;1346.969813
1/01/1998;0.526154;13.9529194;0.5245655;56.29049427;1.320492;7.18889062;6.2986229;14.42897411;0.277058;3.70134057;8.80637092;11.52976564;29.2237313;13.17108917;1221.043757;7.65110996;6.90527387;0.573304;2.467131;1.026994;15.91826318;4.05692235;2.59066531;10.86061494;0.988296;10.62216547;1451.944966
1/02/1998;0.501543;5.68350356;0.4980922;50.99054982;1.284612;2.88832829;6.42034639;9.87013113;0.245631;1.93416741;9.32359288;9.89553391;23.59914016;8.72853907;1047.429591;6.44302696;6.96882923;0.999924;1.908626;0.83817678;15.88419161;3.8710362;2.63172934;15.89279982;0.60940622;7.28496849;1242.626016
1/03/1998;0.539687;5.8509121;0.492868;43.61437098;1.4205104;2.93324437;6.48986925;9.2414858;0.256715;1.96846849;8.28978418;11.8322158;20.27114759;8.14206219;1146.561812;7.83597512;8.29899073;0.998507;1.9989472;0.9893182;14.54822189;4.80945837;2.62503943;14.22480944;0.795622;8.38776015;1333.417803
1/04/1998;0.54824229;8.09994016;0.614662;55.34293342;1.6406066;6.19652109;7.46589803;11.14257413;0.3218667;4.08320229;12.37146078;13.145833;29.91100022;8.83922238;1369.451353;8.78976224;11.55030808;0.681186;2.32710785;1.043274;12.48050669;4.28353877;3.33746446;15.30344097;1.329399;11.59024123;1601.891546
1/05/1998;0.533122;7.78119283;0.3945878;53.23879001;1.231728;3.08635859;6.50634821;10.32914912;0.26466954;2.02505883;9.20142722;12.41882337;19.69609121;8.0451806;1093.711234;6.99702655;7.8862364;0.439855;2.319437;0.748871;11.88760726;3.63721906;2.84551061;12.46034692;0.7764518;9.9147888;1288.377112
1/06/1998;0.498434;8.91012989;0.443456;44.44986479;1.325939;3.35779251;6.76459869;11.86198547;0.2506276;2.06530531;8.72807667;10.53746769;20.27807777;8.25259774;1044.226785;7.22054332;7.554888;0.422882;2.023464;0.9183642;12.82594691;3.20012074;3.0836002;9.57314244;0.893154;8.39760667;1228.06485
1/07/1998;0.511845;7.15434349;0.462921;44.78853957;1.2447;7.4866346;6.87304247;9.01119717;0.30543258;2.54413568;10.04160147;10.86421697;25.47149683;9.17161268;1010.407547;7.88404181;7.36062934;0.572887;2.1577495;0.96621252;14.02714838;3.72472832;3.05268944;9.67421338;1.000157;9.39422695;1206.15395
1/08/1998;0.52938;8.22984285;0.569509;48.2294658;1.44074619;4.16837206;7.46589803;9.57301799;0.340415;2.42700749;10.01159599;12.30412576;24.02370326;9.39714291;1133.216131;6.55073353;9.34060218;0.524084;2.265062;1.00613735;14.0521658;3.99515177;3.95596062;10.7492799;1.9836595;10.15927456;1336.508464
1/09/1998;0.579004;7.98137339;0.4942011;48.4328658;1.486175;4.16560216;5.31035788;9.90351026;0.3253248;2.0193405;10.62992026;11.35616366;24.05085094;10.17575639;1144.526886;8.66658585;7.96873412;0.525279;1.899591;0.99718716;14.545471;4.01665071;3.70669009;11.04555987;1.327401;9.32301521;1345.459497
1/10/1998;0.689367;8.29493182;0.538897;41.31658362;1.49226616;8.54319392;7.04007792;9.60610291;0.364013;1.98938178;9.36653659;10.97715301;25.79558229;11.22462846;1081.034311;7.53319739;6.8367935;0.511948;2.000538;0.94024591;14.70270773;3.68215082;4.47229989;11.26554148;1.4122796;8.43867521;1280.069404
1/11/1998;0.54599;9.19342823;0.570835;49.73103598;1.39089231;3.75695317;5.51268112;10.36661923;0.378452;1.95589405;9.8070719;11.19971985;24.21596952;10.94760272;1154.914723;6.8360193;5.53754145;0.5991295;2.115137;0.958708;13.97800207;3.79549173;6.94752031;11.15667964;1.796142;9.28221148;1357.49045
1/12/1998;0.686526;8.80272141;0.605596;43.66413465;1.41937964;3.56270247;5.989575;10.1360568;0.404536;2.31884865;9.11472959;11.0835692;22.73487887;10.07224963;1189.882841;6.89780094;6.78843832;0.50571;2.555347;0.904128;13.33157466;3.94357363;5.6484233;10.27308031;1.955384;8.65525285;1381.937058
1/01/1999;0.68839602;8.43673636;0.648619;56.57574045;1.571342;9.062315;5.61991592;10.49008022;0.370447;2.05079745;10.11682446;11.07521709;32.07608339;11.83660773;1264.143046;7.45744813;6.55427742;0.43135;3.001555;0.84438089;17.05248078;3.88379648;3.13113033;11.0884283;1.204811;10.19010711;1489.601934
1/02/1999;0.350364;7.3633941;0.442142;45.04558911;1.289173;3.48956263;6.5187072;9.30651771;0.327072;1.51749906;8.90987971;9.50037836;19.1615507;10.04985462;1132.472314;8.03038083;5.61574486;0.427727;2.344332;0.7911725;16.06950518;3.5908465;2.26814421;11.01162339;1.292407;5.78443136;1312.970313
1/03/1999;0.672413;6.65664496;0.515979;52.96364328;1.37281;4.0438796;6.31131276;10.45792143;0.38359;1.71632349;8.65943131;9.85875556;21.91393201;10.30993652;1136.071881;7.65950589;6.20668708;0.440394;2.318017;1.01167;18.34155719;3.45605956;2.26354118;11.22745658;1.35617;7.71009643;1333.899609
1/04/1999;0.564027;6.96732205;0.607632;60.00351364;1.606528;8.42177464;6.1490872;18.28058811;0.362974;3.04317285;10.1233437;9.41034094;25.21176298;11.34275892;1318.093777;8.79447768;6.79306516;0.470876;2.54049;1.106304;18.48919563;7.18333998;4.63175854;15.38936901;1.507336;10.194073;1557.288888
1/05/1999;0.468503;7.11721908;0.572213;45.23498497;1.349264;3.5584289;4.41858927;9.02461698;0.412887;1.66396952;8.91768118;10.29189735;18.08501481;10.63858084;1068.32602;7.16121207;4.37905518;0.464177;2.23694536;0.933258;14.10229642;3.58206892;2.11724932;10.19378375;1.13522196;6.41815368;1242.803292
1/06/1999;0.496539;7.3863812;0.602277;44.40479936;1.411219;3.72935948;7.72336034;8.98047111;0.351041;1.86100458;8.57509318;9.69873218;23.25699578;10.45059474;1042.151948;8.17454288;4.49927042;0.511799;2.1453438;1.009348;16.47011401;4.03814193;2.33633395;11.47639165;1.44082068;7.52720815;1230.70913
1/07/1999;0.496515;5.93188224;0.63345;50.42059407;1.285495;8.194458;8.33647473;9.82943469;0.380716;1.9602866;7.62398334;9.03503382;19.43698428;10.13544079;1028.526616;9.21342913;4.6623013;0.429094;2.26616416;0.935173;15.73130604;3.14656197;2.26306585;11.92955023;1.4890646;6.39199449;1220.685069
1/08/1999;0.43155607;5.69657815;0.64445624;47.30417478;1.22865644;3.84549611;5.928936;10.167507;0.34554566;1.77676823;10.39250052;10.16221888;21.01702619;9.72153644;1153.793806;8.84839706;5.58693767;0.48162254;1.65785133;0.96317111;19.51833977;3.51396585;2.54208933;11.98236232;0.97787148;8.98907727;1347.518448
1/09/1999;0.66639258;5.92916943;0.80565908;52.21685985;1.53321572;4.04586053;7.57248675;10.35246984;0.35673385;1.6698204;10.08043097;10.22662308;22.31273649;10.84834849;1092.081421;8.52527762;6.14703906;0.69006282;2.07726688;1.03641745;16.85387869;3.63036685;2.77263079;13.35515835;1.05046004;7.91531365;1294.752101
1/10/1999;0.43497316;4.77494948;0.8132194;54.0447788;1.49227389;9.2875491;4.41858927;9.79143866;0.32410598;2.43461218;9.75165073;10.70147269;20.73398952;10.14921571;1078.355322;9.05594775;4.80245502;0.59854051;1.91850801;1.00830257;19.01371162;4.3664686;2.66451882;11.95877424;1.05373689;8.1040774;1282.053182
1/11/1999;0.41229;6.85646544;0.61318437;48.40691749;1.46792804;4.45532797;5.54291934;10.97839547;0.34803024;1.69377487;9.93150404;11.58188425;24.16699694;10.54070018;1211.622677;7.71408649;4.59420296;0.62836989;2.27502733;1.12074306;17.51301957;4.18401546;2.7829011;12.97857253;1.00967442;8.61446531;1412.034074
1/12/1999;0.45416089;12.78904777;0.64014422;53.29433723;1.51364428;4.38310129;5.2766983;9.50224734;0.3725641;1.60275574;11.10275913;10.90247845;21.96462981;10.64017006;1200.080749;7.31226639;4.98163846;0.64357003;2.53973497;1.29945282;19.72129716;4.09992378;3.04156087;13.96821493;1.67355831;9.42141355;1413.222119
1/01/2000;0.41628956;11.76320781;0.70277667;59.10043085;1.64043625;12.32247703;5.31196073;10.31301528;0.38875072;1.76515031;11.17148813;12.44325005;29.24099863;10.33685984;1411.677872;8.54388676;5.20282995;0.52742223;3.50990981;1.2081108;18.43193648;4.81714386;2.78478429;15.13712412;0.79553265;10.74572057;1650.299365
1/02/2000;0.32705688;10.33491721;0.5789504;60.43879271;1.39097156;4.11832475;5.70813649;9.70210127;0.28820427;1.51705082;9.14667985;11.69548223;20.48625309;10.39825498;1093.974675;8.28751798;5.70941783;0.4430236;2.73550139;0.94543876;20.56744642;3.19339491;2.06902417;10.65683641;0.5532418;6.53281805;1301.799513
1/03/2000;0.34130227;9.99787991;0.58251908;48.59255945;1.46492469;3.80809348;5.70875509;9.32746492;0.29183622;1.66779312;9.78342915;11.0034813;23.12450249;9.95305199;1147.133553;7.93296785;5.09778446;0.40185843;2.01862976;0.96228716;20.95734339;3.13076721;2.45682601;11.05554486;0.63470058;8.25160571;1345.681462
1/04/2000;0.3557344;13.83240957;0.52405546;66.43378029;1.5566341;10.34757555;5.90543411;10.37303272;0.27570361;1.65011964;9.30411511;12.16207342;26.16813875;8.94825485;1524.622096;7.70322547;6.8132885;0.54824118;2.44903695;0.9498321;27.17198843;3.84134837;2.76603638;13.33785825;0.65727571;10.12880276;1768.826092
1/05/2000;0.34298166;10.65369654;0.69947312;48.24749786;1.42656478;4.38328261;6.4137083;9.45673524;0.32215902;1.8263396;8.89638724;8.84720915;21.31108267;9.90354323;1132.086441;6.97775539;5.1509191;0.45370707;2.81988369;1.14680781;18.84806508;3.16595308;2.72402667;8.7936419;0.57090073;8.40394219;1323.872705
1/06/2000;0.30646845;10.92220358;0.74778715;37.59602779;1.25444074;4.53634652;7.39168073;9.43013935;0.33842476;1.56195451;9.979454;8.71885349;21.42290975;8.58556947;1146.664463;7.96646669;4.6809535;0.53224495;2.3027469;1.08955813;20.46546576;3.13288347;2.70274986;11.0157374;0.72716348;7.19653408;1331.269228
1/07/2000;0.36762538;11.36629444;0.72817376;53.20147186;1.58963008;9.95052399;6.89763092;10.29846987;0.31792099;1.61039364;7.96073093;7.09973398;22.06368654;8.62369671;1133.304308;7.24318774;6.0216246;0.66045251;2.37495592;1.27174549;20.69587605;2.8362347;2.48776923;11.01347504;0.61246281;9.90007467;1340.49815
1/08/2000;0.29487355;9.6117686;0.71308682;44.4513515;1.45398955;5.24442099;6.17281897;11.48775887;0.29634272;1.54080015;9.54698272;7.72751262;23.42237137;9.68182231;1196.962975;9.63395054;4.58989531;0.61165107;1.9306395;1.18091377;18.66108512;2.77018442;2.39613338;9.33375387;0.66891611;9.2742761;1389.660274
1/09/2000;0.50368217;4.81803368;0.58096765;44.59023452;1.37589216;4.74794053;6.52959405;9.03362642;0.26200911;1.53375969;7.828433;8.13482387;20.59574729;8.9058432;1110.916603;7.68389398;4.85365878;0.37285342;2.51614582;1.05757118;20.25734107;2.8720816;2.55886236;8.29064792;0.60090085;8.16197529;1289.583122
1/10/2000;0.29661158;7.55413124;0.57838394;43.42684523;1.33859669;10.6594476;8.28587244;8.96749975;0.27519647;1.75091871;7.178418;8.64393814;20.23975994;9.24112426;1137.145734;9.29119253;4.53991696;0.41616934;2.1992492;1.0051985;18.27960682;3.20852988;2.35143539;8.44098524;0.61543093;7.47989108;1323.410084
1/11/2000;0.34644155;5.7774123;0.60915458;52.81023248;1.28596958;5.42908955;7.15148773;9.75735359;0.29228341;1.63418427;8.49032599;7.92312244;19.35640936;9.08825424;1143.837509;10.69830266;4.49513243;0.45182044;1.66110794;1.04195727;21.93266727;3.54745654;2.38408078;10.02640263;0.71000271;13.67400028;1344.412161
1/12/2000;0.24299916;11.56373782;0.5355436;46.25705677;1.35741263;4.9016033;7.39168073;8.19589294;0.30912452;1.52618313;7.04075782;6.44479034;26.90143711;9.01948786;1218.762883;6.29461423;5.69122496;0.4229636;2.16575856;1.01789784;21.43999641;3.20244527;2.05413805;8.98744726;0.69210761;3.24701248;1405.666197
1/01/2001;0.28753468;7.50201412;0.68279308;54.92505968;1.44477454;12.39679636;6.37899612;11.03661632;0.3742068;1.87978319;10.81636713;7.48722173;24.05180907;9.75918718;1328.153754;10.46873904;6.29952531;0.47779339;2.17778673;1.18385722;26.20881917;4.04904954;2.60800167;16.55711697;1.08206732;8.09860846;1556.388278
1/02/2001;0.3135848;6.81832203;0.5641047;48.86639885;1.25930739;4.04309293;6.30904036;9.53945087;0.35936318;1.31789332;8.11143536;7.60199407;21.23176759;10.36454297;1290.322471;8.13629301;5.85613941;0.46397331;2.95092766;1.01621738;33.04205045;4.5456424;2.66807851;11.24525188;0.98195646;6.16143127;1494.090731
1/03/2001;0.33342445;6.80152374;0.56561201;51.65523595;1.28807191;4.97083109;5.79544523;8.5878183;0.425165;1.49013246;8.01346712;8.08788294;18.37176887;7.23690572;1244.722669;8.41898486;5.2297935;0.40147748;2.17302678;1.11947675;29.1510163;4.11979188;2.41967606;6.99668891;0.91735823;7.72511456;1437.018359
1/04/2001;0.39531377;9.5122284;0.57477206;90.81026532;1.24924259;10.79388201;6.34660514;9.24683323;0.357233;1.43370832;17.01574813;8.88848735;22.7675347;9.85542716;1708.116411;8.60219671;9.8957608;0.39746997;2.0790861;1.19646736;31.2611366;4.77777942;2.92473845;6.77547089;0.93721166;7.62594998;1973.836961
1/05/2001;0.31850047;17.56696937;0.66885576;43.23240271;1.30017803;4.31853886;8.24201835;8.86551559;0.348142;1.44642328;7.91289489;8.48923309;19.89803015;7.85355046;1294.910593;9.15416853;6.05382158;0.4112864;2.26390777;1.19652185;25.08157779;4.51019502;2.33082389;6.01918714;0.90036332;7.81446249;1491.108162
1/06/2001;0.28832301;11.17376609;0.57226326;46.14142263;1.13016118;3.96998699;6.50109479;9.20275787;0.35266;1.25042195;7.24985582;6.61441172;16.77805213;11.85119802;1233.977162;8.18617281;5.23905654;0.55396845;2.42273745;0.86819406;22.98826478;3.55823922;2.19807308;5.80373374;1.03226136;6.88343242;1416.787671
1/07/2001;0.34413424;8.46669878;0.60219097;47.52886991;1.17493558;10.31168347;8.01533263;9.36947578;0.30773691;1.46330349;6.68791785;7.31698865;20.76052931;8.65259436;1346.683675;7.42104325;5.8720203;0.51355864;1.47068114;0.89149905;23.31121795;3.605921;2.29987486;4.63806354;0.84478977;8.70223454;1537.256971
1/08/2001;0.3577554;7.7854361;0.5938981;44.21481996;1.1293489;5.2028361;8.32053138;9.53020872;0.32362635;1.32836075;8.10954144;8.08990752;21.65784124;10.03611495;1173.733145;7.09247251;5.94234277;0.57799954;1.72764769;1.87876937;23.53496594;3.9231055;2.41963376;5.29330345;0.83358835;8.86762782;1362.504829
1/09/2001;0.33993576;5.71231834;0.50246758;53.41973443;1.12308984;4.95952155;6.82606878;9.54774108;0.27464905;1.17682407;6.12769617;8.30442017;18.98388718;8.01912066;1293.940406;8.59252941;5.67351138;0.47255037;1.4646785;1.33542481;28.72754297;4.45095821;2.35730028;5.79730469;0.61330981;9.11332937;1487.856321
1/10/2001;0.39157771;4.97178502;0.51966627;57.5753397;1.10647663;12.08469108;6.54377286;8.17786414;0.25802665;1.9574557;7.70780949;8.62007731;19.43208786;9.69120282;1173.423401;6.18692191;6.95551518;0.5613905;1.42433757;1.34082317;23.46383078;4.04303942;2.75182762;5.71125659;0.76287955;7.94234545;1373.605402
1/11/2001;0.32329298;5.36709406;0.52384756;50.31720021;1.12348371;4.87592588;10.65897527;9.42278629;0.25082362;1.30041377;7.2041554;8.14150708;23.87011756;9.27383661;1247.170712;7.80505946;5.53552475;0.50277728;1.53195733;1.07805963;25.26242504;4.2923901;2.32629384;5.97209046;0.72146464;7.2597178;1442.111932
1/12/2001;0.31404681;4.50363171;0.62040652;46.10026808;1.07288466;4.35371377;8.20835995;10.33766228;0.21835764;1.25956104;8.67604285;7.81235048;19.09095881;10.06165733;1253.484075;5.81724413;4.98168002;0.51976132;1.58590328;0.98162029;18.88209915;4.13900807;2.2535189;5.36885637;0.88959587;8.15897687;1429.692241
1/01/2002;0.39040883;5.27370748;0.71881415;59.01459152;1.34901041;11.31529425;8.21958073;10.03588931;0.37076008;1.64795523;9.27238554;7.56468394;27.19151663;9.72084884;1385.421183;8.18393876;6.3128582;0.54288551;1.8657873;1.08632309;22.69189877;4.37512505;3.00621483;6.65964589;0.99904334;9.80944373;1603.039795
1/02/2002;0.31834842;4.51924336;0.4599677;42.22554072;1.04936217;3.61242354;8.01533263;9.29292631;0.20931892;1.13442075;7.29549155;8.78560853;16.89536042;9.15264057;1026.397899;5.9574176;4.05562126;0.54090124;2.20361128;0.96530479;19.87656857;4.07464478;2.46138226;6.28561223;0.91476563;6.22358213;1192.923296
1/03/2002;0.35910249;4.32879527;0.5527153;42.26470645;1.11080738;3.22262719;8.00977956;7.90428973;0.32309701;1.2085166;6.58900851;8.54037852;18.85818676;7.05744193;1070.102865;6.13482828;5.01691854;0.46996553;1.47708083;0.75273038;21.19015481;3.40645136;2.56614062;6.11041537;0.61227556;7.51418794;1235.683467
1/04/2002;0.42494069;8.3300531;0.62414461;93.1163937;1.31706373;10.38073868;7.08514494;9.68686586;0.34304091;1.51460084;12.10613005;11.26047288;29.67142921;9.80863775;1679.189035;7.69251943;7.81411932;0.71103014;2.16076178;0.95579174;30.06763431;6.16925265;3.16037955;6.60393504;0.95773677;10.50304567;1951.654899
1/05/2002;0.36711105;8.86011984;0.76665187;54.20176357;1.11164197;3.58659605;10.05466871;8.79904099;0.28943047;1.35805948;10.0058936;9.08337107;20.57570882;7.76038654;1220.583148;7.89381071;6.12849359;0.60620954;2.75792662;0.80970232;21.26261292;4.0116676;2.5007375;6.41431039;0.76472717;9.67851266;1420.232303
1/06/2002;0.35551433;11.06880923;0.50380653;51.22415973;1.05716225;2.89552492;11.63941727;10.57580283;0.29618707;1.39337702;15.89971136;8.27720031;17.60768443;8.74537975;1351.065679;7.55856579;5.36186406;0.67891778;2.67565138;1.73992532;22.31639421;3.84277362;2.23962928;4.84022328;0.67075081;8.75542164;1553.285533
1/07/2002;0.34276004;12.39129568;0.62984534;45.80300457;1.04403159;10.42646665;11.4291909;9.04981354;0.31171828;1.2541061;7.54441173;7.42735275;18.36213804;8.9168829;1259.061638;6.58243711;5.24571339;0.59310281;3.51192271;0.88517701;19.1706134;3.65410272;2.25099359;5.1012115;0.80177236;7.57904843;1449.370751
1/08/2002;0.28251002;11.17327575;0.64641121;46.69993549;1.10363212;3.34531163;11.64837939;10.31835361;0.32937819;1.26888636;10.45055082;8.7385351;19.42924107;8.65909631;1372.063096;7.91569383;5.23673791;0.63096617;2.63729562;0.75940871;19.19150117;3.98842725;2.28469853;5.43595863;0.76748809;7.78559194;1562.790361
1/09/2002;0.28460669;4.79930646;0.57462002;49.13111255;1.07038485;3.94354188;16.80139144;9.2746959;0.28576113;1.49161445;9.89810245;9.13015184;24.34467404;10.41025564;1484.26122;7.61362537;8.09829964;0.75090736;1.6562156;0.7017622;20.04400429;4.35940552;2.14355208;5.78371057;0.85504575;12.01526507;1689.723233
1/10/2002;0.32757761;11.07926513;0.65545643;59.5558515;1.11808119;12.09163244;11.92035103;9.44070088;0.37910091;1.41850519;9.4586397;8.95101421;21.22399501;9.90678662;1384.192705;7.53746622;7.16775126;0.62253688;1.43530319;0.92009935;19.45647129;4.86922577;2.87361833;5.73296695;0.79274041;6.44383755;1599.57168
1/11/2002;0.28400868;5.76656907;0.63878522;52.73882596;1.23238793;3.15133222;10.3037947;9.09212845;0.32295167;1.41450052;19.22708088;9.52569983;18.64182042;9.40311017;1416.152915;5.91189518;7.08465755;0.63123757;1.37407434;0.70927076;18.71215543;3.75134666;2.54896007;5.72976345;0.91354895;8.93982973;1614.202651
1/12/2002;0.2901437;7.96122393;0.65159572;57.46123685;1.20436866;3.51417454;16.74117514;8.70839695;0.3967344;1.48924499;8.12192613;9.22081983;22.25387323;9.59190616;1599.794155;7.72896;7.02896622;0.57933534;1.90251734;0.79533568;26.02612358;3.66080084;2.44124044;5.43887583;1.484613;9.14521297;1813.632957
1/01/2003;0.457263;9.90633202;0.69033561;58.01765544;1.38631681;13.39400502;17.28687342;10.34499238;0.59171972;1.50042046;11.26893976;7.41682083;24.15172276;11.33946893;1529.272315;8.78027714;6.82057475;0.622646;2.41950383;0.89719129;24.82285463;4.95028859;3.10889556;6.72597991;1.3949561;11.08706;1768.655409
1/02/2003;0.25761933;6.32891219;0.6097693;49.35535763;1.0970871;3.12211799;11.50249821;8.77717371;0.29185553;1.33925602;7.46035811;8.82935166;16.39693284;9.49725395;1379.924095;6.43609378;4.93438825;0.56659523;1.80053831;0.86347697;19.23517176;3.88622834;2.29987393;5.65404992;1.28696216;7.32546278;1559.07848
1/03/2003;0.31720246;6.16822835;0.65231692;49.60464176;1.17073602;3.88764338;11.62581943;9.2788709;0.45101744;1.41535467;9.51009675;12.55844204;21.8599191;9.86140778;1598.446579;8.56396382;5.82663896;0.56023087;2.48028445;1.18426959;18.36644974;3.79727515;3.1846378;6.73917846;0.95225895;7.30515815;1795.768622
1/04/2003;0.39811712;9.41606736;0.73637124;61.31777819;1.24885157;13.54841824;11.64837939;9.42232055;0.34314837;1.74060585;11.71500463;11.47652103;29.87855514;21.32261437;1891.255538;7.80490849;7.19182099;0.68006862;3.0954606;1.21018548;26.93389464;6.8626823;3.64451574;7.77356638;1.12732648;9.15541115;2150.948132
1/05/2003;0.29712479;14.43399998;0.71862813;47.22469181;1.22821839;3.45714926;11.54407936;10.56671688;0.32519534;1.40691015;19.30243013;9.23850137;23.28974719;9.44966843;1568.882822;8.03914055;6.09306345;0.65065549;2.8743576;1.15087868;18.65773155;5.24707326;2.97702565;6.81013135;0.86308932;8.62291096;1783.351941
1/06/2003;0.3288037;12.68174452;0.69499171;45.8278276;1.21202002;4.29348764;11.17470366;10.11064999;0.36707133;1.47438814;13.45676778;8.99297797;27.62733543;10.83916234;1433.29884;8.01038288;6.00761709;0.57064933;2.11356011;1.04347814;22.62367407;4.94587168;2.55370276;5.79833765;1.05595647;8.75511773;1645.85912
1/07/2003;0.33151668;8.45683831;0.70514102;43.83273495;1.26987724;4.03393109;6.40664151;12.77039969;0.43634335;1.35813911;21.72275962;8.64198933;24.30444995;10.06095037;1510.029783;6.45377268;5.94319704;0.62060204;1.91345429;1.07336327;21.5288824;5.743176;2.58593047;5.77859836;1.05202778;8.04162554;1715.096125
1/08/2003;0.32214266;8.04287432;0.662019;53.38268256;1.24501501;4.42412067;7.11832537;11.45436085;0.3959364;1.51292477;22.70192123;9.76083351;28.20163394;11.04309225;1523.543477;7.37987607;6.07184021;0.62017323;1.4799817;1.09167334;21.76200359;5.04232428;2.71132716;13.87421616;0.98971951;10.41028625;1755.244781
1/09/2003;0.33817201;6.25381022;0.58353545;47.90605678;1.20761718;4.17774849;6.78782887;10.33875916;0.374635;1.58364661;25.93709679;10.25552814;25.0321724;10.32110511;1516.062646;6.47969516;5.65099023;0.73057282;1.48053062;0.98497945;33.44663496;5.34723388;2.54833165;6.59657665;1.10806438;9.43117701;1740.965145
1/10/2003;0.3771787;5.46099895;0.67706001;46.33022878;1.2337779;4.92022285;8.16620464;10.91407882;0.3724859;1.49581762;26.28973715;10.50334349;25.62940395;9.41634891;1509.646121;6.77237773;6.2173243;0.75584947;1.49804115;1.33336691;23.84032328;5.05798183;2.90090841;6.4954367;1.01828586;8.77460433;1726.097508
1/11/2003;0.35698653;7.97598596;0.58943196;51.24790083;1.24375419;4.91398068;6.88828619;10.92533294;0.43501163;1.52441124;16.3213266;10.42809763;26.05664439;10.09109629;1597.73122;8.09902846;5.86437749;0.66013948;1.36417423;1.21989868;52.94951967;5.20376987;2.99599449;7.56986272;0.9417087;9.98498515;1843.582926
1/12/2003;0.38580866;11.23606985;0.77171421;52.11252797;1.53123723;5.39833956;7.92629955;11.74573566;0.48389649;1.55866159;18.46526362;11.19253473;27.34794718;12.26132751;1612.491758;8.94942474;6.20632283;0.69823354;1.7258296;1.31361151;22.034626;5.34267351;2.91417089;10.64192109;1.36399528;11.96548069;1848.065412
1/01/2004;0.379157;6.79581697;0.768418;55.3105625;0.885892;4.42112971;9.02538;14.45369409;0.7535;2.66822785;24.26361834;10.04696859;28.37573364;11.53148252;1768.791975;8.07203874;7.091735;0.60316472;0.640774;0.475716;24.27576948;5.19725075;3.012972;8.95146289;0.537407;12.826778;2010.156625
1/02/2004;0.330276;6.62557279;0.648838;52.12871943;0.733492;3.7073104;7.722086;9.83809989;0.400816;2.40255703;12.2446277;10.68239588;19.57038742;10.71231343;1570.648387;8.99592635;5.054715;0.519235;0.569748;0.56389;22.47639105;4.24471856;2.657588;8.18987731;0.443414;8.48476;1770.596142
1/03/2004;0.702428;7.96727294;0.949813;62.93386802;1.741496;4.90630848;169.646847;11.68501924;0.523388;1.67497627;14.91675389;14.86687111;38.95851894;9.94320322;1660.082823;10.62131613;10.070786;1.177722;2.465278;1.536359;26.64318652;4.28100465;3.391864;7.8981276;1.281026;12.466815;2083.333072
1/04/2004;0.550714;7.82919;0.767174;54.941591;1.688398;5.434352;188.619971;10.518566;0.740813;1.456286;13.369632;13.461186;33.610561;9.918783;1976.419598;10.13404;6.837439;0.961219;2.114038;1.21198;28.341004;3.74871;4.726452;7.304303;1.161187;17.478804;2403.345991
1/05/2004;0.54257855;14.01588168;0.91215445;54.27476445;1.43308068;4.7210938;184.3200433;11.4976457;0.54594522;1.44205158;14.74511221;8.97860507;29.46038011;10.04315363;1627.097654;12.26213028;5.65859033;0.89982097;2.51018097;1.24776181;26.4630794;4.82635236;3.92619295;6.59938355;1.29343165;11.08840758;2040.805476
1/06/2004;0.4949966;22.23043216;0.8090489;49.91386522;1.33446534;4.4275034;178.9946991;12.56313428;0.57160587;1.48266467;17.75160508;9.54196134;27.33744295;11.39975949;1551.099134;9.38799611;5.66208583;1.00621694;3.82482095;1.46825195;29.53233462;4.70403639;3.06647091;7.13235979;1.20081867;12.04879354;1968.986504
1/07/2004;0.53280509;16.11220544;0.73625177;50.48474614;1.39489486;4.64418086;151.314707;14.9699855;0.62177536;1.36049404;15.53823377;9.16520421;27.70070647;10.1432498;1453.024234;8.75834426;7.61334254;1.46162183;3.16808242;1.41388975;25.82491683;4.54816062;3.42083509;6.42932942;1.26012984;12.67856835;1834.320895
1/08/2004;0.88992202;14.68226427;0.80580271;51.80068341;1.34406352;5.21637861;147.5318787;11.9503555;0.52808073;1.38484812;20.26357384;9.70578845;28.90478905;9.82080154;1560.867501;9.80091249;7.81830409;1.0262636;2.37932244;1.24932863;30.92318893;3.19143969;3.32646347;6.79366317;1.54959245;14.56461011;1948.319821
1/09/2004;0.78719466;10.20897244;0.82860305;53.72201396;1.35535546;4.87289425;194.9412354;11.9805526;0.6449097;1.49896038;54.4270209;11.29066631;27.892624;9.72277099;1572.005792;12.60323351;7.42225679;1.05397449;2.41538668;1.38931015;29.72996102;5.51065118;4.38953004;6.74925541;1.37061126;13.47838095;2042.292117
1/10/2004;1.21433569;8.95421031;0.75437418;56.50035709;1.29374353;4.64387153;130.9344571;12.22015437;0.55456096;1.2947495;13.91403527;14.41528584;27.74065941;8.58299669;1571.664979;10.01114514;6.66908357;1.0033097;1.64843806;1.21744239;23.96395958;3.40242901;4.06261168;6.29730278;1.25552241;11.19204116;1925.406056
1/11/2004;0.61780546;10.37156307;0.83459042;59.44819349;1.58713519;5.3648092;133.2892995;10.74674975;0.56888664;1.53425608;16.6716991;10.88148607;26.12521021;11.80556033;1551.778567;9.99389002;6.81235519;1.50542563;2.67707439;1.373318;31.3018491;4.32090543;4.03290761;6.16020106;1.26715043;13.93326911;1925.004157
1/12/2004;0.74363837;13.72398914;0.85736563;55.84631461;1.65156112;5.48307533;155.3994063;13.16201363;0.69774618;1.59401709;17.52748221;10.09142134;28.75074386;10.99190194;1667.264482;10.2770471;6.70158122;1.14865192;2.78744281;1.34205373;29.00466471;3.73019337;4.1317154;7.41479675;1.34747283;13.4596992;2065.130477
1/01/2005;1.39110008;13.85564162;1.00155863;60.92954967;1.72961674;6.93989688;207.0852914;14.78005499;0.77886162;1.69844276;16.04609718;10.858172;32.44814322;11.20111299;1789.800734;7.95138593;6.98667552;1.16788308;3.26277659;1.41687379;26.89137546;5.10504542;4.64387385;8.37766414;1.61678268;16.24238608;2254.206996
1/02/2005;0.78851248;9.36103536;0.94055006;49.75011865;1.30455249;4.57597075;203.6855814;9.71544745;0.64598694;1.30903183;11.69750088;11.18340357;28.84804004;10.72026628;1504.493806;6.57888394;6.08645331;1.09134042;3.85533693;1.38122284;28.36602954;4.15956361;3.76033361;6.00146411;1.38334999;12.1199802;1923.803763
1/03/2005;1.19415444;8.70312837;1.07168789;182.8482886;1.33714502;5.46354791;198.1440635;54.85832611;0.50932075;1.69446993;20.73039822;25.68084161;32.12222194;10.64702301;1846.303621;8.61579588;13.92449052;1.31729249;2.84431132;1.09086641;31.13067189;3.65968861;4.4622353;7.73685989;1.92681346;14.98872134;2483.005985
1/04/2005;1.20520192;14.79261927;1.34898376;78.07087767;1.55207526;6.31948141;206.1830734;22.52087247;0.55334004;1.68459333;32.44537239;14.17378676;42.34934201;15.09518911;3056.347102;14.59529302;10.49905307;1.47818508;5.09942409;3.81942947;44.6549294;4.78909858;5.16851964;8.53043887;1.56668016;23.34410625;3618.187069
1/05/2005;0.7067213;16.43619546;1.06766237;61.76019307;1.48848206;4.55073913;213.6735433;17.46945286;0.6362847;1.52138787;18.80008818;11.22873708;28.51620986;12.62806078;1617.676462;12.11043556;8.25165705;1.72961287;4.86971739;1.14899669;29.81701005;4.4699323;3.72414953;7.74288372;1.41927124;16.7808678;2100.224754
1/06/2005;1.5192072;22.24382491;1.01419348;60.26649811;1.46212011;5.75017966;178.2076516;16.49443419;0.66873271;1.48940399;14.09693188;12.5679121;32.62806467;16.09539876;1696.308695;12.54190974;11.96221139;1.96662979;3.75552505;2.75491067;32.3449497;4.60874222;6.58101461;6.88778857;1.62084145;16.62601708;2162.463788
1/07/2005;0.62023408;15.91801416;1.0900639;69.8399543;1.47496089;5.13064722;155.6807224;17.86857444;0.5868789;1.31249046;10.71846616;10.71010033;31.10395532;10.85544274;1602.266314;9.06178977;8.25878599;1.05849768;3.05475022;1.86274093;33.12593751;4.91107766;3.71082921;5.85427812;1.40485126;12.89251978;2020.372877
1/08/2005;0.81668977;12.75234499;1.0514259;58.61323272;1.49974944;6.44282284;204.7895216;14.28082145;0.6862131;1.63374364;12.0963608;12.10167803;31.12497492;13.56995674;1694.575353;9.27585403;9.52212224;1.21706649;2.18155935;1.29582548;35.55304827;4.56676123;3.83040914;6.51722691;1.47593165;17.40319704;2158.873891
1/09/2005;1.14572498;8.98097739;1.23319667;62.23766261;1.81160741;6.15169384;202.5039553;19.68924879;0.6321128;1.6629839;12.01964412;13.96351535;30.0734619;13.96293235;1881.326642;9.96711101;9.20576638;1.4062503;2.9776308;1.78941051;35.43052869;5.7337764;4.40050367;6.55972859;1.66142806;16.40734098;2352.934835
1/10/2005;0.8512807;8.19529206;1.00389739;60.10912904;1.37543208;5.61107703;176.4052311;22.26880349;0.60136165;1.49048532;10.77552624;11.93899916;28.08947038;9.29669747;1764.4149;8.89775957;9.75855144;1.36816461;1.8948495;1.63969325;33.72221407;5.31944859;3.28057649;6.00837608;1.30061256;14.4005391;2190.018368
1/11/2005;0.80139491;9.60479394;1.25812334;65.51380527;1.51126711;6.28438815;202.287907;20.01348134;0.64064278;1.60482728;10.99507244;14.37810649;33.57657194;12.10154751;1793.094422;8.55419047;8.81592753;1.51389767;2.14311091;1.26676525;33.60329078;5.33998868;3.53497259;7.8171958;1.38585662;15.57681948;2263.218368
1/12/2005;1.08306967;20.46591007;1.34697995;67.09126716;1.73778889;6.11733596;183.8039298;18.29625349;0.73147702;1.63072505;16.91693193;14.73700944;35.21402187;16.61672776;1988.567898;9.43950124;9.54379934;1.61098547;4.57162525;1.47249225;37.63551857;6.07695182;3.97591292;7.16309947;1.73863435;16.62120638;2474.207053
1/01/2006;0.86861301;11.79298883;1.59421435;81.2249148;2.4666315;8.3989721;235.0275287;33.44247817;0.86155688;1.91411428;16.18900148;15.43716108;42.46366982;15.1111171;2517.296286;9.56270543;12.16518427;1.48269899;3.90576031;1.59508124;37.63974093;5.79799673;4.21647792;8.87747526;1.93089163;23.46995342;3094.733214
1/02/2006;0.75366118;10.03953682;1.23880279;61.38266735;1.28064629;5.87691872;161.9765292;22.83187484;0.70726466;1.41391622;11.84138199;14.63612477;32.9123421;12.93498565;1806.620229;8.54947845;10.61632315;1.28372199;4.5759207;1.58026173;38.42190384;5.64022098;3.90105962;9.26744445;1.60447794;10.70718066;2242.594875
1/03/2006;0.93332569;14.75972466;1.34786763;75.67255965;1.56197501;8.81371805;204.3306668;137.9951307;0.81443763;1.84836278;16.2142276;17.97200632;37.43283337;15.15981764;2201.640705;9.94760041;15.10241776;1.64686357;3.56573155;1.86679377;37.45213496;5.16066181;4.34025671;8.16399796;2.11056834;15.41652283;2841.270908
1/04/2006;1.0571531;14.93056087;1.40302242;104.8249849;1.71433911;7.0840655;265.7488085;49.51620465;0.84272187;1.72715571;14.55826209;18.5330686;48.28776345;14.05863425;4704.998949;11.99178803;13.72236795;1.85448608;3.66959565;2.10899353;49.95893986;6.38627356;4.36265681;10.85042035;1.98112027;21.19542386;5377.36776
1/05/2006;0.97296426;13.0599819;1.14362398;71.68025479;1.57824454;6.53585996;176.9279427;57.80142282;0.92141559;1.75974557;13.24691806;11.84430928;66.83333536;14.87367241;2230.968919;10.20838784;10.76233184;1.46332595;3.78700979;1.52399621;40.01472417;6.2062544;3.69575406;6.9094704;2.03844602;20.73607088;2777.494381
1/06/2006;0.91373408;15.1454398;1.35663537;71.84333231;1.4901237;7.03954955;115.1538734;76.5107632;0.98548066;1.71134838;13.71132924;15.90622099;39.87892023;15.01154609;2288.78493;11.34139523;9.95556394;1.72576371;5.09102045;1.57592444;45.43782112;5.73266907;4.13035073;7.34674687;2.01063145;17.61285149;2777.403966
1/07/2006;1.10610852;23.94560845;1.11906426;73.9235985;1.66244914;6.90794272;179.6170005;45.42894065;1.05239774;1.56136699;15.85243232;14.87044112;40.26786546;15.75799462;2668.452873;11.72974488;9.24012287;1.80748363;4.02120219;1.65222444;46.91990785;6.70981683;3.84919928;8.07177223;1.91533067;14.93573302;3202.378622
1/08/2006;1.09246323;13.74661045;1.33307439;74.70879026;1.79512122;7.07017409;167.1455184;60.71881009;0.83891822;1.80397555;14.63639459;15.17486531;42.94317814;15.85000787;2322.05293;11.03370393;9.71271564;2.25759459;2.42388254;1.90731969;47.73718406;6.29349893;4.16156789;8.07782304;1.99276686;15.25941708;2851.768306
1/09/2006;1.02006563;13.65148757;1.37062821;66.46246938;1.68108519;7.13007443;142.9904243;49.26257429;0.82322709;1.8714086;14.39203831;16.30446268;38.73157781;13.9324884;2308.943159;10.5503292;9.87990357;1.99112936;2.50058798;1.72480215;45.69384014;6.58276231;4.24984098;8.32079362;1.98907121;14.32485397;2786.375085
1/10/2006;0.97582923;13.220454;1.27427344;70.11014328;1.73811396;7.1754473;264.7764465;51.32772195;0.80884979;1.94809406;15.46399155;15.46920866;40.0302511;15.19192536;2359.731354;9.25202214;11.01502609;2.00897686;2.5920122;1.65148763;40.82298087;5.78685287;4.147486;8.1319176;1.99617156;14.88125724;2961.528295
1/11/2006;1.30853008;11.95439322;1.43978244;71.28842839;1.82308697;7.76361263;313.9819697;47.72970235;0.92920981;2.06132163;17.14740887;17.68819863;38.75799959;15.3178759;2300.861149;10.78004113;10.74165096;1.84164184;2.7092503;1.70979851;50.36944981;5.79662421;3.96869108;8.26402723;2.0388609;16.95482522;2965.227531
1/12/2006;1.20429077;19.33281062;1.4960833;69.32703699;1.92225723;8.92462775;252.0345353;37.06427378;0.97900584;1.93943971;16.2241648;17.57051095;44.31558985;20.42875596;2453.660112;13.2897351;10.86411189;2.17255252;3.81304148;1.96077674;44.4165078;5.64933335;5.17374795;8.74416638;2.53779645;17.41730685;3062.462572
1/01/2007;1.18485099;25.18514035;1.67905559;80.09915728;2.41347722;9.78908928;256.0868071;66.77440303;1.03942907;2.26339539;18.29358229;17.17844092;48.62463038;18.57976758;2789.602123;11.18905977;11.80126561;1.99857397;5.60248883;2.01778005;53.55352932;6.05370543;3.91824798;10.82221417;3.17755633;19.91226076;3468.840032
1/02/2007;0.89667082;12.59031454;1.5098584;46.34620072;2.1462782;6.09810459;165.0825666;29.67209735;0.87095088;1.69202086;14.61874007;17.41832481;44.07541236;13.69710889;2123.428823;9.78883788;10.14206581;1.59986724;3.50458925;1.80425161;43.93047358;4.70293533;3.70548202;7.0291213;1.86469575;13.21213536;2581.427927
1/03/2007;1.0416255;14.97022066;1.34465937;94.86404194;1.69029181;7.91191963;172.1538785;29.78774759;0.7646901;2.22666564;15.28009008;18.75479864;48.67994268;14.85040627;2753.588611;11.68947452;12.55947954;1.98548152;3.93582223;1.61722998;146.7669897;5.56113736;3.86582196;8.5672223;2.56523275;15.64785194;3392.671333
1/04/2007;1.41711431;39.7772768;2.38772542;85.15277757;1.9982506;9.35327963;291.7826895;215.3921224;1.0018151;2.27004721;26.52222715;29.845658;64.87937642;16.38615186;5747.605381;14.36251903;20.6587814;2.81777568;5.15563664;2.20682753;66.85046457;5.92682918;4.34600926;11.26883755;2.43184494;18.92696553;6690.724384
1/05/2007;1.33804381;18.03282393;1.25784618;71.88029203;1.48301995;7.37479533;202.866027;50.98613078;0.68713615;2.04226744;18.80691397;15.78400532;40.76420784;15.1184948;2649.662885;12.15001925;12.81863357;2.11896441;14.03323222;2.10398729;53.81684983;5.64685751;3.61638654;7.99150372;2.23561802;16.53511354;3231.152056
1/06/2007;1.43867821;31.11334982;1.0810626;65.39064957;1.47158874;8.32854643;216.5511343;35.15213009;0.90528724;1.80103944;20.10417935;18.40479277;48.44056795;18.48930079;2745.534256;12.52899018;12.89884863;1.71282133;5.70835028;1.57298419;57.64628364;5.02600185;3.77951301;7.92008099;4.38541034;14.3953248;3341.781173
1/07/2007;1.51460324;26.21397392;1.30251398;97.12932572;3.25597365;8.87701662;187.3931089;41.99779187;0.80764596;1.99029837;19.91068372;18.07771673;45.74370776;16.90289955;2808.256808;14.10865156;12.96861655;2.86889183;5.07145415;1.88456475;61.22562793;5.57665573;3.11550644;7.44769988;2.45361222;17.90845247;3414.003802
1/08/2007;1.61570957;19.17315403;2.04332607;102.0050451;1.72650633;10.91548754;250.9229081;44.63219311;0.93423288;1.98212007;14.32603289;18.10375514;44.76272165;16.79527286;2905.403657;10.48113739;13.8753072;2.65609276;3.30881532;2.49608887;57.0143581;7.11318556;3.83316097;7.87190315;2.24653492;18.03725979;3564.275966
1/09/2007;1.37422156;18.58137646;1.3785018;82.95284114;1.6871709;9.50399364;193.046312;78.90668037;0.9492782;2.08396915;12.44471072;19.46961544;45.89793702;14.09899758;2727.494951;9.60078516;12.95918747;2.03478653;2.60436253;1.91335946;55.57014988;6.29906131;4.06893459;8.4454538;1.96907494;16.33059529;3331.666308
1/10/2007;1.0902878;18.51841711;1.31257874;98.76713926;2.29499729;8.84739144;190.4677476;44.36505105;0.95535232;2.10415181;19.22505403;23.65064972;46.60858222;15.38525717;2860.576202;10.76148397;13.84922605;2.53421066;2.62146374;2.00488025;63.77536384;6.70037775;4.12386041;8.82477143;1.78766645;16.30262263;3467.454787
1/11/2007;1.04665895;21.60577714;1.35712767;73.11588148;2.65247382;9.35572975;244.9950555;95.30177758;0.79456504;2.30736233;31.78872705;21.68488375;44.98843372;16.15643414;2847.565894;9.67936799;12.59365731;2.27274454;2.4074481;24.53009823;67.48778163;6.76480986;5.31626217;8.13621538;2.21496231;16.69874599;3572.818875
1/12/2007;1.94726027;24.2360395;1.5148601;147.6794559;2.20041022;9.05953492;228.3334758;56.46009435;0.91543291;2.46089913;17.69071131;19.21141803;46.22397217;16.73726723;2836.395612;10.96183145;13.33708424;2.1209033;4.83878859;2.48830363;71.58024874;7.62763644;4.34036999;9.51499064;2.4809835;19.27608484;3559.633669
1/01/2008;1.31176617;20.88541201;1.83431355;81.83052375;2.95940451;10.14551456;261.8912686;88.86143417;1.36609152;2.98022724;23.96334732;22.56898023;56.32487545;22.05909334;3311.011057;15.43641415;16.2447253;2.42811704;5.53621747;5.31878867;73.69440477;8.02253247;6.58384361;12.22287233;2.88860439;24.800692;4083.170522
1/02/2008;1.45863083;15.95641066;1.36887371;73.34164011;1.92483251;8.72808963;185.8500208;32.52701084;1.08998028;2.38635526;15.31440812;19.71559134;44.81347923;17.187622;2673.177413;10.47377695;13.43350279;1.99208591;3.28584839;2.01216019;63.35630611;7.31461175;4.73690122;9.45852348;2.18371155;15.07115147;3228.158938
1/03/2008;1.23967998;18.93180769;1.28857972;109.3467445;2.13023157;10.23041776;190.4095208;53.35004544;0.94297961;2.56979703;18.12931686;22.24480255;55.3344834;21.69113203;3148.744334;10.66512381;14.96186459;2.56189386;3.58458751;2.45617027;98.5296814;7.02271983;5.47191265;11.90888004;2.10986027;15.28156078;3831.138128
1/04/2008;1.23817084;26.12441868;1.42640777;525.2672759;3.18876682;12.80525566;308.2564981;102.1571302;1.12895961;2.78996096;49.08879141;30.3744227;57.24825323;19.79273944;4536.520524;13.33550126;20.58716389;2.74784216;4.49241463;8.58318666;92.82385693;8.00569147;12.01063192;14.11306739;2.3556787;16.98140545;5873.444016
1/05/2008;1.04401533;18.57249103;1.59947763;129.8077478;2.03712898;8.3830153;189.5238522;20.58756857;0.98412884;2.24758561;20.76753416;20.57995643;42.4448727;18.27898147;3059.150012;11.80954769;15.01917446;2.00745794;5.56805331;1.96089885;76.31343424;6.23949248;5.64839649;9.1087535;2.24109109;16.10921769;3688.033886
1/06/2008;1.06955328;19.66890838;1.27195548;221.7973822;2.1648085;11.12520822;183.2149707;24.67182662;0.93894155;2.20562629;23.1814494;19.96697649;63.84876525;20.89075271;3038.496424;13.13377958;13.54595351;2.40457126;4.47679087;2.2273214;83.65842134;6.82757288;6.39708784;9.07691958;2.30583691;15.91779102;3794.485596
1/07/2008;1.27977909;19.74417852;1.4161021;154.8001822;2.1166158;11.28283884;146.3019109;62.86472;1.07451778;2.58563467;26.02389392;19.88483118;49.28842251;20.66358743;3220.789566;11.58623609;13.90693502;2.45108065;4.19162327;2.61892414;89.72170184;6.58333986;6.77093207;9.76712098;2.36778262;14.45552682;3904.537984
1/08/2008;1.39776922;20.36762515;1.4286848;133.7563671;2.36549381;10.78392827;165.6080138;48.1751833;0.95828491;2.7990574;28.39868074;20.08814155;52.6605134;18.76697894;3035.25335;10.88242176;13.4751076;2.65345961;3.18061391;2.38939365;93.74779702;7.24268935;6.83434192;9.56780934;2.49416374;16.71571443;3711.991585
1/09/2008;1.09898463;20.59296307;1.69270771;144.5667415;2.57669928;13.08694612;234.1423286;51.77241411;1.35566301;2.96597917;27.19309244;22.25833176;51.3172602;19.70117596;2994.672094;15.98681132;14.77779242;2.99468364;3.14984221;3.03688551;94.34346845;6.91766923;6.88541645;9.78623218;2.32046305;18.46988763;3767.662534
1/10/2008;1.5081996;20.53815512;1.43999101;172.6658593;2.46634229;13.60202039;148.5421115;61.23436367;1.34860864;2.75135306;28.93262022;23.48441481;56.90451782;22.90308624;3094.250051;10.00411955;15.96411149;2.8405167;3.50722933;2.59405153;82.42972745;7.53157225;6.8126323;8.42540022;3.03265942;17.52564318;3813.239358
1/11/2008;1.25722018;17.60030267;1.31680734;74.70585808;2.61979073;11.93863755;188.589552;38.78513839;1.20576203;2.5434784;36.02109267;19.97559146;50.82309843;20.04054;2899.383589;11.66691692;14.51224521;2.66531797;3.29010214;2.49957808;67.57021036;7.85106038;6.88823518;8.57536728;2.2845824;17.34701754;3511.957093
1/12/2008;1.20413401;19.26937285;1.83842575;76.05462921;2.56357835;13.33752337;269.3687938;33.66213475;1.33980088;2.98586631;28.44277003;22.51933582;56.42299539;20.37018568;3055.840784;11.40737753;14.79068518;2.99805213;3.54937428;2.39824001;60.63659802;7.79561404;6.8331616;10.87583271;2.5907599;19.54067074;3748.636696
1/01/2009;1.40046901;21.48930892;1.53835139;91.92504125;3.21837991;13.33935693;208.569989;33.01098479;1.51472828;3.16427951;43.41192755;25.76251185;79.00353208;24.4328397;3292.600978;12.72752966;17.50723549;3.14992508;5.32805619;5.3925897;65.30657303;9.36100803;6.87070967;11.93608848;2.85080237;14.25101677;3999.064213
1/02/2009;0.99947782;14.75964808;1.14811185;73.45011708;2.77020958;9.63056286;209.6797811;22.73170878;1.67157418;2.6470588;26.7661748;20.08929448;52.73009018;22.00618675;2553.033316;10.8567846;11.34001444;2.85242533;3.36241273;2.50457312;58.00288154;9.29143889;6.50862989;9.09345936;2.51251465;16.73468388;3147.17313
1/03/2009;1.54817577;16.57472642;1.51769048;79.45476252;2.61981588;11.39307685;247.415426;23.2931567;1.31420196;3.10182534;24.2320323;19.97896081;48.14827747;23.64615067;3209.358301;11.79475179;14.65875464;3.3731708;6.87467401;2.29994004;67.71133528;10.49541794;8.28105524;9.95886618;2.61969301;15.39912124;3867.06336
1/04/2009;1.84680899;15.72059893;1.72147251;436.3430412;2.77722113;13.0805931;275.4357025;62.61196736;1.36618767;2.95265481;42.28101993;26.15676183;60.11601971;24.57328336;4169.7651;19.35589852;28.54536422;3.03473593;4.03687497;2.38710493;71.77685522;20.88460369;10.55666175;15.34528696;2.53729848;18.7405905;5333.949708
1/05/2009;1.12851316;14.85082284;1.39280611;79.83593223;2.24265202;11.02903129;238.3720907;27.12682322;1.2750903;2.44387931;23.0247672;14.71189824;52.4361112;20.27171256;2770.01428;15.11213476;14.24325116;2.69151034;4.23381912;1.6751822;57.17068318;13.7973157;5.95705708;9.5398827;2.37096839;15.0527937;3402.001008
1/06/2009;1.13061603;18.29954236;1.51695319;87.51924456;2.14159576;9.46591605;277.4468135;22.31713809;1.13662481;2.57118886;45.25371467;17.92334458;56.78950595;24.46208601;2726.394647;12.99215137;13.07447586;2.70540917;5.11195725;2.0484915;67.03061663;10.33653763;6.14121636;9.39052079;2.06244739;15.56450744;3440.827263
1/07/2009;1.26266546;13.05704326;1.51633809;128.4030471;2.20069819;10.94508308;201.1359636;21.89627551;1.15732039;2.46336457;28.30074216;19.88570423;58.96488657;21.68057116;2773.195447;13.47627322;15.32858533;2.47204807;3.24162856;1.94990664;69.59871962;10.64546066;6.47803916;10.64657667;2.43761927;16.89632283;3439.23633
1/08/2009;1.47655115;16.36131365;1.78024267;72.46189331;3.25629954;13.36353572;195.5545958;24.97438841;1.22646683;2.88717955;37.49055684;22.26799602;50.14009103;22.05325459;3007.347666;14.43835667;14.0755174;2.94166585;3.40331602;2.85315839;65.48846448;10.77252368;7.5650058;11.04398443;3.03255295;21.23530194;3629.491878
1/09/2009;1.26376746;14.2203753;1.64365333;91.66744341;2.77433375;10.32520899;165.3582763;23.33387512;1.66294537;3.0445954;39.19313719;23.15943798;53.34849074;21.67579829;2906.431278;13.86087977;14.63604314;2.9031975;3.54407696;2.16031187;64.67650879;10.40305399;6.60496661;9.96341505;3.89842892;17.89399655;3509.647496
1/10/2009;1.26891362;13.24240341;1.75072537;73.14390138;2.54972277;10.26631102;230.2423571;39.40723267;1.23761564;2.74144812;39.11029544;23.5951144;52.12717448;22.10508776;3115.449537;14.76646394;13.4940807;2.68804749;4.20873309;2.48433196;56.22916737;13.40862899;6.83346755;11.91068104;2.15648315;18.36541005;3774.783335
1/11/2009;1.60719983;17.74300931;1.5126975;101.1424334;2.93308318;10.23053841;211.6944922;47.04324347;1.26315371;2.75460958;37.30971872;22.48151166;60.37665145;20.37716456;3173.320803;13.52719378;15.86041153;2.82833273;2.93740829;2.07330297;62.18318381;10.89023736;8.42925116;10.70250742;2.91258593;19.42900591;3863.563731
1/12/2009;1.61203139;20.23275185;1.81018949;112.5007254;3.35500996;11.5635298;199.4801776;56.42192618;1.37853045;3.05109195;36.5424488;25.02372523;59.18439874;25.60880148;3286.585443;17.76765296;15.5339416;3.07891632;4.98182173;2.66157884;67.60455256;10.94531574;8.18549396;11.63781383;3.7052418;23.22268083;4013.675791
1/01/2010;1.48799331;20.13761976;2.03200469;94.21466362;3.66393751;15.20463664;241.6290093;88.605208;1.62573865;3.50421816;50.53250237;24.93451754;93.69765572;29.78267128;4053.741957;15.98216448;16.47811322;3.13435267;6.05544677;2.52223301;81.09094707;12.79462605;7.58443176;13.422948;3.46654084;24.67879519;4912.004933
1/02/2010;1.08843048;14.64167558;1.51233548;84.8888908;2.84357355;9.73156171;150.7566802;47.38549745;1.10660539;2.90239002;22.57088064;21.12381434;64.06608023;24.04377276;3103.766189;11.27744925;12.600339;2.51947195;3.36974158;2.01302862;70.41330566;10.79764969;7.0169418;11.29238606;3.80254563;17.33222796;3704.863465
1/03/2010;1.30767906;18.26691476;1.62389519;94.25136737;3.20484624;11.79853313;220.9123573;51.97519315;1.48882437;3.10776242;22.01522364;24.41757096;81.39418261;25.9623145;3803.309962;17.96407059;43.64892113;2.83804391;6.27124386;2.47181411;103.8815092;10.35938639;8.04297424;11.82229844;3.25896087;18.71587917;4594.311729
1/04/2010;3.87971424;20.96291754;1.61782345;374.9945396;3.26653345;12.5071681;343.7743893;117.1419391;1.52325695;3.32132957;31.08114854;21.49264343;75.52052259;26.42355673;5347.992147;19.14898303;23.63817027;3.51415896;3.93167488;2.49772293;98.97041327;22.84566822;9.92951243;15.65793425;3.9517807;25.71784831;6615.303497
1/05/2010;1.73388305;19.16875667;1.62836394;133.3425181;2.27782725;9.38324013;198.0565095;36.39844666;1.52137131;2.75467457;20.73706611;19.47876265;63.0979206;20.50677401;3397.847511;15.16596196;14.94837744;2.65570276;3.30371516;1.73768339;74.76702914;13.46985879;6.69812357;10.17364244;2.83693742;18.96321112;4092.653869
1/06/2010;2.16287797;20.75599184;1.53143053;103.2816965;2.38096216;10.37516258;198.7947684;43.59246271;1.53746442;3.04559378;25.93348396;18.77203892;62.92849403;30.53269411;3306.909726;17.32966205;14.6020428;3.43728832;8.26868471;2.36129812;83.15258167;12.71604671;7.74051816;11.74230022;2.77886639;20.13863152;4016.802769
1/07/2010;2.86947952;20.15055909;1.71603933;178.4832597;2.99483232;11.94560499;243.2640913;37.67035634;1.21363254;3.12266441;25.86282393;19.01562224;59.40333681;29.76104725;3428.733162;19.04530421;15.33409542;3.22004051;4.54615748;2.80083139;74.68625888;14.31813014;7.5039427;10.1434201;3.3758194;21.31595282;4242.496465
1/08/2010;1.92928721;16.97317656;2.02212596;130.9634436;2.91127705;10.24751429;235.9050838;35.97281506;1.37423636;3.30685062;24.25132929;21.18882209;61.59772883;23.17586348;3345.221889;17.79882181;17.36809953;3.6375079;3.50765301;2.27391834;63.32158307;12.60321301;8.46826611;10.6499322;2.98414896;21.66048056;4081.315067
1/09/2010;2.65804493;16.74841115;2.34701169;121.940323;3.32870058;11.30745814;240.9076564;43.8326861;1.463261;4.02252972;25.38337102;25.36973649;66.62798062;26.32967556;3266.524185;14.99532549;16.40158453;3.54833101;3.29741491;2.58527907;70.45875596;12.27744415;8.78801646;10.95299748;2.70544805;19.98959997;4024.791228
1/10/2010;1.51994239;15.85714775;1.90909674;146.5091545;2.97746761;12.94827214;264.8431284;33.83623911;1.63261497;3.96628973;29.15017407;24.28670207;68.63357506;24.62485794;3613.043209;13.19679807;17.51491716;3.81371015;3.88374177;2.89409649;64.98501123;11.84043944;7.23786046;13.05966336;4.22666666;21.77685155;4410.167628
1/11/2010;1.69657015;17.39492645;2.45425043;149.3899263;3.8101268;14.42422004;200.1358943;32.63016354;1.96578588;4.03465557;26.99813176;26.0336023;59.98067253;29.84005148;3552.338315;18.6044138;15.99986983;3.77163931;3.90872213;3.4831532;69.28878335;13.66099964;7.29218044;12.74572287;2.65158365;22.77271331;4297.307074
1/12/2010;1.67943065;19.19073388;2.95720687;232.3969052;4.08277075;12.81955024;176.7572097;39.02376761;1.55106755;4.62726091;29.89378651;23.45758876;80.59866757;27.05999585;3696.487019;15.99213245;18.42420762;3.8030696;5.1812962;3.66250488;69.29184134;13.30329725;7.34422723;12.20187123;3.05049718;23.86706645;4528.704972
1/01/2011;1.9556151;21.78459676;2.85490473;178.4560971;5.18921843;14.88933945;335.6150285;57.05458891;2.14570356;5.2876395;33.64082677;25.44044682;74.78058572;32.98499855;4688.367163;14.40317321;17.92626661;3.89261367;5.16883798;3.38238875;84.44628053;17.49522796;9.12442755;14.60039425;4.32927375;28.76107858;5683.976716
1/02/2011;1.3047059;14.45839194;2.22088483;181.7708911;2.99182275;12.09826826;206.081622;37.41692366;1.28093346;3.32197789;24.74549115;24.53104066;63.95998733;28.17836323;3496.264856;16.22220199;13.56124966;3.09633874;3.87924685;3.06890037;85.74389121;12.459258;7.43005978;11.8701012;3.61720145;18.89775016;4280.472359
1/03/2011;1.17351545;17.39433152;2.22865901;198.6204173;2.77295714;13.7505172;246.2612786;39.15703651;1.21383909;4.11431919;47.68951795;25.06295274;102.5196829;29.92298217;4945.925387;19.55852461;37.10906994;3.62436325;7.30281281;3.45236864;111.3583189;15.95701153;9.16734552;15.15008166;3.47618368;19.65065825;5923.614132
1/04/2011;1.57156273;19.41410043;1.78237642;655.4243896;3.11941612;15.46338885;386.5370268;167.6284415;1.6029202;3.90840012;31.31596598;32.85038488;131.4169624;33.28129518;6186.453591;17.28378122;31.60789339;3.61157971;3.78472904;2.83114216;76.64183944;17.87872192;11.27300297;15.5984222;3.69719325;24.0155437;7879.994071
1/05/2011;1.05832854;21.2692937;2.02161117;182.6018205;2.54064068;13.221286;235.3427084;53.46928415;1.34205578;3.7533666;33.39803115;21.48335025;72.76648317;32.78517808;3850.211349;19.97478512;20.35937434;3.60391301;7.75699174;2.68412244;89.37751643;13.61199899;8.37444313;12.04119701;3.06008084;19.7351558;4727.844366
1/06/2011;0.98565775;19.00397582;1.96010749;200.5199941;2.97408456;12.86813848;234.7125292;45.44154248;1.10262327;3.63857836;28.35849403;23.93311096;72.65852637;30.13905736;3979.949978;15.64886317;19.39356439;3.33365123;5.83640076;2.59266449;87.27444718;13.31288779;8.42466853;10.51115837;2.99782753;21.46247659;4849.035008
1/07/2011;1.2824027;17.82490186;1.75974497;232.6770194;2.95197715;14.28497151;209.2596034;51.81043005;1.08857326;3.58913657;27.55099918;20.72666788;70.77774517;28.61142994;4062.454903;15.98000855;19.47785797;3.65280783;6.7135889;2.90971426;77.52732853;13.90058211;8.86349522;11.11878074;3.04304145;24.43579333;4934.273505
1/08/2011;1.3340679;20.52852137;2.64142541;203.3893258;4.57880347;16.10676002;256.4712957;38.60253409;1.85709317;4.06887183;28.67882509;29.67882866;95.16793558;31.3664755;4351.312408;18.59313332;18.24842626;3.78800884;8.25405169;4.48479993;78.84811285;12.89308521;8.82365898;11.79915959;3.60938055;21.83005479;5276.955044
1/09/2011;1.37414006;17.87201652;2.28941213;197.104492;3.30870016;17.91847215;191.0270349;38.45455949;1.70511902;4.24375634;33.85413378;27.77658981;78.7322259;29.64929985;4235.521621;16.02188973;24.26868104;3.85896167;4.5781753;3.20141235;79.04199264;16.59202871;10.35526756;11.80763915;3.9193418;22.58655258;5077.063516
1/10/2011;1.32740959;19.19670294;2.35162683;214.7374757;3.39831744;18.09812065;242.2858377;39.80813787;1.5818032;4.58618893;34.68777098;25.41208536;71.73530813;29.65062736;4348.33429;18.69817591;20.82453701;3.88426412;5.48300461;3.42169111;70.76811729;15.58895984;10.73802066;11.43681473;3.7034925;22.9425317;5244.681312
1/11/2011;1.55091476;20.3033876;2.61724773;162.711597;3.57213146;17.98651092;237.7431434;41.96105285;1.78462955;4.71443197;29.73160606;27.80781006;93.46562514;37.05885333;4233.725745;15.74000843;19.68803396;3.77501154;4.95498078;3.85567138;71.28062169;16.8730539;10.04907249;13.8964403;3.37573843;22.68368573;5102.907006
1/12/2011;1.49244609;21.71724961;2.75586128;195.7797204;4.32469478;18.31085735;285.9731445;44.16533232;1.89496782;4.63444676;28.82253508;29.37782192;79.38598466;52.86757213;4257.33874;17.10918628;24.47416741;3.50619348;6.38696119;3.36374248;73.57018688;17.05232936;11.23833162;13.20327176;3.33841408;22.77594853;5224.860108
1/01/2012;2.07759189;29.14775541;3.84001493;230.5814548;6.6721939;23.46938513;293.7273715;206.0361528;2.48827171;6.46633916;45.07244507;30.61006345;95.34223982;38.1936308;5404.340296;19.22683569;28.06097695;3.91218204;9.73968572;5.69371508;103.3367733;22.01527025;11.97372045;18.42255983;4.01433647;30.10746064;6674.568722
1/02/2012;1.35032039;21.40613113;2.64806004;154.9796614;4.92088721;16.96326882;246.8632728;43.46478229;1.91369376;4.69716265;36.95750658;30.27046325;89.28715833;32.1554258;4102.248084;14.8874829;19.55608702;4.05329501;4.29083323;5.19464238;80.50301592;17.67010718;10.57581437;11.86404604;3.15019915;21.14862638;4983.020028
1/03/2012;1.89770838;23.67478481;2.41017541;195.8974202;4.46806189;21.02497785;287.2147783;111.4063968;1.75333345;4.99550894;43.98290615;30.98501759;129.4993523;34.99164464;5635.421232;20.30335916;37.53455121;4.33090674;9.27734717;4.75713014;160.0405076;18.86228939;11.69400208;15.4635976;5.10718254;28.52084784;6845.51502
1/04/2012;1.54153331;24.2539875;2.62459227;347.1272444;4.254734;20.43010869;367.3818236;100.91345;2.31006443;4.97578954;40.46617791;30.66679537;119.6285634;34.56798401;7362.729919;20.99458899;25.69978014;4.04667502;6.97872275;4.19155334;113.7343971;18.34539131;14.43148617;21.16934969;3.93320512;27.74984369;8725.147761
1/05/2012;1.99969366;21.14120751;2.76656768;157.2962915;4.00605715;18.07342711;252.033757;46.80936465;1.77111303;4.6116868;39.64909094;24.19493883;86.21477394;29.18833643;4501.721296;16.52132785;27.19126172;3.85198722;5.56425772;3.92046689;80.68394473;16.13909781;11.02157318;13.18877355;4.02486442;22.19103657;5395.776194
1/06/2012;1.91787175;23.58951522;2.67747625;211.9828019;4.32756583;21.84690059;241.5582227;40.18704947;1.9004566;5.56141619;36.77807348;22.22795105;91.13214524;32.67830511;4340.33208;22.23213013;29.28891661;4.1443862;6.38005734;4.52236434;87.61406269;14.97866884;9.91361172;12.26768622;3.62157502;26.96557004;5300.62686
1/07/2012;1.76596313;28.24142903;2.98897365;169.9936694;5.37033706;18.47306115;297.4211331;43.47056458;1.95829494;5.68134203;33.02915699;28.00226235;92.62339678;39.14678138;4857.600311;21.50115226;26.59426782;4.64684673;6.16625804;3.85810526;88.17976961;20.36429028;11.21372719;13.96674737;5.01357273;25.29019777;5852.561611
1/08/2012;2.16949328;27.90379353;3.53758323;167.0135332;4.96034518;23.47179542;275.2601601;45.45303259;2.35206023;5.2638135;40.9184759;35.5878965;102.5585469;37.9192673;4380.143389;20.58496069;26.58286689;4.69887993;7.13176774;4.66740212;79.46163723;18.41096208;11.4460195;12.94027585;4.43286995;25.3060903;5370.176918
1/09/2012;2.0286471;23.09541106;3.57809133;165.0655057;5.60623613;25.17871619;274.7888344;46.87050723;2.32945935;5.93282875;35.65290245;27.9569502;89.64614625;34.55279288;4397.992148;17.33286622;27.10520484;5.02881138;7.15526513;4.66422439;91.28465682;19.55460141;12.51970699;14.10151492;3.59449841;26.46299758;5369.079525
1/10/2012;2.33839527;26.22470608;4.6948637;185.2658535;5.67247552;26.90294907;242.2406132;43.70959488;2.34763784;6.63241933;43.55279579;33.98417564;100.8798923;43.09295736;4685.662899;19.99271404;30.74355149;5.04979021;6.08722615;5.95142499;85.29079218;19.05897526;11.98305696;14.0949004;6.06159707;27.27101306;5684.78727
1/11/2012;2.13559814;26.38933594;4.89465186;215.1312734;6.5524979;29.14883809;285.4139119;49.9024437;1.94087794;7.06934825;42.13700396;28.46171793;128.1049691;42.02500333;4970.449012;18.30545553;29.97959843;5.55099079;8.02207017;8.12312819;105.1078543;20.56378196;19.98284131;14.59547506;4.48379899;26.29800154;6100.76948
1/12/2012;2.37903386;42.02141913;4.10690872;165.3839543;7.18757084;26.26941665;278.1789689;43.77856098;2.98597705;6.92955226;42.96222496;29.56345045;102.5821303;41.05691926;5123.042711;20.82892661;27.1230953;4.91961561;7.67402087;6.25759472;91.6661007;22.02397982;14.23099407;14.33122331;5.89858829;27.81439819;6161.197336
1/01/2013;2.76637318;30.70778636;5.9736486;196.6648104;9.67696859;32.28846584;375.5790462;68.01089841;3.10484319;8.89450311;55.13532129;33.68167001;131.8108181;50.19191141;5664.964051;23.16718789;36.88888627;5.26851721;8.27588414;7.65208889;96.7294229;27.63176509;15.21220121;18.26149995;5.55218954;33.092699;6947.183457
1/02/2013;2.17137578;21.13610483;4.53376033;176.6673592;6.65391339;21.7129599;288.580556;52.50561073;2.91729852;7.48249655;45.08652924;29.59705686;92.96569662;48.14699065;4514.310593;17.69278265;27.1042922;4.72623665;7.37422303;6.64437326;91.01743937;21.85825302;12.65062896;14.89946075;4.90294034;23.80019676;5547.139129
1/03/2013;2.90887545;26.38024847;4.1480671;177.6565102;6.16266812;24.74779623;364.6984495;48.59421521;2.05026633;7.14900242;54.99103945;30.71381032;106.0142735;43.99415501;5530.406431;25.94266335;28.18816086;5.54960387;7.85237382;5.41381078;105.3055318;23.07370039;16.30769825;16.94520458;4.54049978;32.89763068;6702.632687
1/04/2013;3.22249528;25.59320726;5.11537255;172.4628586;6.99197272;30.94034489;367.1149217;67.35305343;2.5193835;8.49789039;55.75248846;39.26628933;117.3787137;47.94592688;6929.483665;22.67141476;35.97234651;6.74880654;6.47628506;6.49423104;94.10670218;32.36051578;15.39646912;17.96188516;5.00855997;31.53570831;8154.371508
1/05/2013;2.42840284;22.71388832;4.52870381;137.3112088;4.546788;24.45265799;268.4283299;61.55055841;3.43091653;6.81456053;44.49210213;27.08187317;84.18607259;43.75757006;4871.246732;22.6188324;30.27351895;5.73670736;6.73459988;5.92071444;72.48796645;20.21800134;11.72189236;14.57714218;4.94021987;26.41034542;5828.610306
1/06/2013;2.64759879;26.61018808;4.97686073;117.8374572;5.5399705;21.94929921;296.1420629;53.34027299;2.10893238;6.31912328;53.54973043;25.5104278;94.79668117;39.13100579;4651.65595;22.07380911;27.326115;4.69480407;7.21325511;4.95823384;77.96353865;19.8389703;12.53115631;15.56479252;4.79231114;31.00933339;5630.081881
1/07/2013;2.19376604;28.25557508;4.90091742;133.1371916;5.86394625;22.77065811;293.5929551;54.60396338;1.83391441;6.92974789;49.00639138;28.32583206;90.33481407;43.67756324;5058.520166;21.30354646;27.1431802;4.45818189;7.15301458;5.23952055;92.57894503;20.75803576;12.00692855;18.2690243;4.67110539;33.03881423;6070.567699
1/08/2013;2.43777266;30.17959171;5.32558029;125.4368583;6.38769064;23.39449663;274.4498218;61.83738523;2.14555655;7.80090575;46.6097998;29.6467093;91.26016837;42.05668808;4960.270865;19.77905942;23.44319491;5.08510963;6.57325284;6.20861783;82.17566056;20.10622972;11.7719132;15.64056988;5.21698951;32.91666774;5938.157155
1/09/2013;2.64301635;29.00451567;6.80068926;188.8450827;6.9310568;27.32568632;269.2106932;54.28958022;1.96302523;7.00936313;48.12746874;28.69537042;100.7568589;40.68743516;5105.441218;21.98034604;28.02238148;4.63068422;8.09005156;6.35568364;108.4030579;20.9705357;12.59116687;15.46727439;5.07703583;32.73223134;6182.051509
1/10/2013;3.11224728;28.07279236;5.73039723;133.1772917;7.36574458;25.98411962;243.8442824;55.32104241;2.42402817;7.86362429;59.47813099;35.09170261;106.5551919;41.13465434;5121.347033;20.16659391;22.86389087;5.00469676;7.36622197;6.77196364;84.88878799;19.62281693;13.00532323;15.03444699;5.34571051;34.095288;6110.668024
1/11/2013;2.82775532;27.92117742;5.39651903;174.4073991;6.69002222;25.85458071;243.0197994;55.42865542;2.50018845;7.61815278;57.05345397;31.25279408;120.715152;47.87776081;5299.684734;27.83391187;30.65923293;6.86974878;6.16843916;5.64595211;84.29741188;20.96989847;17.41241819;16.85335527;4.68195575;35.98361263;6365.624082
1/12/2013;2.97180639;35.27234623;5.40766584;134.9742032;7.91158132;26.95866;315.643459;110.7732485;2.44377848;8.2421524;72.78447098;34.31613336;109.0870811;48.58619078;6003.775088;24.44438663;28.95999309;4.46911443;9.05278754;7.04566795;111.0774764;24.69506736;16.67878139;17.57101857;7.36307554;35.41497611;7205.920211
1/01/2014;3.80633224;43.58327641;6.85672363;259.0169844;11.80689133;30.11086671;351.1037861;64.73181895;3.50647102;10.81697158;72.76769985;37.20438115;138.4472542;54.59297829;6100.840611;10.36258931;25.0733255;4.73633253;11.66276548;8.21166812;97.76812588;28.43902561;15.43187567;19.51882753;6.54772617;43.90233545;7460.847644
1/02/2014;2.52057226;23.91308846;5.08129586;129.4636053;8.3166445;20.0921721;258.6699092;46.95419165;2.98448031;7.48416957;50.78371292;28.46400793;94.23615779;46.80816175;4836.435031;7.91920109;26.69091058;3.78875138;7.61214763;6.12215776;98.20017413;22.71604222;13.22034602;16.79118233;6.31809689;30.45346614;5802.039676
1/03/2014;2.65782614;30.2891262;4.91681343;173.7299786;7.76706671;23.5447752;292.7440509;58.93968474;2.17473053;7.66817644;60.797656;42.99964685;104.4704118;50.87103895;6585.951159;13.80233576;29.65710257;3.98369295;7.31712669;5.36762788;136.884621;21.82794248;15.67846989;20.01414221;6.35254945;39.24034763;7749.6481
1/04/2014;2.98288175;31.50082671;8.54143721;178.1684067;10.12638396;25.3660109;308.6034482;84.37328189;2.64114548;9.1871409;75.91569781;38.29452938;119.4200609;55.57080688;7369.519032;10.24871305;30.87133673;3.7427955;10.54520107;7.39097378;110.1160316;30.4423442;21.62309347;19.63474485;8.08492407;36.45267424;8609.363923
1/05/2014;2.91051891;30.31392257;5.32026488;158.1223492;7.48065278;21.70098629;225.6156254;57.38260969;4.82919436;8.1180911;57.76333646;32.45792122;94.28599889;42.24401526;4812.681473;8.36330803;37.66776902;3.58201814;8.93014797;7.34687831;93.52752658;29.3573866;14.04886994;15.8770516;5.20997855;31.88930701;5817.027202
1/06/2014;3.01735865;26.95955597;5.71823775;151.1517608;7.16391505;21.10451155;254.4787067;60.316833;1.88965079;7.28220062;55.86938024;26.27143899;97.4544822;43.62177945;4750.922543;9.38583282;22.34857647;2.81652519;7.63374144;6.22841471;91.872215;21.35295828;14.54549811;13.78338105;5.4486565;34.57321427;5743.211368
1/07/2014;2.64852413;27.62787696;5.62857697;138.1883497;7.31470866;19.96877032;215.5922212;55.35698705;2.19234484;7.41620908;51.22693231;31.71722532;97.58768005;42.5828577;4775.500808;8.39937509;26.87152045;3.27913506;7.34073857;6.68287535;99.63503461;22.12819875;14.43196982;15.43224198;4.60167457;36.86418328;5726.21702
1/08/2014;2.6943143;24.25338417;5.68917899;151.1094503;7.74229031;21.14066813;263.3121624;55.11086649;2.14138569;7.21697815;46.22585886;35.28035059;205.7108763;44.52990657;6236.923343;9.83814807;20.81952242;3.43318651;6.58099034;5.07750115;89.90604301;23.89028627;16.03739026;15.52904339;6.85083267;35.06939151;7342.11335
1/09/2014;3.00199464;27.98984877;5.90830952;140.8438842;9.36671052;23.26417546;243.5473919;78.91582463;2.38584768;7.76306812;52.94946359;35.63486859;116.0421202;55.62958664;5137.929056;11.97997005;21.80278496;4.40019129;8.04083466;7.38417513;104.0687486;25.68166561;13.19593703;17.95684277;6.98924148;36.51871419;6199.191256
1/10/2014;3.09082768;28.32167223;7.06021685;147.0605666;9.07317272;25.59337959;277.6648831;55.3746581;2.89278773;10.21480025;66.10227707;38.11941395;117.0131924;47.17885308;5103.361648;8.38461831;30.55324881;4.79331519;7.60702837;6.64103017;86.99466411;26.95494005;16.86994764;18.41665101;7.15376037;37.7417885;6190.233342
1/11/2014;3.14128533;27.37058367;7.2974429;455.4472945;9.01424136;25.70674937;230.6889905;56.08460941;2.58338338;8.14305075;51.87426866;33.54745601;123.2647648;45.84426793;6262.51171;8.90456613;25.35273604;4.16028724;7.69362389;6.94583547;86.61276622;25.96178969;14.64856853;15.95332039;7.38718674;37.34028484;7583.481064
1/12/2014;4.29215409;29.68652812;8.43158504;198.3297106;10.99014546;30.2315503;259.7306957;86.28826864;3.59143873;9.42692992;65.76891304;38.58940219;144.344179;52.74238506;5495.636027;10.35406888;25.24472602;4.61344688;10.97864269;7.63579735;94.29584505;27.5072464;14.89815189;18.63991881;8.26286965;42.25797626;6702.768602
1/01/2015;4.29396195;38.03101896;9.05887182;182.5577925;12.87699742;32.21670401;344.5577603;64.52159008;4.79280669;10.74857233;63.54036138;40.34114319;250.5788036;53.51016959;6301.308835;25.11263643;23.41227738;4.55248329;11.13737886;9.88012358;76.97371226;30.20452931;16.1055091;19.31703761;8.49471237;48.32459903;7686.450388
1/02/2015;2.85213708;22.90598255;5.97632667;167.8238564;7.63920411;20.90152008;323.6955915;49.49052699;2.03810071;7.21401835;43.61150885;31.61774237;103.4524995;38.98163421;4793.474027;22.52483456;19.90093939;3.65796518;7.84524277;6.88265058;60.15171162;24.18827132;15.72723241;15.9331686;5.57273492;31.47479817;5835.534226
1/03/2015;2.85089408;24.87179027;7.04673267;179.7427083;9.26873791;23.98323479;328.571274;55.33535198;2.22906192;8.62416064;127.9709012;35.71798763;177.1051357;48.93089866;5847.041325;27.19596227;24.08323471;4.93583464;7.86716917;7.2882014;90.35646953;26.65105878;15.87900106;18.86370659;8.03915139;37.33555444;7147.785539
1/04/2015;3.08043715;26.45955367;7.33484514;224.0632114;8.74050043;24.67571416;341.6025236;130.0711981;2.0338905;8.06930842;56.56484044;46.56090917;208.4006092;50.82173467;6606.636372;23.05257798;38.29943887;4.77426509;6.96653711;5.19830848;77.8694111;24.57901048;18.98774923;18.5244864;7.08657407;40.36503625;8010.819043
1/05/2015;2.81136114;25.6871273;6.24272634;152.3405601;8.30274366;17.74895577;306.1038841;49.17137972;1.89063114;6.32802862;46.81574998;29.1273174;120.355745;39.42414638;4572.918976;25.09602048;24.65974157;4.34852096;7.47990323;6.25300132;68.51990303;21.69153119;12.289171;13.55934216;6.21185874;30.99752634;5606.375853
1/06/2015;2.65622393;33.29034398;6.90833185;158.2710657;8.63940766;21.18557104;325.7179043;49.47361336;1.99065223;7.72261144;52.82488487;31.94450347;131.4231438;40.5695447;4692.227574;24.47944422;25.9463747;4.53404553;7.02862022;5.69477446;80.40773224;21.44715406;12.73660085;16.32679716;7.45017626;34.89892856;5805.796025
1/07/2015;2.56047937;24.74099168;6.93061071;148.1230539;8.04354845;22.03857435;281.5043612;48.0438274;2.1912514;7.79104825;47.82064944;34.1986275;123.6080473;36.39400487;4850.534581;24.09247346;23.88661288;4.3564484;7.60418585;5.9630996;74.04114617;22.00038836;14.04179884;15.71681031;6.86300566;37.21855406;5880.308181
1/08/2015;2.59482294;32.41201182;7.17286605;151.8574438;10.54042145;24.38953369;249.7811769;56.90645319;2.33908548;8.99771495;50.09057514;38.59940677;125.3164449;39.08005501;5246.207389;26.73418945;26.97949325;4.30558482;9.39130652;6.00116357;76.40009098;25.37683153;14.18922055;16.98623588;6.19544841;38.12269199;6296.967658
1/09/2015;2.24783556;37.30481675;7.54898381;174.7078658;9.88309871;27.05553808;267.7144635;55.29841381;2.68598449;8.55763576;48.41992374;39.57692337;128.3952032;44.71458664;4878.157109;24.54168861;29.5775308;4.46516744;8.15657224;7.68486944;72.00020363;23.2002728;14.22669707;17.25094676;8.02260793;38.27214256;5979.667082
1/10/2015;2.77482545;26.46217329;7.6088725;157.241925;10.56449644;28.49211763;256.7326648;55.00168921;2.78377041;8.86233294;50.88821956;38.42815361;139.3866707;42.54276778;4961.605761;24.16037015;23.29507169;4.80337881;8.73252622;6.92208643;70.99775128;24.56073558;16.50419883;15.2220975;7.53754696;39.01409595;6031.1263
1/11/2015;2.66605435;33.44783485;7.92293697;171.1274296;9.56988512;25.84095392;286.7633007;58.14632564;2.89430852;9.12203641;53.15460771;41.4581936;144.0746803;51.49070991;5113.516206;23.79730026;23.84900191;4.87902076;8.75657684;7.48109577;78.5374878;28.00725829;14.45338222;15.63568524;6.99887351;42.02007905;6265.611225
1/12/2015;3.42072179;31.04080582;7.98885424;172.1356019;10.52002081;30.36001883;343.1290445;55.75841723;3.19944344;11.20236489;57.39671424;44.81819915;146.9813839;48.71143623;5487.415547;24.76553109;26.79506591;5.83010512;10.61479936;8.46680475;78.2883012;28.75313912;20.85672314;16.11187067;8.29630365;41.22990244;6724.08712
1/01/2016;3.80497035;34.04170653;8.81888987;177.5113802;14.71022254;31.26016852;342.4449464;59.41494535;3.61958629;10.82021189;54.43093761;42.95303079;174.3448023;52.40788988;6164.318887;26.03996654;25.17683521;5.42263707;11.55255929;7.86347889;98.51018943;27.27072145;16.63839525;17.93960162;8.95357861;52.05089217;7472.321431
1/02/2016;3.14538057;30.39562548;6.57681608;158.4940447;8.50228877;23.8929971;253.2914869;59.8760582;2.72280042;9.80121856;50.49322999;41.69966297;141.2536878;42.38062741;4906.363996;24.78237408;21.84522997;4.62775147;8.23962064;6.84791988;74.53758512;27.51326964;14.58600382;17.47817881;7.58508645;36.27330399;5983.206245
1/03/2016;4.05605792;27.30044283;7.19515953;191.3740117;10.81725781;28.45202417;332.0903558;58.74663375;2.23280896;9.42272492;67.3742742;45.47807754;184.1285313;51.10404542;6553.873804;28.05595708;34.45359628;5.43774712;8.17559538;7.39066428;88.04166263;30.09466621;21.52559029;21.09892866;7.2719307;41.08200218;7866.274551
1/04/2016;4.08749059;29.08731346;8.6004623;245.7815244;10.91417618;30.15502552;358.8885235;64.3448505;2.31102206;11.3144189;71.20499063;42.56827732;192.331539;58.24389457;7594.843431;32.89333361;35.55135612;8.33515246;12.07825603;7.25673377;89.45116261;32.44268303;21.72257576;27.55985918;8.08418555;39.61851412;9039.670752
1/05/2016;3.51104506;36.06407758;6.76190501;182.8646404;8.84307396;23.12919579;263.7011183;47.30845596;2.1783181;8.86061964;56.5758656;35.97051526;177.1482353;46.2395753;4868.345891;26.91501415;24.90913269;6.40630647;9.77353248;7.29905731;67.88707336;26.40834363;15.14509305;16.60871147;6.76081653;56.91040764;6032.526021
1/06/2016;3.17626652;31.14567542;6.66286107;151.7286089;9.77756119;22.65599642;234.1797917;47.5736391;2.43527946;9.70739556;50.83272975;38.27813695;165.8425868;42.93529675;4918.948216;23.12725239;23.60482123;4.94562196;7.30560782;5.11189474;65.71823469;25.07895214;13.58890448;16.83650741;6.43898775;39.66706599;5967.303892
1/07/2016;2.73591291;25.46616877;6.07114621;159.7985063;8.9250708;22.21450939;251.6772761;47.71232532;2.79920559;7.9482618;51.07867103;38.79747902;120.7682643;42.4106699;4941.523625;25.52251589;29.45718826;5.6599431;7.04773252;5.48502875;56.12528018;26.10890184;14.15852266;14.4381519;5.38912578;42.4944917;5961.813975
1/08/2016;3.69346765;29.06746843;7.56869403;181.129097;9.94508735;25.66155497;252.6782634;52.75499006;2.62010334;9.68212876;59.99738774;38.76438028;125.4027188;50.24428789;5226.815666;26.35265343;24.70684438;7.97022829;8.30336352;6.87199581;71.5542795;30.10551171;15.78853021;17.47876648;5.1609067;43.02140983;6333.339785
1/09/2016;3.38034992;22.93676685;6.77734951;163.2982026;9.57739874;25.82783065;289.7137132;56.04856364;2.62013082;9.72494219;54.25195065;40.15494978;126.7975624;46.46388491;4971.792547;21.82080072;25.07557219;5.87940688;7.18049567;6.81412998;70.04595495;28.38874157;15.76054091;18.41376734;5.72369621;42.59440045;6077.06365
1/10/2016;3.68192536;29.26067924;6.49961472;185.7116538;9.55044957;24.53644616;281.1315229;49.33186117;3.01807949;9.49959594;49.07783534;40.73666833;126.7325163;38.66112458;4969.872462;23.31935852;23.45378341;6.17214246;6.96555208;6.76758997;68.43896032;24.3307331;16.16304821;17.65858804;4.80221731;40.80088087;6066.175289
1/11/2016;4.19581577;25.43345957;7.1947089;184.3721731;9.50728775;24.01688113;295.8731815;50.25295324;3.32506136;9.57611671;50.62087013;39.16452302;129.7172719;39.38617761;4979.294539;23.9860242;25.52328769;6.84525145;7.40772455;7.26074033;68.44435535;23.68996619;18.30681865;17.00500967;6.34199586;43.32689556;6100.06909
1/12/2016;3.78518589;32.60700086;7.12682761;171.0017257;11.83128146;27.96255893;307.65213;51.6728805;3.15940046;10.20905768;53.55552084;42.88635597;128.7436031;43.2500096;6289.458069;26.94240515;25.94786688;5.82461922;11.3566794;8.3900018;76.60545299;24.55730063;16.55435136;16.42428298;6.67030949;43.10553214;7447.280409
1/01/2017;4.20234065;33.224324;8.01508231;192.347083;14.56737195;30.27390484;316.8629157;217.9450066;4.42539068;14.19659791;63.82117909;45.0529693;128.7527945;64.33032406;6272.734502;31.62301429;26.90875104;6.20549752;11.89383878;9.66659308;96.64389463;28.0405568;20.1361562;21.75408863;6.97157223;53.15832713;7723.754077
1/02/2017;3.03626393;26.8716986;6.49362754;168.5919199;8.22847691;18.40261508;248.5691695;68.33038041;2.6120279;9.27624575;41.25072345;39.4575848;104.5054141;38.19516479;4903.654991;21.96288762;19.16428751;6.29568955;7.58062658;7.15450656;74.60782178;27.08829632;14.78709708;16.05737753;4.78774919;36.35916439;5923.321808
1/03/2017;3.48438906;22.66739955;6.47986492;257.7121972;10.07666755;18.18963974;284.1092405;59.74015551;2.45316626;9.37098462;62.91009599;39.10089864;104.4967393;29.30231945;6029.717487;24.00117441;28.01210432;6.08355495;7.68247103;6.57603794;70.30848513;30.93272207;18.87025746;18.93507043;4.54527987;40.84868893;7196.607092
1/04/2017;2.73485963;19.91326654;5.99428653;196.511045;8.34772937;19.73272662;348.7343463;109.7475508;2.39302905;8.16522876;71.42309267;37.85162264;99.77434917;33.04473016;7048.83845;22.57672988;28.50441795;7.73405804;6.94182317;6.41840512;65.36141772;24.53779327;20.21166166;17.5423691;4.32599787;40.65078972;8258.011776
1/05/2017;3.1735678;18.86313336;6.60318073;193.0334808;9.27435218;18.23009369;246.2320298;45.82324836;2.31894233;9.27804203;42.43808092;33.88848678;94.67361798;31.13688571;4932.678441;24.39891219;24.48977596;7.09726791;7.31769373;6.86850021;48.70436533;31.68007127;15.88421672;15.58405463;4.32377101;36.87285031;5910.867063
1/06/2017;2.84771264;23.40196537;5.59944005;149.9413985;9.44426888;17.36833623;260.0373452;44.04679793;2.2239444;7.71544014;46.43830136;32.60256547;84.47613894;33.73918747;4909.521624;21.74104375;22.33664812;5.52090178;7.64000976;8.62698059;57.34007105;22.33894619;14.84831458;15.25921837;4.52787869;42.33195906;5851.916438
1/07/2017;3.03120109;24.13109171;6.3129188;158.7799464;10.35007712;19.1690272;329.3276835;46.91404025;2.46073988;8.52110712;51.43484328;32.53012267;128.3381651;41.56651755;5126.508261;21.63619587;22.40574305;6.50003324;6.96232661;5.50068241;74.05405686;21.16332793;15.58262481;16.82913085;5.17671827;43.83803396;6229.024616
1/08/2017;3.32872366;23.80133398;6.75343978;183.9911003;10.17000628;24.45384549;378.5301059;53.56377984;3.20057804;9.48854112;59.63191981;39.72701969;133.7213655;47.55089897;5123.510698;22.32091573;22.78021058;6.59550498;8.38501922;7.09370107;77.81922001;22.51281978;17.81219765;17.61990294;6.08897647;43.80232164;6354.254146
1/09/2017;3.12708856;29.96946483;7.05689529;173.6962333;10.2489413;25.73591958;356.5785465;48.27447794;2.70447393;9.3915185;64.66186847;39.18645217;128.9481282;47.96640064;4973.150532;22.91667478;23.81372279;7.17798883;7.02225301;6.47818371;79.67653638;23.1374831;20.18971977;19.55906858;6.39041827;43.80407076;6180.863061
1/10/2017;3.32962307;41.62617488;6.97952079;173.6823496;10.69157056;26.61686109;370.2226752;50.96335688;2.99803049;10.21676639;58.30296533;39.90408855;149.2117387;48.34737454;5383.640469;24.60308238;22.90306461;7.10754868;6.79135546;6.8438436;78.00288456;25.2203577;19.05410003;16.67323878;6.58913744;44.28767904;6634.809857
1/11/2017;3.10205769;25.57635638;8.02236742;220.5614788;10.23223858;27.18841452;311.4997839;52.06046234;2.9430948;9.59797988;59.85726113;40.31031937;159.9412504;46.83441602;5561.66969;27.21145763;23.72989064;7.00324061;7.17693659;7.92642013;90.20322513;23.09646131;18.57596948;16.13125455;7.5024888;41.79224309;6809.74676
1/12/2017;3.34236258;39.58078673;6.08703534;549.1773166;10.49795314;27.49209123;395.6081;53.52606022;3.29569332;10.7168125;65.74106407;40.23061342;139.0398213;41.19394309;6491.036052;28.23793206;25.47717738;5.93876252;8.55905231;8.13730376;85.86363984;23.25376014;19.36914071;19.38641206;7.20302325;43.0015;8150.993409
1/01/2018;4.18797237;28.60519465;9.4957185;191.6015803;13.95116234;31.91113817;326.1841722;61.18324845;4.61354691;12.84885292;72.1856007;50.65425255;153.1092801;52.32645555;6838.64495;34.50472799;29.88013797;6.83482106;9.47350732;9.11361788;102.1572016;29.87788515;20.67779247;20.42221743;9.11209418;56.37307111;8179.9302
1/02/2018;3.07098014;39.22190059;6.69546671;166.4690588;10.50170601;25.37640808;251.6284125;50.16307223;3.3590806;10.31845077;55.48676957;37.98985586;145.0809961;48.42468083;5418.99526;27.79976941;24.69536531;6.50839621;7.15832113;7.10322014;98.36718464;25.98127979;17.4443022;16.0543559;6.3788903;39.81278131;6550.085966
1/03/2018;3.53691939;27.91828072;7.0743034;231.5123745;10.74180632;27.03130659;299.1799977;55.67910174;3.0927725;8.779732;72.04868853;42.76082152;135.3513446;46.24968895;6771.729395;31.29958344;34.77192581;7.18281031;8.39562873;7.45828101;106.240078;29.0873505;18.01538417;17.90419731;7.48027294;65.90784284;8076.429888
1/04/2018;3.66530337;38.76137537;8.09487928;746.6736444;11.57806548;29.51971565;450.4058159;233.904209;2.90139189;12.62448604;75.64300586;42.01854886;148.2229414;54.12870389;9133.785415;32.11562955;37.7279916;8.20314363;9.72407927;9.07687867;98.34448052;33.40522468;23.10543762;25.93250932;10.03491113;52.00297166;11331.60076
1/05/2018;3.51156664;27.52605152;8.24498116;223.9403237;10.25652018;26.32440552;276.1166639;56.48918522;3.135237;9.48030986;63.68189002;41.35295687;113.5659169;44.96576044;5735.703771;29.53235094;23.3260987;6.68057176;8.59495252;7.74883898;92.51731451;23.9813803;17.86698686;18.16156026;7.26603392;43.90617559;6923.877804
1/06/2018;2.85824961;28.00334598;6.5503526;160.2385157;9.39903758;24.90227276;304.9868221;43.26551586;2.65893777;8.75824879;58.18719676;37.29638361;115.1744166;40.47514366;5832.936928;26.14099487;22.93989062;5.83273792;8.79656715;7.5951995;96.66096489;22.72123074;15.82449249;17.45884469;5.81790076;49.77808444;6955.258275
1/07/2018;3.56690202;31.05954059;9.8362723;178.0444461;10.31282275;24.599482;286.1113307;71.45140025;3.03998543;10.82227408;49.36764313;40.56056325;111.1094344;45.11301723;5962.705782;26.73136586;24.00422437;6.40436513;8.99423932;8.03701095;99.8966645;25.24192238;17.17928193;18.7501853;6.15190764;54.21812389;7133.310187
1/08/2018;3.57225715;38.34196209;7.73925154;263.0341464;11.78322741;28.45903979;280.0450776;54.540628;3.21310205;11.02189655;61.89500007;42.40111902;120.4869511;48.60042707;5590.135362;28.16633059;22.16649327;6.755326;7.61898177;10.37479601;89.38365316;28.19181617;18.22596934;16.65723074;6.33685637;40.8440636;6839.990965
1/09/2018;3.33030497;25.85806632;8.99606655;243.5698324;12.00565633;27.05187963;288.2448168;49.96861166;2.89298622;11.33450138;67.01726164;41.8382701;119.9694261;44.75361639;5666.609961;28.0039023;23.38962172;7.12837653;7.88642285;8.04115865;83.20090303;24.69840422;19.20968826;16.38050087;5.57639747;45.08546844;6882.042102
1/10/2018;4.05605838;41.547922;9.40943026;194.8467497;10.78563305;30.64372314;314.0364316;54.31166456;3.6285707;11.80345726;54.84729174;45.02145119;132.3887187;42.3148687;5774.202967;27.66068553;22.89620256;6.50082002;8.65727912;8.31556972;92.69322804;24.72439004;20.92867533;17.02064698;6.52297868;48.38099119;7008.146405
1/11/2018;4.4471464;35.06294565;9.37101773;206.9064818;12.41906559;30.588783;289.75408;60.51414732;3.37140631;12.15510571;55.14058736;43.65637282;132.8576266;43.06081093;5904.148318;27.20699981;25.00147209;6.97233498;7.7524544;8.48795413;109.1231567;26.86270406;20.43807088;15.76952798;6.76568988;46.56687339;7144.401134
1/12/2018;3.76956058;42.12379952;9.34771856;430.8750389;13.42600728;30.77119687;317.3490927;56.35363556;4.29259939;11.12708299;66.33115682;44.97799292;134.7598426;49.48659801;6356.115693;33.47309019;25.6500049;5.92742698;10.35450515;8.38481787;117.8318828;28.79857603;21.39723512;16.2359781;7.52403297;46.54033036;7893.224896
1/01/2019;5.07572899;35.75967029;11.27314604;199.9412985;16.04493376;38.42518766;363.212252;63.3259469;4.24017726;13.77329392;71.22257996;50.90699442;158.2943519;57.75179728;7641.521483;32.92861861;26.14932568;7.07288085;16.68008766;10.08663739;107.8320184;30.98480363;21.44203779;19.5079992;10.05903223;53.69244867;9067.204732
1/02/2019;3.49726725;36.65747883;7.02585821;199.6521606;10.82818025;23.75304263;373.7362974;77.76564971;3.32175843;10.11370738;53.45302306;42.36716162;129.2554739;45.7839635;5735.625073;24.63002638;21.12232591;6.12920731;8.60528733;9.21960756;98.73249686;21.82120912;19.375381;17.75494491;7.08114066;37.64985166;7024.957575
1/03/2019;n.d.;n.d.;n.d.;n.d.;n.d.;n.d.;n.d.;n.d.;n.d.;n.d.;n.d.;n.d.;n.d.;n.d.;n.d.;n.d.;n.d.;n.d.;n.d.;n.d.;n.d.;n.d.;n.d.;n.d.;n.d.;n.d.;n.d.
1/04/2019;n.d.;n.d.;n.d.;n.d.;n.d.;n.d.;n.d.;n.d.;n.d.;n.d.;n.d.;n.d.;n.d.;n.d.;n.d.;n.d.;n.d.;n.d.;n.d.;n.d.;n.d.;n.d.;n.d.;n.d.;n.d.;n.d.;n.d.
1/05/2019;n.d.;n.d.;n.d.;n.d.;n.d.;n.d.;n.d.;n.d.;n.d.;n.d.;n.d.;n.d.;n.d.;n.d.;n.d.;n.d.;n.d.;n.d.;n.d.;n.d.;n.d.;n.d.;n.d.;n.d.;n.d.;n.d.;n.d.
1/06/2019;n.d.;n.d.;n.d.;n.d.;n.d.;n.d.;n.d.;n.d.;n.d.;n.d.;n.d.;n.d.;n.d.;n.d.;n.d.;n.d.;n.d.;n.d.;n.d.;n.d.;n.d.;n.d.;n.d.;n.d.;n.d.;n.d.;
